amount,previous_attempts,previous_successful_payments,previous_failed_payments,checkout_abandonment_minutes,hour_of_day,is_temporary_failure,failure_reason,recovered
6665,1,1,0,1,3,0,insufficient_funds,1
5000,2,2,0,0,3,1,temporary,1
10409,3,5,0,2,4,0,insufficient_funds,0
12588,2,1,1,0,22,0,insufficient_funds,0
5000,3,1,1,0,19,1,temporary,0
5000,1,1,0,2,22,1,temporary,1
5585,2,3,0,0,7,1,temporary,1
5000,2,3,1,0,8,1,temporary,1
5000,3,4,0,0,6,1,temporary,1
5000,1,1,1,30,18,0,checkout_abandoned,0
11841,1,4,1,10,18,0,checkout_abandoned,1
10697,1,1,1,5,22,0,checkout_abandoned,0
5250,1,4,2,0,6,0,checkout_abandoned,1
15172,3,2,0,5,22,1,network_error,0
7844,3,4,0,2,22,1,network_error,1
5000,1,3,2,0,2,0,card_declined,1
7106,3,0,0,30,8,0,checkout_abandoned,0
5000,2,1,3,1,4,0,insufficient_funds,0
11830,3,0,0,1,23,0,insufficient_funds,0
5000,1,2,2,10,11,0,insufficient_funds,1
5000,3,2,1,5,0,0,checkout_abandoned,0
5000,2,2,0,2,13,0,card_declined,1
16689,3,1,1,10,4,0,insufficient_funds,0
5000,2,1,1,5,8,0,card_declined,0
5000,3,0,0,2,13,0,insufficient_funds,0
5000,2,1,1,5,1,0,insufficient_funds,0
8369,3,1,1,0,21,0,insufficient_funds,0
7082,2,1,2,30,10,0,card_declined,0
7425,1,4,0,30,15,0,checkout_abandoned,1
7561,3,0,1,0,6,0,card_declined,1
41841,3,4,0,0,18,1,network_error,0
5000,2,3,1,10,10,1,network_error,1
5000,1,2,1,2,12,1,network_error,1
5000,3,4,2,0,6,0,checkout_abandoned,1
9099,3,1,1,30,4,0,checkout_abandoned,0
15198,3,1,0,2,10,0,card_declined,0
5000,3,3,3,0,7,1,network_error,0
5000,2,3,1,2,14,0,card_declined,0
5000,1,2,1,10,14,1,network_error,0
9420,1,2,0,1,8,0,insufficient_funds,1
10334,1,4,0,5,3,1,temporary,1
8460,1,1,0,0,5,0,card_declined,1
5000,3,2,1,0,6,1,network_error,0
6199,3,1,5,1,9,0,card_declined,0
5523,1,1,3,0,18,0,insufficient_funds,0
6116,2,2,0,0,6,0,card_declined,0
11747,1,1,2,2,17,0,checkout_abandoned,1
6146,2,1,1,1,1,1,temporary,0
9690,3,3,2,0,15,1,network_error,1
5258,3,1,1,0,15,0,checkout_abandoned,0
6562,3,3,0,1,19,1,network_error,1
9239,1,2,0,1,15,1,temporary,1
5000,3,3,1,30,7,0,insufficient_funds,0
5000,3,1,1,1,7,0,checkout_abandoned,0
5000,2,4,2,2,19,0,checkout_abandoned,0
5000,1,1,0,0,23,0,checkout_abandoned,1
5000,1,4,1,0,12,0,card_declined,1
21915,3,1,0,2,18,0,checkout_abandoned,1
5000,1,2,0,1,23,1,temporary,1
12942,1,0,1,0,21,1,temporary,1
5000,2,1,0,1,0,0,insufficient_funds,0
5000,1,0,0,2,11,1,temporary,1
5783,3,3,0,1,14,0,card_declined,0
8832,3,2,0,30,12,0,insufficient_funds,0
10008,1,2,1,0,14,1,temporary,1
10865,1,3,1,10,16,1,temporary,0
5000,1,2,0,30,5,1,temporary,0
5000,3,0,1,2,14,0,checkout_abandoned,1
11590,2,1,2,0,16,1,network_error,0
5000,2,1,1,1,16,0,insufficient_funds,1
5000,1,4,0,30,14,0,checkout_abandoned,0
5000,1,3,0,2,10,0,checkout_abandoned,1
5000,2,6,1,5,8,1,network_error,1
8080,1,2,3,1,3,0,checkout_abandoned,1
5667,2,1,1,2,18,1,network_error,1
9803,3,1,1,0,19,0,checkout_abandoned,0
5000,1,1,0,0,23,1,network_error,0
5759,2,1,0,0,9,1,temporary,1
9187,3,4,0,5,5,0,card_declined,0
5000,3,1,1,30,14,0,checkout_abandoned,0
7760,1,3,0,0,14,0,insufficient_funds,0
5000,1,0,2,0,8,1,temporary,0
5000,3,3,1,1,8,0,checkout_abandoned,0
5000,3,1,0,0,11,0,insufficient_funds,0
5000,1,1,0,2,10,0,checkout_abandoned,1
7998,2,4,0,0,15,0,insufficient_funds,1
5000,2,5,0,10,17,0,card_declined,1
5000,3,2,1,0,13,1,network_error,0
7948,3,2,2,1,16,0,checkout_abandoned,0
7681,2,0,1,0,3,1,network_error,0
9560,3,3,1,10,7,0,card_declined,0
5000,1,1,1,1,5,0,insufficient_funds,0
5000,1,2,1,30,19,0,checkout_abandoned,0
5000,3,0,0,2,4,0,card_declined,0
5000,1,5,0,10,20,0,checkout_abandoned,1
5000,3,2,1,30,13,0,insufficient_funds,0
5000,1,3,1,10,4,1,temporary,1
5000,2,2,2,5,9,1,temporary,0
7330,1,0,0,10,1,0,insufficient_funds,0
5000,3,1,1,10,5,0,card_declined,0
5000,2,4,0,5,14,1,temporary,1
18019,1,1,1,2,1,0,insufficient_funds,1
5000,2,1,0,2,12,0,checkout_abandoned,0
10275,1,2,1,0,18,1,temporary,1
5000,3,0,0,2,5,0,checkout_abandoned,1
5000,1,4,0,10,1,0,insufficient_funds,1
5000,2,1,2,10,14,0,checkout_abandoned,0
5000,2,4,1,1,9,0,card_declined,1
11387,1,0,0,1,9,1,network_error,1
5000,1,1,0,10,10,0,checkout_abandoned,0
7588,2,2,1,30,14,0,card_declined,0
6233,2,1,1,0,10,0,checkout_abandoned,0
5000,1,1,2,5,7,1,network_error,1
5000,1,1,1,1,3,0,insufficient_funds,1
5282,3,1,2,0,23,0,card_declined,0
5000,3,2,0,0,17,0,card_declined,1
6202,2,3,1,30,15,0,checkout_abandoned,0
5023,3,2,0,0,5,0,card_declined,1
24386,1,0,2,2,0,0,checkout_abandoned,0
5000,3,4,1,5,15,0,card_declined,1
5000,3,0,1,0,21,1,temporary,1
5879,1,2,0,10,9,0,insufficient_funds,1
6124,2,3,0,0,2,0,insufficient_funds,1
19133,3,0,1,10,12,1,network_error,0
11328,2,2,0,5,23,1,temporary,1
7022,1,1,1,10,10,1,network_error,0
21232,2,3,1,0,8,0,card_declined,1
5000,3,3,1,10,22,0,card_declined,0
5000,1,3,1,0,5,0,insufficient_funds,1
5000,2,2,1,10,8,1,network_error,1
5000,2,2,0,0,5,1,temporary,0
5000,2,1,2,5,3,0,checkout_abandoned,1
9275,1,3,1,30,21,1,network_error,1
5000,1,0,1,10,8,1,network_error,1
5000,3,3,1,0,19,0,insufficient_funds,0
5000,3,4,0,0,11,0,card_declined,0
6724,2,3,0,0,17,0,card_declined,0
11363,3,3,1,30,1,1,network_error,1
36196,3,2,1,0,13,0,checkout_abandoned,0
90568,2,4,1,2,22,0,card_declined,1
7438,2,0,1,2,23,1,network_error,1
5000,3,1,0,0,4,1,network_error,1
5000,2,3,0,0,18,0,card_declined,0
6423,3,7,0,1,22,0,insufficient_funds,1
5000,3,1,2,0,17,1,network_error,0
5000,1,4,0,10,9,0,checkout_abandoned,0
5000,2,0,0,30,3,1,network_error,1
5000,3,1,1,5,13,0,insufficient_funds,0
14270,3,3,2,1,0,0,checkout_abandoned,0
5750,2,2,1,0,16,1,network_error,1
5000,3,2,1,0,9,0,card_declined,0
5000,2,1,0,1,1,0,card_declined,0
5000,2,1,0,0,16,0,insufficient_funds,0
5000,1,1,1,10,9,1,network_error,0
5000,1,2,1,1,12,0,insufficient_funds,1
28794,3,3,0,5,6,0,insufficient_funds,0
5598,3,3,1,2,10,1,network_error,1
13131,3,1,0,0,4,0,checkout_abandoned,0
5000,3,0,0,5,4,1,temporary,1
5000,1,3,1,5,16,0,checkout_abandoned,1
5000,2,1,1,1,19,1,network_error,1
5000,2,2,1,5,3,0,checkout_abandoned,1
41293,3,0,1,30,3,1,network_error,0
5000,2,2,1,0,13,0,card_declined,1
11367,3,2,1,30,13,1,temporary,1
5000,3,1,0,0,9,0,checkout_abandoned,0
12476,3,2,0,0,23,0,insufficient_funds,0
7222,3,1,0,1,23,1,network_error,1
5000,3,3,0,10,15,0,insufficient_funds,1
5000,1,5,1,5,21,1,temporary,1
5000,2,4,1,0,10,0,insufficient_funds,0
7677,2,2,0,30,0,0,card_declined,0
5000,1,1,0,30,2,0,checkout_abandoned,0
5000,2,2,1,30,19,0,card_declined,0
5000,2,1,1,2,3,1,network_error,1
5840,2,1,1,5,4,0,insufficient_funds,1
23839,1,2,2,2,16,0,insufficient_funds,1
5767,2,1,1,1,11,0,checkout_abandoned,1
5000,2,0,1,2,5,0,insufficient_funds,0
6540,1,1,1,0,19,0,checkout_abandoned,1
18142,2,0,0,0,17,0,insufficient_funds,0
6120,1,5,1,2,6,0,insufficient_funds,1
5000,1,4,0,1,4,0,checkout_abandoned,1
14857,2,4,0,1,17,0,insufficient_funds,1
7545,2,1,3,30,5,0,card_declined,0
22828,3,1,0,5,5,1,temporary,0
5903,1,2,0,0,21,1,network_error,1
5000,2,2,3,30,20,1,temporary,0
5000,3,1,3,10,23,1,network_error,0
25614,1,3,0,0,10,1,temporary,0
27547,3,2,2,10,17,0,insufficient_funds,0
5000,3,3,0,0,4,1,network_error,1
5000,3,0,3,0,23,1,network_error,0
21193,3,0,2,2,1,0,checkout_abandoned,0
5000,1,2,0,30,20,0,card_declined,1
5000,2,2,0,0,14,0,insufficient_funds,1
9351,3,0,4,2,22,1,temporary,0
5000,1,1,1,0,16,0,insufficient_funds,1
5000,2,1,2,0,4,0,checkout_abandoned,0
5000,3,2,0,2,16,1,temporary,0
6888,3,3,0,0,17,1,temporary,0
20080,2,4,2,0,11,0,insufficient_funds,0
5380,3,1,1,0,14,0,insufficient_funds,0
9357,3,1,0,1,9,0,insufficient_funds,1
5000,1,1,1,0,6,1,network_error,0
5000,1,1,0,30,14,1,network_error,1
5000,3,4,1,1,12,1,temporary,0
5000,1,1,0,1,0,1,network_error,1
5000,1,4,0,0,18,0,insufficient_funds,0
5000,2,2,2,0,5,0,insufficient_funds,1
12282,3,1,1,0,1,0,card_declined,0
5000,3,3,0,10,6,1,temporary,1
5067,1,1,0,2,21,0,checkout_abandoned,0
5000,2,1,1,0,18,0,card_declined,0
5000,3,4,2,0,10,1,temporary,0
13396,1,1,1,0,10,0,checkout_abandoned,0
8417,2,2,1,0,10,0,card_declined,1
18720,2,1,0,30,1,1,temporary,1
5000,3,0,1,0,8,0,card_declined,0
5000,3,2,2,10,21,1,temporary,1
5000,3,4,0,1,15,1,temporary,1
6263,1,1,2,0,9,0,card_declined,0
5863,2,2,2,0,23,1,temporary,0
5000,3,3,0,5,1,1,temporary,1
5380,2,3,2,5,20,0,card_declined,0
6174,3,0,0,1,10,0,insufficient_funds,0
60929,2,4,1,30,12,1,network_error,1
32107,2,1,1,30,22,1,temporary,1
5000,1,3,2,10,22,0,insufficient_funds,0
5000,3,2,2,2,19,1,temporary,0
5000,3,0,0,2,12,1,network_error,0
5000,3,2,0,5,14,0,card_declined,0
6738,1,2,0,2,21,1,temporary,1
16413,1,1,2,0,18,0,checkout_abandoned,0
5000,1,5,0,5,7,0,insufficient_funds,1
5000,1,2,0,0,12,1,network_error,1
5000,1,3,2,5,19,0,insufficient_funds,0
5000,1,2,2,0,19,1,temporary,0
5000,3,3,0,0,7,0,checkout_abandoned,0
5000,1,3,2,2,20,1,network_error,1
5000,2,4,2,10,13,0,checkout_abandoned,0
5000,2,2,2,2,8,1,temporary,0
5000,2,2,1,0,11,1,network_error,0
5000,3,2,1,0,10,1,temporary,0
41325,1,3,0,1,1,0,insufficient_funds,1
5000,3,2,1,0,5,0,card_declined,0
5000,3,1,0,30,3,1,temporary,0
30850,1,0,0,1,16,0,checkout_abandoned,1
89775,3,3,3,30,10,1,network_error,0
5000,2,3,2,0,3,0,checkout_abandoned,0
5000,3,2,0,1,14,1,network_error,0
6915,1,4,0,10,11,0,insufficient_funds,1
27686,1,1,0,0,16,0,checkout_abandoned,0
5000,2,2,1,10,23,0,checkout_abandoned,0
5000,3,1,1,10,23,0,insufficient_funds,0
10692,1,1,1,2,11,0,card_declined,1
7591,3,2,1,0,0,0,checkout_abandoned,1
5000,3,3,0,30,1,0,checkout_abandoned,1
5000,2,4,1,1,3,0,card_declined,1
5000,3,1,0,2,0,0,checkout_abandoned,1
5000,3,0,0,5,15,1,temporary,1
5000,1,1,0,1,22,0,insufficient_funds,0
6199,3,3,0,0,18,0,checkout_abandoned,0
5000,3,0,1,2,16,1,network_error,0
7875,1,2,1,2,7,0,checkout_abandoned,1
13530,2,2,1,0,17,0,insufficient_funds,0
5741,2,3,1,0,12,1,temporary,1
6986,3,1,1,0,8,0,checkout_abandoned,0
5183,3,2,0,0,1,0,insufficient_funds,0
5000,2,2,0,2,12,0,card_declined,0
5000,1,3,0,2,10,1,network_error,1
6744,1,3,3,0,13,1,network_error,0
5000,1,3,0,10,11,0,card_declined,1
39861,2,3,1,10,18,1,network_error,0
23702,3,3,0,0,21,0,card_declined,0
7228,1,1,1,0,12,0,insufficient_funds,0
5000,3,2,3,10,8,1,network_error,1
5000,2,2,0,1,7,0,checkout_abandoned,1
16173,1,1,2,1,21,1,network_error,0
6391,1,0,4,1,12,0,card_declined,0
7943,1,0,2,30,23,0,card_declined,0
5000,3,2,1,0,16,1,temporary,0
12424,1,1,1,30,13,0,card_declined,0
7742,3,1,1,0,1,1,temporary,1
5000,2,0,0,30,17,0,checkout_abandoned,1
5000,1,0,2,1,11,0,checkout_abandoned,0
6397,1,3,1,10,2,1,network_error,1
5179,2,3,0,0,8,1,network_error,1
5000,2,6,0,0,10,1,network_error,1
5000,3,1,3,0,21,0,checkout_abandoned,0
5000,2,1,1,2,15,0,checkout_abandoned,1
5724,1,1,1,0,9,1,temporary,1
21407,1,0,0,1,23,1,temporary,1
5000,2,2,2,2,15,1,temporary,1
5000,2,4,1,1,23,0,card_declined,0
5863,3,0,1,10,10,1,network_error,0
6607,3,2,1,2,20,1,network_error,0
5000,2,2,2,10,19,1,network_error,1
5000,2,1,0,2,17,0,card_declined,0
6822,3,0,1,0,22,0,checkout_abandoned,0
27649,1,5,0,0,13,0,checkout_abandoned,1
5000,2,1,1,5,2,1,network_error,1
11658,1,3,1,30,9,0,checkout_abandoned,1
5000,2,0,0,30,0,0,insufficient_funds,1
5000,3,4,0,0,6,0,checkout_abandoned,0
5000,1,3,0,1,16,0,checkout_abandoned,1
5000,1,2,1,2,3,1,temporary,1
18034,1,0,2,30,15,0,insufficient_funds,0
8801,1,1,0,0,15,0,insufficient_funds,1
27786,1,4,0,10,13,0,checkout_abandoned,0
15953,3,1,1,10,16,0,insufficient_funds,0
7624,3,1,1,0,10,1,temporary,0
28111,2,0,1,0,15,1,network_error,0
7623,3,0,1,1,17,0,insufficient_funds,0
11248,3,0,0,10,14,1,network_error,1
5000,3,5,2,30,16,0,card_declined,0
5252,3,4,0,0,18,0,insufficient_funds,1
5000,1,3,2,0,9,0,checkout_abandoned,1
13221,2,3,0,1,21,1,temporary,1
5000,2,0,1,0,7,0,insufficient_funds,1
10746,2,1,0,2,1,0,checkout_abandoned,1
5000,3,1,0,0,23,0,insufficient_funds,1
15855,1,2,1,1,20,1,temporary,1
10413,3,2,0,0,9,1,network_error,1
30352,3,0,0,0,5,0,card_declined,0
10206,1,2,0,0,5,0,insufficient_funds,0
5000,2,3,1,0,13,0,insufficient_funds,0
5000,3,4,0,1,23,0,checkout_abandoned,1
5000,1,1,3,0,7,0,checkout_abandoned,1
5000,1,0,1,10,16,1,temporary,0
22275,3,2,1,1,8,0,insufficient_funds,1
9297,1,2,0,0,13,1,temporary,0
5000,3,2,0,2,15,1,temporary,1
5000,3,3,1,10,18,1,network_error,0
5078,2,0,1,1,17,0,insufficient_funds,0
5000,2,0,3,30,5,0,checkout_abandoned,1
5000,2,2,1,0,2,0,insufficient_funds,0
6714,2,3,0,1,13,0,card_declined,0
15604,2,1,0,1,9,1,temporary,1
9034,2,1,1,30,6,1,network_error,1
5000,3,0,0,5,4,0,insufficient_funds,1
6663,3,0,0,2,20,0,checkout_abandoned,0
5281,3,3,1,0,2,1,temporary,1
7434,1,1,1,0,3,1,temporary,0
24740,1,3,1,30,8,0,card_declined,0
5000,3,2,0,0,5,0,checkout_abandoned,1
5000,2,2,1,5,1,1,network_error,1
8874,2,3,1,2,5,0,insufficient_funds,1
5000,1,3,1,5,8,0,checkout_abandoned,1
21503,1,2,2,30,10,0,card_declined,1
7103,1,4,0,0,12,0,insufficient_funds,1
11459,2,2,1,0,3,1,network_error,1
5000,2,2,2,0,23,0,insufficient_funds,0
11089,2,1,3,2,13,0,card_declined,0
14306,1,3,0,0,9,0,checkout_abandoned,1
6203,1,2,2,10,17,1,network_error,1
6213,3,0,0,2,22,0,card_declined,0
6440,2,2,0,30,0,1,temporary,1
5000,1,0,0,0,12,0,insufficient_funds,1
5000,2,2,0,30,21,0,card_declined,1
5000,2,3,1,1,5,1,network_error,1
7211,2,1,1,0,20,1,temporary,1
13357,1,1,0,10,14,0,checkout_abandoned,0
5000,3,1,1,0,1,0,checkout_abandoned,1
5000,1,1,1,5,20,0,card_declined,1
21621,3,2,0,0,1,0,card_declined,0
5000,2,2,1,5,17,0,insufficient_funds,0
5000,2,1,0,0,13,1,temporary,0
6016,2,1,1,0,19,1,network_error,0
11434,2,2,0,10,7,0,insufficient_funds,0
5000,2,3,0,0,2,0,insufficient_funds,1
18563,2,2,1,5,11,1,network_error,0
11577,1,3,1,0,17,0,card_declined,1
11405,2,1,0,30,13,1,temporary,1
8553,1,5,1,2,2,0,insufficient_funds,1
50395,1,5,1,1,15,1,network_error,1
5000,3,0,0,30,9,0,checkout_abandoned,1
5000,1,1,1,1,17,1,network_error,1
24446,2,1,2,0,22,1,temporary,0
5000,1,6,0,0,20,0,card_declined,0
5474,2,2,0,5,23,1,temporary,0
18206,2,2,0,1,14,1,network_error,0
5000,1,0,0,2,17,0,card_declined,1
5000,3,2,0,10,2,1,temporary,1
5000,1,1,1,5,4,1,network_error,0
5000,2,1,0,5,3,0,checkout_abandoned,1
7628,2,1,0,2,17,1,network_error,1
8301,2,5,1,10,14,1,network_error,0
6478,2,0,4,5,22,0,card_declined,0
5000,2,1,0,10,17,1,network_error,0
5000,1,2,1,5,20,0,checkout_abandoned,0
5189,3,2,0,0,18,0,card_declined,1
5000,1,2,2,30,15,1,network_error,0
7780,2,0,0,0,12,0,insufficient_funds,1
9916,2,0,1,5,3,1,temporary,0
5643,2,0,1,5,14,0,insufficient_funds,0
10510,1,0,0,5,12,0,card_declined,1
6180,3,1,0,1,23,1,temporary,1
8350,2,7,1,1,21,1,network_error,1
5000,1,2,1,0,8,0,card_declined,0
5000,1,0,0,0,4,1,temporary,1
5983,2,1,0,0,5,0,insufficient_funds,0
11164,2,1,0,30,11,0,checkout_abandoned,0
5000,2,2,1,30,23,1,temporary,0
8276,3,1,1,0,20,1,network_error,1
5000,3,2,1,10,22,1,temporary,0
5000,3,0,0,5,5,1,temporary,1
11265,3,1,0,0,0,0,insufficient_funds,1
5000,3,3,0,0,16,1,network_error,1
5000,3,3,0,5,9,0,card_declined,1
5000,2,1,0,0,11,1,network_error,1
5000,2,0,1,0,17,1,temporary,0
5000,2,2,3,0,23,0,checkout_abandoned,0
10398,1,6,0,0,4,0,insufficient_funds,1
5000,3,0,1,0,14,0,checkout_abandoned,0
5989,2,1,1,0,0,1,temporary,1
14606,2,2,0,10,12,1,network_error,1
18540,3,1,0,0,0,0,card_declined,0
5000,3,2,0,0,19,0,checkout_abandoned,0
19026,3,1,2,30,13,0,checkout_abandoned,0
5389,3,1,0,1,6,0,card_declined,0
5000,3,2,1,0,5,1,temporary,1
5000,1,2,0,2,15,0,checkout_abandoned,0
5000,1,2,0,2,6,0,card_declined,1
5000,1,1,1,1,9,0,insufficient_funds,0
5000,3,4,0,10,0,1,network_error,1
10977,3,3,0,5,8,0,insufficient_funds,1
27467,3,4,1,0,17,0,checkout_abandoned,0
5000,3,3,2,0,1,0,card_declined,0
7279,3,1,0,2,20,0,insufficient_funds,0
5000,3,1,0,5,6,0,insufficient_funds,1
7900,3,2,2,1,17,1,network_error,1
5000,1,2,3,1,3,0,insufficient_funds,0
5000,2,1,2,0,3,0,card_declined,0
12435,2,2,2,2,20,0,card_declined,0
5000,2,1,1,0,22,0,card_declined,0
5000,2,1,0,1,6,1,network_error,1
5000,1,3,0,10,23,0,checkout_abandoned,1
5000,1,2,3,30,19,1,network_error,0
7539,1,1,1,1,6,0,insufficient_funds,0
5000,1,2,3,0,19,0,insufficient_funds,1
6827,3,2,1,0,23,0,insufficient_funds,0
7058,2,0,1,10,7,1,network_error,1
18410,3,0,0,1,10,0,checkout_abandoned,0
5000,3,2,1,0,6,0,insufficient_funds,0
5000,3,4,1,10,1,1,temporary,0
14288,1,1,0,1,22,0,insufficient_funds,1
5000,2,2,0,5,13,0,card_declined,0
14981,1,1,0,0,4,0,insufficient_funds,0
7211,1,3,0,30,12,0,checkout_abandoned,1
5000,1,2,1,0,18,1,network_error,0
6965,1,1,0,10,20,0,checkout_abandoned,1
34579,1,0,2,0,18,0,checkout_abandoned,0
39221,3,3,1,0,8,1,network_error,1
5267,2,1,0,1,22,1,network_error,1
5768,2,1,0,0,18,0,card_declined,0
14418,2,3,0,2,10,1,network_error,1
5000,3,3,1,1,18,1,temporary,1
6857,1,2,1,0,23,0,insufficient_funds,1
5000,2,3,0,1,0,0,insufficient_funds,0
6727,1,1,0,2,14,0,insufficient_funds,0
5000,2,1,1,2,16,0,insufficient_funds,1
5000,2,1,1,0,20,1,temporary,0
5000,3,3,0,5,11,0,card_declined,1
5000,2,2,2,0,8,0,card_declined,1
5000,1,3,0,0,4,0,checkout_abandoned,1
5000,2,1,3,10,9,0,checkout_abandoned,1
34106,3,2,2,30,10,1,temporary,0
14853,2,0,1,0,19,0,card_declined,0
5000,2,3,0,1,20,0,checkout_abandoned,1
6958,1,1,1,0,12,0,insufficient_funds,0
5000,1,1,0,5,16,0,card_declined,1
5000,1,2,2,2,17,0,insufficient_funds,0
5915,1,4,0,1,15,1,temporary,1
9128,2,0,0,5,18,0,card_declined,0
5000,3,4,0,5,1,0,checkout_abandoned,1
14240,2,1,1,30,11,0,card_declined,1
5000,2,2,1,30,16,0,checkout_abandoned,1
5000,3,4,3,1,12,0,insufficient_funds,0
66017,3,3,2,0,18,0,checkout_abandoned,0
6143,2,2,0,30,7,1,temporary,1
20603,3,4,1,1,22,0,checkout_abandoned,1
5385,1,1,1,30,2,1,network_error,0
8784,2,2,0,5,19,1,network_error,1
5000,2,2,1,2,17,1,temporary,0
5000,3,3,0,10,1,1,network_error,0
5000,2,0,2,10,5,0,insufficient_funds,0
7557,3,1,0,5,22,1,network_error,1
5000,1,1,2,2,16,1,temporary,0
9562,1,0,0,0,19,1,network_error,0
14549,3,2,1,0,20,1,temporary,0
7090,3,5,3,5,0,0,checkout_abandoned,0
5000,3,0,0,1,20,0,insufficient_funds,0
7738,1,1,1,2,17,0,card_declined,1
5000,1,5,0,5,5,0,checkout_abandoned,1
12525,1,2,0,0,7,1,network_error,1
5000,2,2,1,0,9,0,checkout_abandoned,0
5000,2,2,0,2,14,0,insufficient_funds,1
5000,3,2,0,30,6,1,network_error,1
5000,3,2,1,2,6,0,insufficient_funds,0
19222,3,0,2,5,12,0,checkout_abandoned,0
12030,1,2,2,0,17,1,network_error,0
5000,1,2,0,0,10,1,network_error,1
5000,2,1,2,0,4,0,checkout_abandoned,0
5000,2,2,3,30,2,1,network_error,0
5000,3,1,1,10,20,0,card_declined,1
55293,1,1,0,0,11,1,temporary,1
7592,1,3,0,0,1,0,insufficient_funds,1
5000,1,3,0,10,8,0,checkout_abandoned,1
7825,3,3,2,0,0,1,temporary,0
5000,3,4,0,0,4,1,network_error,1
5000,3,1,3,5,3,0,insufficient_funds,1
5428,2,3,0,0,22,0,card_declined,0
5000,1,0,3,0,9,0,card_declined,0
10837,3,1,0,2,4,1,network_error,0
6937,1,0,0,0,15,0,insufficient_funds,0
9588,1,2,0,30,23,0,card_declined,0
5000,3,2,1,30,11,1,temporary,0
12062,2,1,1,10,4,1,temporary,1
25057,1,1,0,2,11,1,network_error,1
5000,2,1,1,2,14,0,insufficient_funds,1
5000,1,1,2,0,20,1,temporary,0
18690,1,1,0,0,3,0,checkout_abandoned,1
5000,3,0,2,0,13,0,checkout_abandoned,0
20006,1,2,0,0,1,1,temporary,1
5000,3,1,0,0,12,0,card_declined,1
21058,2,1,1,5,0,1,network_error,1
5605,2,2,0,5,10,1,temporary,1
6362,3,1,0,5,11,0,card_declined,1
23499,2,3,1,0,23,0,insufficient_funds,1
5000,1,2,0,0,4,0,card_declined,1
5000,3,0,1,0,5,0,checkout_abandoned,0
5000,2,1,0,10,13,0,insufficient_funds,0
7725,2,5,0,30,3,0,insufficient_funds,1
5000,2,0,0,0,1,0,checkout_abandoned,0
9297,2,3,0,5,11,0,checkout_abandoned,1
5000,2,4,0,30,5,0,card_declined,1
15487,3,4,0,10,16,0,checkout_abandoned,1
5000,1,4,2,0,2,1,network_error,1
5000,2,1,1,5,0,0,checkout_abandoned,0
5000,2,3,1,10,5,0,insufficient_funds,0
5000,2,3,0,30,20,1,network_error,0
6295,1,1,0,5,13,1,temporary,1
5000,2,2,0,0,6,1,network_error,1
5000,1,2,0,5,14,0,card_declined,0
5000,2,2,0,0,15,1,temporary,1
6023,3,2,1,0,10,0,card_declined,1
5000,2,3,0,0,4,0,checkout_abandoned,1
9965,3,2,1,2,8,1,network_error,0
9534,2,4,0,0,20,0,checkout_abandoned,1
7223,1,3,1,0,16,0,card_declined,0
8574,2,1,1,10,8,1,network_error,0
6610,1,2,0,1,21,0,checkout_abandoned,1
37611,3,2,3,2,4,0,insufficient_funds,0
5000,3,0,2,1,4,0,insufficient_funds,0
5000,2,1,3,0,0,1,network_error,0
5000,3,3,5,2,2,0,card_declined,0
5000,1,2,2,0,7,0,checkout_abandoned,0
5000,1,0,1,5,1,1,temporary,1
5000,1,3,1,5,9,1,temporary,1
5000,2,5,1,5,1,0,insufficient_funds,1
6865,1,5,1,1,0,0,insufficient_funds,1
5172,2,1,1,1,13,1,network_error,1
5000,3,3,2,10,13,0,card_declined,0
12090,2,0,1,1,19,1,temporary,0
10294,2,1,2,30,10,1,network_error,0
5000,1,5,0,5,20,1,temporary,1
5000,1,2,1,10,11,0,checkout_abandoned,0
8505,3,4,1,5,6,1,network_error,1
5931,3,3,2,0,3,0,card_declined,0
5000,1,2,1,1,11,1,network_error,1
5000,1,1,1,5,9,0,card_declined,0
6387,3,3,0,2,12,0,card_declined,1
5000,1,4,1,2,23,1,temporary,1
5942,2,1,0,30,1,0,insufficient_funds,1
5000,3,2,1,10,8,0,card_declined,1
18698,3,3,0,0,3,0,card_declined,0
17119,2,2,0,0,19,1,temporary,1
5000,2,1,0,0,12,1,temporary,1
7068,3,3,0,5,2,0,card_declined,1
5000,3,2,0,1,19,1,temporary,1
5000,3,4,0,2,2,0,card_declined,0
5000,2,4,1,10,18,0,insufficient_funds,0
5000,3,2,3,1,23,1,network_error,0
10040,3,2,0,5,12,1,network_error,1
36217,1,3,1,0,15,0,checkout_abandoned,1
5000,1,3,2,10,0,0,card_declined,0
5000,3,2,0,0,15,1,network_error,0
6219,1,1,2,2,3,0,checkout_abandoned,1
24615,3,2,1,10,10,0,insufficient_funds,0
5000,2,3,0,5,12,0,card_declined,0
6304,1,4,1,0,18,0,checkout_abandoned,1
30372,2,1,1,10,18,0,insufficient_funds,1
5000,3,4,2,1,22,0,checkout_abandoned,0
5000,3,3,2,2,18,0,insufficient_funds,1
5000,2,4,0,1,1,0,insufficient_funds,0
5000,1,2,1,0,16,0,insufficient_funds,0
11076,3,2,0,0,4,1,temporary,0
6258,3,8,1,30,22,1,temporary,1
5000,2,2,2,5,20,0,card_declined,0
8228,2,3,0,30,7,0,insufficient_funds,1
5000,2,4,0,0,1,0,insufficient_funds,1
17578,1,3,1,0,21,0,checkout_abandoned,1
5000,1,1,2,2,8,0,insufficient_funds,0
5000,1,5,1,2,20,1,temporary,1
8443,3,4,0,0,1,0,card_declined,1
10539,1,0,1,0,6,0,insufficient_funds,0
7693,2,3,0,1,9,0,checkout_abandoned,0
5000,2,0,1,0,3,0,insufficient_funds,0
8417,1,2,1,2,10,0,card_declined,0
5000,3,1,1,0,22,1,temporary,1
6218,1,1,1,10,4,0,checkout_abandoned,1
5000,3,3,2,2,10,0,card_declined,1
7679,3,1,0,0,1,0,checkout_abandoned,0
5000,3,8,1,2,15,1,temporary,1
5000,1,2,0,0,10,0,insufficient_funds,1
10034,3,1,1,1,12,1,network_error,0
6258,2,3,0,0,12,1,temporary,1
5000,2,2,1,1,15,0,checkout_abandoned,1
20976,3,4,2,0,17,0,insufficient_funds,0
5000,2,2,3,0,23,0,checkout_abandoned,0
5075,1,3,0,1,17,0,insufficient_funds,1
6431,1,3,1,10,20,0,card_declined,1
5000,2,5,1,30,1,0,insufficient_funds,1
7872,2,1,1,30,2,1,temporary,1
5000,1,4,1,0,10,1,network_error,1
5000,1,0,0,0,3,1,network_error,1
19199,3,2,0,0,20,1,network_error,1
5000,2,0,2,2,20,1,network_error,0
5000,3,1,1,30,14,0,insufficient_funds,1
24610,1,2,0,0,11,0,insufficient_funds,0
62901,1,6,0,5,20,0,insufficient_funds,1
5000,1,2,0,0,13,0,card_declined,1
5000,2,1,1,0,22,0,checkout_abandoned,0
5000,3,2,0,2,19,0,card_declined,1
5000,2,1,0,5,8,1,network_error,1
5000,1,1,0,10,15,0,checkout_abandoned,1
5000,3,2,1,5,3,1,network_error,0
8774,2,0,0,2,1,0,checkout_abandoned,0
8304,2,1,0,10,2,0,insufficient_funds,0
5000,1,4,2,2,23,0,checkout_abandoned,0
9889,2,2,2,0,3,0,checkout_abandoned,0
38280,2,2,0,0,4,1,temporary,1
5836,3,4,2,2,16,1,network_error,1
5000,1,2,1,0,4,0,card_declined,1
5000,1,4,1,5,2,1,network_error,1
9092,3,1,0,10,16,1,temporary,0
5000,2,1,0,30,22,0,checkout_abandoned,1
5792,1,2,1,0,3,1,temporary,1
5000,1,1,0,2,15,1,network_error,1
31189,2,3,1,30,12,0,checkout_abandoned,1
5000,2,3,0,0,22,0,card_declined,0
26052,1,5,1,10,22,1,network_error,1
5000,2,3,0,30,13,0,checkout_abandoned,1
8841,3,1,0,0,21,0,insufficient_funds,1
6764,3,4,0,1,4,0,checkout_abandoned,1
5000,2,3,0,0,14,1,network_error,0
5868,2,1,1,1,4,1,network_error,0
16523,2,6,1,10,0,0,card_declined,0
5000,1,3,2,0,18,0,checkout_abandoned,1
5000,1,3,1,10,13,0,card_declined,0
5000,3,3,0,10,0,0,checkout_abandoned,1
5000,1,1,0,0,19,0,checkout_abandoned,0
5000,3,3,1,2,21,0,checkout_abandoned,0
5000,1,0,0,0,9,0,checkout_abandoned,0
5000,3,3,3,30,0,0,card_declined,0
5000,3,2,1,5,7,0,checkout_abandoned,0
7959,3,3,0,2,14,0,insufficient_funds,0
5000,3,5,1,5,1,0,checkout_abandoned,0
5000,1,3,1,0,9,1,network_error,1
10773,2,4,0,2,5,1,temporary,1
6453,2,2,0,10,14,0,card_declined,1
5000,2,2,1,30,4,1,network_error,0
5000,1,0,1,0,18,0,insufficient_funds,1
11336,3,1,1,30,7,0,insufficient_funds,1
6969,1,4,1,0,2,0,card_declined,0
53241,3,2,0,10,6,0,insufficient_funds,0
7481,3,3,0,30,22,0,card_declined,0
7242,1,2,1,10,19,0,insufficient_funds,0
5000,3,3,0,30,14,0,card_declined,1
11123,2,1,1,2,4,1,network_error,0
9182,1,3,3,10,9,1,temporary,1
17183,3,0,1,30,11,1,temporary,1
5000,1,0,0,0,23,0,checkout_abandoned,0
5000,1,2,1,5,7,0,insufficient_funds,1
5000,3,3,1,5,19,0,checkout_abandoned,1
10837,3,2,0,1,6,0,insufficient_funds,0
21990,1,1,1,2,3,0,card_declined,0
5000,1,2,2,5,18,0,checkout_abandoned,0
5000,1,3,0,1,2,0,insufficient_funds,0
6728,1,1,0,2,18,1,network_error,1
5000,1,0,1,1,22,0,checkout_abandoned,0
12734,2,5,1,1,3,1,temporary,1
5000,1,6,0,1,14,0,card_declined,0
5000,1,1,0,1,3,1,temporary,1
5000,1,2,0,0,11,0,insufficient_funds,0
5000,3,3,2,0,11,1,network_error,0
5000,3,1,1,2,1,1,temporary,1
5000,3,1,3,1,4,0,checkout_abandoned,0
5000,2,4,0,0,13,0,checkout_abandoned,1
14957,2,1,0,2,20,1,network_error,0
5000,2,1,0,10,6,1,temporary,0
5000,3,4,2,0,20,1,network_error,1
5000,3,2,0,30,4,0,checkout_abandoned,1
14033,3,3,0,2,0,0,checkout_abandoned,1
5000,2,2,1,1,9,0,card_declined,0
5000,3,1,0,10,0,0,card_declined,0
8591,3,4,0,30,0,0,insufficient_funds,1
5000,3,3,1,30,7,1,network_error,1
9390,2,2,2,10,14,0,card_declined,0
5000,2,2,2,5,23,1,temporary,1
9913,2,1,0,10,14,0,card_declined,0
5000,2,0,0,10,16,0,insufficient_funds,0
5000,2,0,0,30,16,0,checkout_abandoned,0
5000,1,0,0,10,12,0,checkout_abandoned,0
5000,3,2,1,0,0,1,network_error,0
5000,2,2,3,30,8,1,network_error,0
9757,3,2,0,10,4,1,network_error,0
5000,1,1,0,10,13,1,network_error,0
5000,3,3,0,0,18,0,checkout_abandoned,0
5000,3,2,1,0,10,1,temporary,0
15184,1,2,0,30,13,1,network_error,1
5000,2,1,1,2,15,0,insufficient_funds,0
5000,3,1,2,2,0,1,temporary,0
5000,3,2,1,5,17,1,network_error,1
21187,3,6,0,5,17,1,temporary,1
6519,2,2,1,0,23,1,network_error,1
10586,1,1,3,0,9,1,network_error,1
5000,3,3,0,2,23,0,insufficient_funds,1
5000,3,3,0,0,6,0,checkout_abandoned,0
7691,3,0,0,30,9,0,checkout_abandoned,1
5209,1,3,0,0,18,0,insufficient_funds,1
8507,2,0,0,1,11,0,insufficient_funds,0
5000,1,2,1,0,8,1,temporary,1
6490,3,3,0,0,13,0,insufficient_funds,1
5756,3,0,1,1,10,0,card_declined,1
10697,1,2,0,10,2,0,checkout_abandoned,0
11014,1,5,0,0,20,0,insufficient_funds,0
5000,2,3,0,1,18,0,insufficient_funds,1
5000,2,0,0,30,3,0,checkout_abandoned,0
13383,2,0,0,1,5,1,temporary,1
16118,2,1,1,10,13,0,card_declined,1
5000,3,4,0,30,10,0,checkout_abandoned,1
5000,3,4,2,2,2,1,network_error,1
5426,3,1,2,2,8,0,insufficient_funds,0
12466,2,0,0,10,23,0,checkout_abandoned,0
29661,3,2,0,5,6,0,checkout_abandoned,0
8236,3,3,0,2,7,1,network_error,1
5000,1,1,3,30,19,1,network_error,0
5000,3,3,4,30,21,0,checkout_abandoned,0
5000,2,1,0,0,4,1,network_error,1
5000,2,1,1,5,8,1,network_error,1
5000,3,3,3,0,20,0,insufficient_funds,0
38129,3,3,1,5,20,0,card_declined,1
29294,3,2,1,0,9,1,temporary,1
15306,3,1,2,0,18,1,temporary,0
5000,2,3,1,10,7,0,insufficient_funds,0
11556,2,2,1,10,5,0,checkout_abandoned,1
9317,2,1,1,1,22,0,insufficient_funds,1
7650,3,1,0,10,15,0,card_declined,1
17148,1,2,0,1,18,0,checkout_abandoned,1
9277,2,1,0,0,5,0,checkout_abandoned,0
10301,3,3,1,10,0,1,network_error,1
9291,1,0,0,0,0,0,checkout_abandoned,0
6910,2,4,1,10,16,0,checkout_abandoned,0
5000,1,2,1,30,7,1,temporary,0
5343,1,2,0,0,12,0,insufficient_funds,0
5000,2,4,0,30,17,1,temporary,1
5000,1,3,0,2,18,0,card_declined,1
26418,1,1,2,2,4,0,checkout_abandoned,0
27694,2,5,1,0,13,0,checkout_abandoned,1
19133,2,0,1,0,15,0,card_declined,0
6343,1,6,2,0,13,0,card_declined,1
18970,2,2,0,1,18,0,checkout_abandoned,1
5000,1,0,0,10,8,1,temporary,1
6019,2,2,0,0,7,0,insufficient_funds,0
5000,1,3,2,0,7,1,network_error,0
7309,1,3,1,10,2,0,insufficient_funds,0
5220,2,1,0,1,1,1,temporary,0
5000,3,3,1,0,14,0,card_declined,1
5000,2,6,1,30,23,0,insufficient_funds,1
5000,2,1,1,0,3,0,insufficient_funds,0
29660,2,2,2,0,6,0,insufficient_funds,0
12018,1,0,1,2,0,0,checkout_abandoned,0
5000,1,0,1,0,5,1,network_error,0
6303,2,1,1,5,3,0,insufficient_funds,0
5136,2,4,0,5,23,0,checkout_abandoned,0
5000,2,1,2,30,6,0,checkout_abandoned,0
5000,3,4,0,0,22,1,network_error,1
5000,2,3,0,1,16,1,network_error,1
5000,1,3,3,5,7,0,card_declined,0
5000,2,1,0,0,7,0,checkout_abandoned,1
8194,2,1,1,0,2,0,checkout_abandoned,0
7268,1,1,0,0,22,0,card_declined,1
5000,2,0,0,5,19,0,insufficient_funds,0
5000,3,2,2,5,17,1,temporary,1
13302,2,3,0,0,0,0,insufficient_funds,1
14174,2,2,1,0,23,0,insufficient_funds,0
13709,1,5,0,1,5,1,network_error,1
5109,1,1,2,5,15,0,insufficient_funds,0
5000,1,2,2,10,13,0,checkout_abandoned,1
5000,3,6,2,1,0,0,checkout_abandoned,1
6936,3,3,0,10,9,0,insufficient_funds,1
7181,2,1,1,1,3,0,insufficient_funds,0
17806,3,2,3,2,4,0,insufficient_funds,0
14764,2,2,1,0,6,1,temporary,0
5000,2,1,0,5,0,1,network_error,1
5000,2,4,1,30,16,0,checkout_abandoned,0
5000,1,4,3,0,17,1,temporary,1
6107,2,0,2,5,15,1,network_error,0
5000,3,2,0,1,10,0,checkout_abandoned,1
5000,2,3,1,2,4,0,insufficient_funds,0
6328,3,5,1,2,14,1,network_error,0
5000,1,4,1,1,16,0,card_declined,1
5000,1,1,2,5,5,0,insufficient_funds,0
6710,1,2,0,0,6,1,network_error,1
5000,2,0,1,0,20,0,checkout_abandoned,0
6273,3,2,2,1,16,0,card_declined,0
6458,2,2,0,1,11,0,checkout_abandoned,1
5000,2,2,2,10,7,0,insufficient_funds,0
5000,2,1,1,5,5,1,temporary,0
20697,2,1,1,1,5,0,checkout_abandoned,0
5000,3,1,0,10,21,1,temporary,0
5000,1,1,0,0,11,0,checkout_abandoned,0
5000,1,2,2,5,13,1,temporary,1
5059,3,2,0,30,23,0,checkout_abandoned,1
5069,2,5,1,5,16,0,card_declined,1
5000,1,2,1,2,15,1,temporary,0
16550,3,3,2,2,5,1,network_error,0
5000,1,2,0,0,8,1,temporary,0
7302,1,1,0,0,1,0,card_declined,0
23422,1,4,0,0,12,1,network_error,0
5000,1,1,0,30,6,0,insufficient_funds,0
5000,3,1,1,1,10,0,checkout_abandoned,0
5000,3,1,2,30,10,1,network_error,0
5000,2,2,3,2,0,1,temporary,1
5000,3,2,1,10,12,1,temporary,1
20485,1,1,0,30,16,0,insufficient_funds,0
30865,2,2,1,2,19,0,insufficient_funds,0
5000,1,2,0,0,4,0,checkout_abandoned,1
33026,3,2,1,10,9,1,temporary,1
5092,2,2,0,0,12,0,card_declined,1
28387,3,3,1,0,19,1,temporary,1
5000,2,1,2,0,1,1,temporary,0
5603,2,3,0,30,11,0,card_declined,0
7083,3,3,0,1,18,1,temporary,1
118048,3,4,1,2,0,1,temporary,1
11513,1,3,2,10,0,0,insufficient_funds,1
5000,3,1,3,2,2,1,network_error,0
12951,3,5,0,0,7,1,network_error,1
5000,1,2,1,0,2,0,checkout_abandoned,1
5000,3,1,2,30,9,0,card_declined,0
12192,1,2,0,0,7,1,temporary,1
5069,2,1,0,0,18,1,temporary,0
6493,1,1,1,0,9,0,card_declined,0
5000,1,2,1,10,23,0,checkout_abandoned,1
6881,2,1,0,2,3,1,temporary,1
7517,3,3,1,5,4,0,checkout_abandoned,1
5000,3,4,1,0,19,0,card_declined,0
9571,2,4,0,2,3,0,insufficient_funds,1
5000,3,5,0,2,9,0,card_declined,1
5000,1,1,2,10,14,0,card_declined,0
5000,3,2,2,5,21,1,network_error,0
5345,1,2,1,2,5,1,network_error,0
5000,2,3,0,5,6,0,insufficient_funds,1
11282,3,1,2,10,0,1,temporary,0
5000,1,3,1,0,9,0,insufficient_funds,0
5000,2,0,2,2,5,0,checkout_abandoned,1
5000,3,4,0,30,6,0,card_declined,0
5000,3,0,1,5,5,0,card_declined,0
6495,1,3,1,10,23,0,checkout_abandoned,1
5000,2,2,0,0,13,1,temporary,1
10140,1,3,0,10,12,0,insufficient_funds,1
5234,2,3,2,5,10,0,insufficient_funds,0
5000,2,2,0,0,14,1,network_error,1
5000,1,0,1,30,8,0,checkout_abandoned,1
5000,3,0,0,30,3,0,card_declined,0
5000,2,2,0,5,6,1,network_error,1
5000,2,0,1,30,7,1,network_error,1
5000,1,1,0,10,6,0,insufficient_funds,0
6158,1,1,1,1,3,0,checkout_abandoned,1
12678,2,1,0,30,20,0,checkout_abandoned,0
5000,2,3,1,1,10,0,checkout_abandoned,1
5000,1,2,0,0,11,1,temporary,1
5000,3,1,0,0,21,0,insufficient_funds,0
6561,2,2,2,5,20,0,checkout_abandoned,1
17067,1,1,0,0,5,1,network_error,1
5000,2,0,0,30,23,0,card_declined,0
5000,1,1,1,30,10,1,temporary,1
5000,1,2,0,0,11,0,insufficient_funds,1
5000,1,5,1,0,22,0,card_declined,1
5000,1,1,0,0,22,1,temporary,1
5000,2,1,0,5,22,1,temporary,0
5108,3,1,0,0,4,1,network_error,0
5000,1,0,1,5,1,0,insufficient_funds,1
14035,1,5,1,30,7,0,card_declined,0
5000,1,2,0,5,6,0,card_declined,1
5000,1,3,0,30,15,1,network_error,1
7933,1,0,1,1,3,0,insufficient_funds,0
5000,1,0,0,30,5,0,card_declined,0
7256,3,3,2,10,19,1,network_error,0
5445,2,1,1,1,14,1,temporary,0
5000,2,2,2,0,19,0,checkout_abandoned,0
24059,3,2,1,5,21,0,insufficient_funds,1
5000,1,2,0,10,22,1,network_error,1
38572,1,0,1,0,23,1,network_error,0
5000,2,2,0,0,16,0,checkout_abandoned,1
5000,2,4,0,30,12,0,insufficient_funds,1
5270,1,1,0,0,15,1,temporary,1
5000,2,3,0,30,17,1,temporary,1
5000,1,1,0,0,20,0,card_declined,0
7310,1,2,0,2,14,0,insufficient_funds,1
8566,2,1,3,0,13,1,temporary,0
5000,3,1,0,0,10,1,temporary,0
13192,3,2,1,0,19,0,insufficient_funds,1
15638,3,2,1,30,8,1,temporary,0
20667,2,2,1,0,8,0,card_declined,0
8344,1,3,0,30,14,1,network_error,1
19214,1,2,1,5,15,0,checkout_abandoned,1
5000,2,2,0,30,8,0,insufficient_funds,1
5000,1,2,2,1,0,1,temporary,1
5000,1,1,0,2,17,1,temporary,1
5537,1,0,0,0,2,0,card_declined,0
5000,1,4,2,0,3,0,insufficient_funds,1
5000,2,6,1,2,2,0,card_declined,1
32279,2,4,1,1,17,1,network_error,1
5000,1,0,2,0,18,1,temporary,0
7433,2,6,0,1,12,0,checkout_abandoned,1
5000,3,3,0,30,2,0,checkout_abandoned,0
5301,2,1,0,30,1,1,network_error,1
5000,1,3,0,0,13,0,card_declined,1
7694,1,2,0,0,20,1,temporary,1
15761,2,0,1,0,16,1,network_error,0
25524,1,2,1,5,13,0,insufficient_funds,0
6698,3,1,0,5,12,0,insufficient_funds,1
8862,3,3,0,30,17,1,network_error,1
5000,2,3,1,2,5,1,network_error,0
5000,3,3,0,0,2,0,card_declined,0
12585,3,5,0,0,8,0,card_declined,0
11683,1,2,0,2,3,0,insufficient_funds,1
6073,2,4,2,0,6,0,card_declined,0
11925,2,2,0,10,21,0,insufficient_funds,0
8028,2,1,0,5,11,1,network_error,1
16322,2,2,1,2,11,1,network_error,1
6564,2,1,1,5,17,0,checkout_abandoned,0
5000,3,3,0,2,7,1,network_error,1
6876,1,5,1,5,16,0,checkout_abandoned,1
5000,2,6,1,10,12,1,network_error,1
7207,1,3,2,0,13,1,temporary,1
5000,3,4,2,0,8,1,network_error,0
5000,1,1,1,1,22,1,temporary,1
7721,1,2,1,5,23,0,insufficient_funds,0
7923,1,4,1,1,2,0,checkout_abandoned,0
5000,2,0,1,30,4,0,card_declined,0
5000,2,2,2,30,17,0,checkout_abandoned,0
19351,3,3,2,0,12,0,checkout_abandoned,0
5000,2,2,0,5,18,0,checkout_abandoned,0
46301,1,2,1,0,7,0,insufficient_funds,0
5000,2,6,1,10,15,1,network_error,1
7391,1,3,2,0,3,0,insufficient_funds,1
24757,2,2,1,0,23,1,network_error,1
5602,3,1,1,5,16,0,card_declined,0
5000,1,2,0,1,15,0,insufficient_funds,1
5000,3,2,1,1,3,0,card_declined,1
5000,1,1,1,1,21,0,card_declined,1
5000,3,3,3,1,6,1,network_error,0
5000,3,1,3,5,2,1,temporary,0
5000,3,4,2,5,11,1,temporary,0
12386,3,1,1,30,23,1,temporary,1
5087,3,1,2,2,10,1,network_error,0
5000,1,3,0,10,0,1,temporary,1
5000,1,0,1,2,21,0,checkout_abandoned,0
6143,2,2,1,0,15,0,insufficient_funds,0
9107,2,2,1,10,15,0,checkout_abandoned,0
5000,2,2,0,1,13,0,card_declined,0
5000,3,4,1,1,1,1,temporary,0
14834,1,3,3,10,16,1,temporary,1
5000,3,2,1,10,3,1,network_error,0
5000,2,1,1,30,4,0,insufficient_funds,0
7660,1,0,2,2,14,0,checkout_abandoned,0
7811,3,2,0,1,12,0,insufficient_funds,0
5000,1,1,2,1,5,0,card_declined,0
6182,2,1,1,0,1,1,network_error,0
10255,3,0,2,0,4,1,temporary,1
7146,3,3,0,0,1,1,network_error,0
9246,1,1,2,5,23,0,checkout_abandoned,0
5000,1,2,1,0,1,0,insufficient_funds,1
6843,1,1,2,2,17,0,insufficient_funds,1
5000,1,5,0,0,9,0,checkout_abandoned,0
5000,3,0,2,10,7,1,network_error,0
11737,3,2,1,1,0,0,insufficient_funds,0
21574,2,0,0,2,0,0,insufficient_funds,1
29565,2,1,2,30,23,0,insufficient_funds,0
18302,1,2,1,10,19,0,checkout_abandoned,0
5000,1,1,0,0,6,0,checkout_abandoned,1
6993,1,1,1,0,13,0,insufficient_funds,1
10581,3,0,0,2,21,0,checkout_abandoned,1
5547,1,3,1,5,7,0,insufficient_funds,1
5601,1,3,0,30,23,1,network_error,1
11200,3,2,1,1,12,1,temporary,1
5000,2,2,0,2,10,0,checkout_abandoned,1
5000,2,3,3,0,21,0,card_declined,1
5000,1,1,1,5,10,0,card_declined,0
9264,1,3,0,2,1,0,insufficient_funds,1
5000,2,1,0,5,3,1,temporary,0
6906,2,1,1,0,17,0,card_declined,1
9605,2,3,1,1,15,0,insufficient_funds,1
5000,1,1,0,0,20,0,card_declined,0
10469,1,4,2,0,4,0,insufficient_funds,1
7178,1,2,2,0,12,0,card_declined,0
5000,2,5,2,1,8,1,network_error,1
20791,1,0,2,30,23,0,insufficient_funds,0
5000,1,1,0,2,19,0,card_declined,0
5000,2,2,2,30,5,0,checkout_abandoned,1
5000,2,0,2,0,17,1,temporary,1
5000,1,1,0,30,17,0,checkout_abandoned,1
5177,3,1,2,2,9,0,insufficient_funds,0
5000,2,3,0,0,10,0,insufficient_funds,1
5000,2,1,0,10,5,1,network_error,0
9133,2,1,1,0,9,0,checkout_abandoned,0
6904,1,0,1,10,2,0,insufficient_funds,0
6741,2,0,3,0,15,0,card_declined,0
7404,2,2,1,5,12,1,network_error,1
9100,1,3,0,5,14,0,card_declined,1
5000,2,4,3,0,23,0,card_declined,0
5000,1,3,1,30,8,1,network_error,1
5000,2,2,1,30,3,1,network_error,1
5095,1,2,2,1,9,1,temporary,1
5000,1,3,2,0,8,0,insufficient_funds,1
13982,2,0,1,2,11,1,network_error,0
16117,2,1,0,10,20,0,card_declined,0
6019,3,1,0,0,23,1,network_error,1
5000,2,2,1,0,15,0,checkout_abandoned,1
7983,1,2,1,5,19,0,card_declined,0
5000,2,3,1,0,6,1,network_error,1
5000,3,3,1,30,8,0,checkout_abandoned,1
13175,1,2,1,2,21,0,checkout_abandoned,1
5000,3,1,0,5,8,0,insufficient_funds,1
11000,2,3,1,0,8,1,temporary,0
9675,1,2,0,5,21,0,checkout_abandoned,1
5000,3,0,0,0,19,1,temporary,0
13015,1,2,0,1,18,1,temporary,1
9882,2,1,1,0,17,1,network_error,0
5442,1,1,0,1,15,1,temporary,1
5000,2,0,1,10,13,1,temporary,0
5000,1,1,0,0,17,1,temporary,1
5000,1,2,0,0,0,1,network_error,0
8455,2,2,2,10,1,0,card_declined,1
5000,3,3,1,0,20,1,temporary,1
7612,1,1,2,5,2,1,temporary,0
5000,2,1,1,5,15,0,card_declined,0
5000,3,2,1,0,7,1,temporary,1
5484,1,1,0,0,17,0,card_declined,1
56677,2,2,0,2,11,1,temporary,0
5000,3,6,0,1,7,0,insufficient_funds,1
21418,3,2,0,0,17,0,insufficient_funds,1
5709,1,1,1,0,23,0,checkout_abandoned,0
7414,3,3,1,0,18,0,checkout_abandoned,1
5532,3,1,1,0,5,0,insufficient_funds,1
7667,2,2,0,0,21,1,temporary,1
5000,2,3,1,10,23,0,card_declined,1
21037,3,1,0,10,6,1,temporary,0
5000,3,1,2,10,15,0,insufficient_funds,0
15248,3,0,1,0,17,1,network_error,0
5000,3,1,1,0,14,0,card_declined,0
5000,2,2,1,30,23,0,insufficient_funds,1
5000,1,4,1,0,6,0,card_declined,0
7746,1,1,0,0,4,1,network_error,1
20850,3,1,2,1,21,0,card_declined,0
5000,2,2,0,1,1,1,network_error,1
5000,1,1,2,30,0,1,network_error,1
5000,1,2,1,10,21,1,temporary,1
5000,1,3,1,30,20,1,temporary,1
5000,2,2,1,0,3,0,card_declined,1
5000,2,0,0,0,19,0,insufficient_funds,0
6165,2,1,0,30,17,1,temporary,1
18379,3,1,0,0,21,0,card_declined,0
81569,2,3,1,5,9,0,insufficient_funds,1
5000,3,0,0,30,7,0,checkout_abandoned,0
20646,3,5,1,0,8,0,checkout_abandoned,0
6271,1,1,1,2,15,0,card_declined,0
5000,1,3,2,30,22,0,checkout_abandoned,0
7574,3,4,1,30,22,0,checkout_abandoned,1
5228,2,3,0,0,8,1,network_error,1
5488,3,3,0,0,1,0,card_declined,1
5000,2,3,1,0,9,0,checkout_abandoned,0
5000,1,2,0,2,10,0,insufficient_funds,1
5000,3,2,1,30,0,0,card_declined,0
9445,3,1,1,30,23,0,card_declined,1
5000,2,1,0,0,4,1,network_error,1
5000,2,0,1,2,13,0,card_declined,1
5000,1,1,1,5,8,1,temporary,0
10882,3,3,3,5,17,0,checkout_abandoned,1
5886,2,3,0,0,15,0,card_declined,1
5000,3,1,1,30,21,1,network_error,0
16752,1,1,1,30,1,0,checkout_abandoned,0
23841,3,0,1,5,6,0,checkout_abandoned,0
8059,3,0,2,1,8,0,checkout_abandoned,0
13012,3,1,1,10,21,0,checkout_abandoned,0
17016,2,4,2,0,8,0,card_declined,0
15215,3,2,0,0,12,0,insufficient_funds,1
9082,2,3,1,30,18,0,insufficient_funds,0
8940,3,1,3,0,22,0,insufficient_funds,0
8263,3,3,0,5,6,1,network_error,1
5000,3,3,0,1,15,1,network_error,0
9904,3,1,0,10,21,0,insufficient_funds,1
5000,1,3,0,10,6,1,temporary,0
5000,3,2,0,2,22,1,temporary,0
18098,3,2,1,1,9,0,insufficient_funds,1
11386,2,2,1,5,5,0,card_declined,1
21750,2,4,0,0,19,0,checkout_abandoned,0
5000,3,3,0,0,9,0,insufficient_funds,1
5000,2,2,0,0,9,1,network_error,1
5000,2,1,2,2,17,1,network_error,0
5442,3,3,1,5,5,1,network_error,0
5318,3,1,0,1,6,1,temporary,0
15270,1,2,0,5,17,1,network_error,1
5000,3,3,0,1,19,0,checkout_abandoned,1
6988,1,3,2,0,4,0,checkout_abandoned,0
5000,1,2,0,0,23,1,network_error,0
7710,3,0,0,10,1,0,card_declined,1
5000,1,1,0,10,15,1,temporary,0
5000,1,6,0,1,10,1,temporary,1
5000,1,1,1,0,3,0,card_declined,0
5000,2,2,0,2,18,0,card_declined,0
5000,1,2,1,1,0,0,insufficient_funds,1
28892,1,1,2,0,6,1,network_error,0
5000,2,2,3,5,9,1,network_error,1
5000,1,2,1,0,16,0,insufficient_funds,0
5000,1,2,0,0,5,0,checkout_abandoned,1
5000,3,1,0,0,1,0,insufficient_funds,0
5000,2,2,1,0,18,1,network_error,1
5000,1,3,2,10,1,0,card_declined,1
19569,1,0,1,0,11,0,card_declined,1
5000,3,3,2,30,16,1,network_error,0
17826,1,2,4,0,15,1,temporary,0
5227,1,2,1,30,2,0,checkout_abandoned,0
5101,2,1,0,10,14,1,temporary,1
5000,3,1,1,0,0,1,temporary,1
5000,2,2,2,2,0,1,temporary,1
27413,3,3,3,5,5,1,temporary,0
5000,2,1,0,1,16,1,network_error,1
5000,1,2,0,30,5,1,temporary,1
5000,3,1,2,0,19,0,insufficient_funds,0
5000,3,3,0,2,3,0,checkout_abandoned,1
9799,3,2,2,2,11,0,checkout_abandoned,1
7887,1,0,0,2,11,0,card_declined,0
5000,2,4,1,0,13,0,checkout_abandoned,0
13616,2,2,1,1,9,0,card_declined,0
13769,1,2,0,0,3,0,insufficient_funds,0
5907,3,1,0,0,17,1,network_error,1
12870,1,3,0,2,15,0,card_declined,1
6455,1,3,0,5,15,1,temporary,1
5000,3,0,0,5,22,1,network_error,0
9875,2,2,1,30,21,1,temporary,1
5489,3,6,1,0,17,1,network_error,1
5000,2,3,0,1,10,0,insufficient_funds,1
21438,3,2,0,0,0,0,card_declined,0
5000,1,2,0,0,5,0,checkout_abandoned,1
5000,3,1,1,5,7,0,insufficient_funds,0
5000,1,0,2,2,7,0,checkout_abandoned,0
5000,1,4,1,0,22,0,card_declined,1
5000,2,1,0,0,1,0,insufficient_funds,1
5000,2,2,0,0,16,0,insufficient_funds,1
5000,1,2,2,1,11,1,temporary,1
5000,3,1,0,30,7,1,temporary,0
57378,1,4,3,1,17,0,card_declined,0
29784,3,1,0,0,14,1,temporary,0
5000,1,4,1,0,20,0,checkout_abandoned,0
5000,1,0,1,5,3,0,checkout_abandoned,0
5000,1,3,1,0,6,1,temporary,1
5000,2,3,0,10,22,1,network_error,1
5000,2,2,0,0,20,1,network_error,1
5000,1,4,0,0,9,0,checkout_abandoned,0
5000,2,4,2,0,9,0,checkout_abandoned,0
5000,3,5,0,1,4,1,network_error,0
5000,1,5,3,1,1,0,insufficient_funds,0
5702,1,3,0,2,1,1,temporary,1
7088,2,1,2,0,0,1,temporary,1
7461,3,1,2,0,0,0,card_declined,0
5000,1,2,2,5,8,1,network_error,1
11552,1,0,0,0,15,1,temporary,1
5000,1,3,1,30,15,0,card_declined,1
9254,2,1,0,30,16,0,checkout_abandoned,0
5000,1,0,1,0,15,0,card_declined,0
5000,2,2,0,0,15,0,card_declined,1
5000,2,3,1,30,9,1,temporary,0
7082,1,1,1,10,7,0,card_declined,0
9072,3,4,0,1,10,0,checkout_abandoned,1
5000,3,1,0,2,19,1,network_error,0
22737,3,2,1,0,12,0,checkout_abandoned,0
13460,3,3,0,5,20,1,temporary,0
5000,1,2,0,30,7,0,insufficient_funds,0
10405,3,1,1,1,14,0,insufficient_funds,0
33989,1,3,0,1,15,1,network_error,1
34908,1,3,2,2,14,1,temporary,1
5000,2,2,1,10,2,0,insufficient_funds,1
5000,3,1,0,2,4,0,insufficient_funds,0
21696,2,5,0,1,14,1,network_error,1
5000,2,2,2,1,20,0,card_declined,0
5000,2,0,1,0,11,0,checkout_abandoned,1
5000,2,1,1,10,2,0,checkout_abandoned,1
7481,2,3,1,0,20,1,network_error,1
5000,2,3,0,30,19,0,card_declined,0
5000,2,3,0,0,19,0,card_declined,0
5000,2,3,4,0,10,0,checkout_abandoned,1
5000,1,2,0,30,15,0,card_declined,1
5000,1,4,0,0,2,1,temporary,1
48128,1,1,0,10,0,1,temporary,1
6617,2,5,1,10,1,0,insufficient_funds,0
11929,1,0,2,0,10,1,temporary,1
5000,1,2,2,0,23,0,card_declined,0
5000,3,3,0,0,1,0,card_declined,1
5000,1,2,0,10,13,1,temporary,1
5000,3,3,1,0,18,0,insufficient_funds,0
5000,1,4,0,0,10,1,temporary,1
5000,3,2,1,1,1,0,checkout_abandoned,0
5000,1,1,1,0,22,0,insufficient_funds,0
5000,2,2,1,2,21,1,temporary,1
18489,3,1,2,0,11,1,network_error,0
5000,1,7,0,0,20,0,checkout_abandoned,1
17864,2,1,3,0,20,1,temporary,0
7412,3,4,0,0,15,1,network_error,1
10748,1,1,0,5,20,0,insufficient_funds,1
5000,1,2,1,30,16,0,card_declined,0
8299,3,3,0,1,18,1,network_error,1
10185,1,1,2,0,2,1,temporary,0
5000,3,1,2,30,2,1,network_error,0
8600,3,4,2,1,3,0,card_declined,0
8657,3,1,0,0,22,1,temporary,1
5000,3,3,0,10,9,0,insufficient_funds,1
5000,3,3,0,5,15,0,card_declined,0
5000,2,2,0,5,13,1,network_error,1
5358,3,1,0,5,9,0,checkout_abandoned,0
6815,2,1,1,0,17,0,checkout_abandoned,1
5000,2,5,2,0,18,0,checkout_abandoned,1
5047,1,1,2,5,22,0,checkout_abandoned,0
8695,3,1,3,30,1,1,network_error,0
9119,2,2,0,5,8,1,network_error,0
23199,3,3,1,1,4,1,network_error,1
17623,2,2,2,30,13,1,network_error,0
5000,1,2,1,2,16,0,checkout_abandoned,1
26465,2,0,1,0,4,1,network_error,0
5000,3,1,1,1,15,0,insufficient_funds,1
13972,2,2,2,10,1,0,checkout_abandoned,0
5260,3,1,0,1,12,1,network_error,0
5000,1,4,2,2,23,1,network_error,1
5000,3,0,1,0,16,0,checkout_abandoned,0
5000,3,4,1,5,18,0,card_declined,0
5000,3,2,0,0,22,0,checkout_abandoned,0
12929,1,0,0,0,12,0,card_declined,1
22399,2,2,1,30,3,1,network_error,1
5000,1,3,2,1,14,0,card_declined,1
6647,2,2,2,10,8,0,checkout_abandoned,0
5000,3,1,0,5,22,1,temporary,1
5000,2,2,3,30,7,0,insufficient_funds,1
10662,3,1,0,1,12,0,checkout_abandoned,0
5000,3,2,2,5,22,0,checkout_abandoned,0
27991,3,1,1,30,17,0,card_declined,0
5000,3,1,1,5,4,1,network_error,1
13350,2,4,1,5,20,0,checkout_abandoned,1
5417,3,3,0,30,8,1,network_error,1
10891,1,1,1,0,17,1,network_error,0
5000,3,0,0,2,21,0,card_declined,0
5000,2,3,1,5,23,0,card_declined,0
5000,3,2,0,30,16,1,network_error,0
5000,2,2,1,10,17,1,network_error,1
9528,1,1,0,1,0,0,card_declined,1
9416,3,3,0,10,22,1,temporary,1
8897,3,8,2,2,23,0,card_declined,0
22855,1,2,1,1,5,0,insufficient_funds,0
20938,1,1,0,1,1,1,temporary,0
5000,2,2,0,10,22,1,network_error,0
7137,2,1,2,0,12,0,checkout_abandoned,0
5000,2,2,0,30,4,0,checkout_abandoned,0
5030,1,3,3,0,5,1,temporary,0
5000,2,4,0,5,15,1,temporary,1
24836,2,7,1,30,15,0,checkout_abandoned,1
7070,3,1,1,0,14,0,checkout_abandoned,1
5000,2,2,1,2,6,0,card_declined,0
16213,2,2,1,2,18,0,checkout_abandoned,0
5000,1,1,1,0,19,0,card_declined,1
5000,2,0,1,5,0,1,network_error,1
10892,2,2,0,30,13,0,checkout_abandoned,1
5221,1,2,1,30,16,0,card_declined,1
6313,3,1,1,30,7,0,card_declined,0
5000,3,0,3,1,16,0,card_declined,0
5000,1,2,1,5,20,1,network_error,1
36443,2,3,0,0,21,1,network_error,1
11205,3,0,1,0,18,1,temporary,1
5823,1,2,0,30,16,1,temporary,0
5000,1,2,1,0,11,0,insufficient_funds,1
5000,2,2,0,5,2,0,card_declined,0
5000,1,0,1,10,11,0,checkout_abandoned,0
6359,2,3,1,5,18,0,card_declined,1
11447,1,1,2,0,11,0,card_declined,0
5000,3,2,1,30,22,0,checkout_abandoned,0
5000,2,7,2,0,12,1,network_error,1
5000,1,1,1,30,0,0,checkout_abandoned,0
5000,3,5,1,0,20,0,checkout_abandoned,1
5184,1,1,0,0,10,0,card_declined,0
5000,2,3,2,5,1,0,insufficient_funds,0
9084,3,1,1,0,16,0,checkout_abandoned,0
10444,3,2,4,1,9,0,card_declined,0
5000,1,3,0,30,18,0,card_declined,1
5000,2,2,1,30,18,0,insufficient_funds,0
5000,3,1,1,2,22,0,checkout_abandoned,1
16863,3,3,2,10,23,1,network_error,0
5000,1,1,1,10,18,0,card_declined,0
5000,3,0,0,30,3,0,insufficient_funds,0
5000,1,1,0,1,19,0,insufficient_funds,0
10988,2,2,0,0,1,1,network_error,1
5000,1,5,0,30,11,0,insufficient_funds,1
7361,1,2,0,1,19,1,network_error,1
8651,1,0,0,2,21,1,temporary,1
30829,1,0,0,5,23,1,network_error,0
5000,3,2,1,10,3,0,checkout_abandoned,0
7158,2,2,0,30,17,0,checkout_abandoned,1
5000,2,1,0,0,1,1,temporary,0
16161,2,4,0,0,13,0,checkout_abandoned,1
5000,2,4,0,30,8,1,network_error,1
5000,1,0,0,0,5,1,network_error,1
5000,1,1,1,5,17,1,network_error,1
5000,3,2,3,5,23,1,temporary,0
6178,1,1,0,1,8,1,network_error,1
12932,3,4,1,5,17,1,temporary,1
6587,3,1,1,5,18,1,temporary,0
5000,1,1,4,0,16,1,network_error,0
5000,1,2,0,0,7,0,checkout_abandoned,0
10321,1,3,0,1,21,0,insufficient_funds,1
5000,2,1,0,10,16,1,temporary,0
5000,1,2,2,1,21,0,insufficient_funds,0
11808,3,0,0,1,5,0,checkout_abandoned,0
6438,2,4,2,1,1,1,temporary,1
7420,3,2,0,10,16,1,network_error,0
31555,3,3,0,0,0,0,card_declined,0
7852,2,4,0,2,4,1,temporary,1
9488,2,2,0,5,5,0,card_declined,1
73920,1,1,0,0,4,0,insufficient_funds,0
5000,1,2,0,0,21,1,network_error,0
5000,2,4,1,5,20,1,network_error,1
7538,2,1,0,0,12,0,insufficient_funds,0
7623,2,1,1,0,16,0,card_declined,1
5000,1,2,1,1,15,0,card_declined,1
5000,3,2,1,0,20,1,temporary,1
49505,2,1,0,0,8,0,insufficient_funds,0
6814,2,1,1,5,16,0,card_declined,1
5000,2,2,2,5,10,0,insufficient_funds,1
12282,2,2,0,30,12,1,network_error,1
5000,2,3,2,2,7,0,checkout_abandoned,1
5000,3,4,2,0,18,1,temporary,1
8623,2,2,1,2,22,0,insufficient_funds,1
5000,1,2,2,0,23,1,temporary,0
6992,3,0,0,0,9,0,checkout_abandoned,0
33288,1,3,1,0,2,0,checkout_abandoned,1
7833,1,3,0,0,20,0,card_declined,1
5000,1,0,0,30,0,0,card_declined,0
5000,3,2,0,5,3,1,network_error,1
5000,2,2,1,2,21,1,temporary,1
5000,1,1,2,0,7,1,temporary,0
5000,3,2,0,0,13,1,network_error,1
12287,1,1,1,0,4,0,card_declined,0
5000,3,3,1,2,6,1,temporary,1
11637,3,5,1,10,7,0,insufficient_funds,0
5000,1,2,6,2,5,0,insufficient_funds,0
7164,3,4,1,0,16,0,card_declined,1
5000,2,2,0,0,16,0,insufficient_funds,1
18557,1,1,0,1,3,1,temporary,0
17079,2,3,1,1,23,1,network_error,0
12830,2,0,1,0,12,1,network_error,1
5000,1,3,1,1,17,1,temporary,1
11261,3,2,1,0,0,0,card_declined,0
7367,1,2,2,0,9,1,network_error,1
5000,3,2,0,30,23,0,card_declined,0
5000,3,0,1,0,20,0,insufficient_funds,0
7076,2,1,2,10,0,0,insufficient_funds,0
8570,1,3,1,0,16,1,network_error,1
5867,1,0,1,0,18,1,temporary,1
6576,1,2,1,30,3,1,network_error,0
21452,2,3,1,0,20,1,network_error,1
16747,3,2,3,0,4,1,temporary,0
5000,1,2,0,1,23,0,card_declined,1
5000,3,1,1,0,0,1,network_error,0
5000,1,2,1,5,15,0,checkout_abandoned,1
5000,1,1,1,2,5,1,temporary,1
5400,2,5,0,2,14,0,checkout_abandoned,1
17132,3,1,0,0,18,1,network_error,0
5000,3,2,1,0,13,1,network_error,1
6880,2,1,3,0,17,1,network_error,0
5000,1,2,1,30,18,1,network_error,1
5000,1,2,1,0,7,1,temporary,0
21534,3,4,0,10,20,0,checkout_abandoned,1
5000,1,1,0,10,1,1,network_error,0
7802,3,4,1,5,12,0,checkout_abandoned,1
5000,3,3,0,10,18,0,insufficient_funds,1
31644,3,1,1,30,17,0,insufficient_funds,1
8979,1,2,0,30,7,1,network_error,1
5000,1,5,3,0,23,0,insufficient_funds,0
8738,1,2,2,10,23,1,network_error,0
5000,2,5,0,0,2,0,insufficient_funds,1
16035,2,1,0,0,2,0,checkout_abandoned,0
5000,1,0,0,0,14,0,insufficient_funds,0
5000,2,0,2,30,4,0,card_declined,1
5000,1,3,0,0,1,0,checkout_abandoned,0
5000,2,1,1,2,19,1,temporary,1
9844,1,3,1,0,10,0,insufficient_funds,0
6348,3,2,1,1,20,0,checkout_abandoned,0
9430,1,2,0,30,17,0,insufficient_funds,1
5000,3,1,1,30,15,0,card_declined,0
8210,1,0,0,10,9,0,checkout_abandoned,0
5000,1,3,1,10,17,1,temporary,1
45694,1,1,1,2,2,0,checkout_abandoned,1
5000,2,5,0,0,7,1,network_error,1
17342,3,1,2,5,19,0,card_declined,0
19300,1,0,2,1,16,1,network_error,0
5000,3,4,0,0,5,0,checkout_abandoned,1
45673,3,1,0,5,20,1,network_error,1
13299,2,3,1,0,12,1,network_error,1
12979,2,4,0,0,17,0,insufficient_funds,1
5054,3,3,2,1,3,1,network_error,1
5000,3,5,0,0,3,1,network_error,1
5000,1,1,2,5,23,1,network_error,1
7262,3,2,0,10,21,0,insufficient_funds,1
19954,2,4,2,5,9,1,temporary,1
5891,1,2,3,0,22,0,insufficient_funds,1
5000,3,3,0,2,19,1,network_error,1
11208,3,1,1,30,6,1,temporary,0
12346,2,0,0,30,9,0,checkout_abandoned,1
9458,3,1,1,0,12,1,network_error,1
10357,1,2,0,0,8,1,network_error,1
5000,3,3,0,0,6,1,temporary,1
5000,2,2,1,0,5,0,checkout_abandoned,1
5000,1,1,1,30,15,0,checkout_abandoned,1
5000,2,2,0,0,9,1,temporary,1
6228,1,0,2,2,23,1,network_error,1
5000,2,0,1,30,21,1,temporary,0
5000,3,0,0,10,2,0,insufficient_funds,1
5000,2,1,1,1,15,1,temporary,1
5000,3,3,0,2,15,1,network_error,1
15075,2,3,0,1,1,0,card_declined,1
5000,3,5,2,5,18,0,checkout_abandoned,1
7048,1,2,2,30,12,0,checkout_abandoned,0
5000,3,1,0,2,19,0,card_declined,1
20716,2,4,1,1,11,1,network_error,1
5000,3,1,0,30,10,0,card_declined,0
6568,1,1,1,0,16,1,network_error,0
50300,1,2,0,0,18,0,card_declined,1
22391,3,3,2,0,18,0,checkout_abandoned,0
5000,3,2,0,5,11,0,card_declined,0
5000,3,3,2,1,13,0,card_declined,0
5000,2,2,0,30,23,0,card_declined,0
8183,2,0,1,5,21,1,network_error,1
5000,2,1,1,2,9,0,checkout_abandoned,0
5000,3,2,0,30,15,0,card_declined,0
21315,1,2,1,5,3,0,card_declined,1
5000,1,6,1,0,8,0,insufficient_funds,1
49000,1,1,2,5,12,0,checkout_abandoned,1
5381,2,1,1,5,9,1,network_error,1
29299,3,2,2,30,22,1,temporary,0
7025,2,1,0,0,20,0,insufficient_funds,1
12873,2,0,1,0,0,1,temporary,1
5000,2,0,0,10,6,0,checkout_abandoned,0
5000,1,1,1,30,3,0,checkout_abandoned,0
7783,3,2,0,0,3,1,temporary,1
13207,3,2,1,30,13,1,temporary,1
5116,3,0,3,0,18,0,insufficient_funds,0
5000,3,3,0,5,17,0,insufficient_funds,0
5000,2,5,2,1,10,0,checkout_abandoned,1
5000,3,1,0,5,9,1,temporary,1
5000,2,2,0,30,5,1,temporary,1
5483,3,0,1,2,20,1,network_error,1
15139,2,0,0,0,19,1,temporary,1
5000,3,0,2,30,8,0,checkout_abandoned,0
5000,1,1,3,0,4,0,insufficient_funds,0
5000,1,0,0,2,11,0,insufficient_funds,0
5000,1,4,0,0,17,0,insufficient_funds,1
39974,2,2,0,30,6,0,card_declined,0
5000,3,3,1,30,8,0,card_declined,0
5000,2,4,2,1,3,1,network_error,1
27061,3,3,1,1,17,0,checkout_abandoned,1
7707,2,2,0,1,21,0,card_declined,1
8632,3,2,2,30,18,1,temporary,1
5511,3,2,0,2,19,1,temporary,1
6835,1,1,1,0,3,1,temporary,1
10695,3,3,1,10,20,0,checkout_abandoned,0
5000,1,2,1,1,19,1,temporary,1
11826,2,4,1,0,7,0,checkout_abandoned,1
5000,2,2,0,1,14,0,checkout_abandoned,0
6825,1,2,0,0,1,1,temporary,1
5876,3,3,0,0,20,1,temporary,1
5000,2,2,0,5,0,0,checkout_abandoned,0
5000,1,2,1,1,0,0,insufficient_funds,0
5000,1,2,0,1,14,0,checkout_abandoned,1
5000,1,3,2,0,18,0,checkout_abandoned,0
5000,1,0,3,30,19,1,temporary,0
5000,1,0,1,0,23,1,temporary,1
6787,1,2,2,30,0,0,insufficient_funds,1
5000,3,2,0,0,16,1,temporary,0
10016,3,1,0,1,7,0,checkout_abandoned,1
5000,3,2,2,5,22,0,checkout_abandoned,1
5000,2,0,2,10,7,0,card_declined,0
5000,3,1,1,1,9,1,network_error,0
18492,3,2,0,5,7,0,checkout_abandoned,0
6838,1,2,1,1,16,0,card_declined,1
5000,3,1,1,10,21,1,network_error,1
8092,3,2,2,10,13,0,card_declined,0
5000,2,2,2,10,8,1,network_error,0
5000,2,3,0,5,8,0,insufficient_funds,1
36225,2,8,2,0,16,0,checkout_abandoned,0
5610,1,0,0,5,14,1,temporary,0
5260,1,1,0,2,5,1,network_error,1
8502,1,3,0,0,8,0,checkout_abandoned,1
12035,1,2,0,10,22,0,checkout_abandoned,1
5000,2,2,1,10,22,0,insufficient_funds,0
5000,2,5,1,1,9,1,temporary,1
6065,1,0,1,0,19,1,temporary,1
5000,1,2,0,5,1,1,network_error,1
18251,3,2,2,0,20,1,temporary,0
5000,3,3,0,5,7,0,card_declined,0
5000,2,3,0,1,15,0,insufficient_funds,1
5000,3,1,1,5,14,0,insufficient_funds,0
5000,2,2,1,30,20,0,card_declined,1
5000,1,1,1,0,22,1,network_error,1
5000,3,2,1,0,8,0,card_declined,0
5000,3,2,0,5,12,0,insufficient_funds,1
14456,2,3,0,1,15,1,network_error,1
16293,2,3,0,5,14,1,temporary,1
5000,1,2,0,0,8,0,insufficient_funds,0
5000,2,2,0,10,9,0,insufficient_funds,0
9111,2,2,3,0,14,1,temporary,1
8564,2,5,1,0,22,0,insufficient_funds,1
6696,1,3,1,1,1,1,network_error,1
13114,3,4,1,10,5,0,checkout_abandoned,1
5000,2,1,0,0,19,0,insufficient_funds,1
36634,1,2,0,2,14,0,card_declined,1
5000,3,3,0,10,10,0,checkout_abandoned,0
10396,2,0,4,2,8,0,insufficient_funds,0
5000,2,4,2,0,23,1,network_error,0
5000,2,2,0,0,21,0,insufficient_funds,1
22389,2,1,0,2,20,0,insufficient_funds,0
5000,1,2,2,5,6,0,checkout_abandoned,0
11383,1,1,2,0,14,1,temporary,0
6228,3,1,2,1,23,0,checkout_abandoned,0
5000,2,2,0,0,6,1,network_error,0
19222,2,3,1,2,4,0,card_declined,0
5000,1,1,0,1,15,1,temporary,1
5000,3,3,1,5,4,1,temporary,1
5000,3,0,0,0,18,0,checkout_abandoned,1
8528,3,3,2,30,20,0,insufficient_funds,1
7299,2,0,0,0,11,0,card_declined,1
5000,2,5,0,0,23,1,temporary,1
5000,3,0,0,0,14,0,checkout_abandoned,0
5000,3,1,1,10,9,1,temporary,0
5000,2,2,0,0,21,1,temporary,1
5000,3,0,3,0,14,1,network_error,0
5000,3,2,0,10,3,0,insufficient_funds,1
5000,3,3,3,30,20,1,network_error,0
10631,1,1,2,10,11,0,card_declined,0
11038,1,1,0,0,8,1,temporary,1
5000,1,1,0,0,20,0,insufficient_funds,1
5000,3,5,1,0,18,0,checkout_abandoned,1
5652,1,0,0,0,9,0,checkout_abandoned,0
5000,1,2,2,10,23,0,checkout_abandoned,1
5000,1,1,1,0,21,0,checkout_abandoned,1
5000,1,3,1,1,4,0,checkout_abandoned,0
5000,3,2,1,5,13,0,checkout_abandoned,0
5000,3,2,2,1,15,0,insufficient_funds,0
5779,3,1,3,0,9,1,network_error,0
10195,1,0,0,0,12,1,temporary,1
5000,2,1,1,0,23,0,insufficient_funds,0
5039,3,5,0,0,13,1,network_error,1
5000,2,1,2,2,3,0,checkout_abandoned,0
6915,3,1,1,0,20,0,insufficient_funds,0
5000,2,2,1,5,8,1,network_error,1
5000,1,4,1,0,4,0,card_declined,1
5000,2,2,1,1,5,1,network_error,1
5061,3,5,2,10,19,1,network_error,0
13749,3,2,0,5,23,0,card_declined,1
5000,2,3,1,0,4,0,card_declined,1
6944,2,1,0,0,3,0,insufficient_funds,0
16149,3,1,1,5,23,1,network_error,0
5000,3,4,3,0,2,1,network_error,0
8520,2,2,0,0,13,1,temporary,0
5000,1,0,0,2,6,1,temporary,1
5000,3,4,1,10,4,0,card_declined,0
5000,3,2,1,5,14,1,network_error,0
5000,1,4,0,10,4,0,insufficient_funds,1
12616,1,1,1,0,6,0,insufficient_funds,0
5000,1,2,0,10,15,0,checkout_abandoned,1
5000,2,3,0,0,7,1,temporary,1
5000,1,3,0,2,23,0,checkout_abandoned,0
5000,3,0,0,0,12,0,checkout_abandoned,0
5000,3,3,1,2,2,0,card_declined,0
5000,1,1,1,30,15,0,card_declined,1
7172,3,2,0,30,14,0,checkout_abandoned,1
7727,1,2,3,0,13,1,temporary,0
6774,3,2,2,1,23,0,checkout_abandoned,0
6239,2,2,0,30,14,0,insufficient_funds,0
23807,1,1,2,0,18,0,insufficient_funds,0
5000,2,3,1,30,16,1,network_error,1
5000,3,1,1,2,6,0,checkout_abandoned,0
15255,3,0,0,2,21,0,insufficient_funds,1
17405,1,1,0,30,16,0,checkout_abandoned,0
5000,3,0,1,10,16,0,checkout_abandoned,0
5000,1,3,1,30,1,0,insufficient_funds,1
19112,2,1,0,0,17,0,card_declined,1
8168,1,2,0,0,2,1,network_error,1
5974,3,2,0,0,9,1,temporary,0
5000,3,1,1,2,13,1,temporary,1
5000,2,2,0,1,22,0,card_declined,1
6556,3,0,2,0,4,0,card_declined,0
5000,3,2,1,5,19,0,card_declined,1
5000,1,2,1,0,12,0,card_declined,1
5316,1,2,0,30,13,1,network_error,1
5000,1,2,1,0,21,0,card_declined,0
8367,2,5,2,1,10,0,insufficient_funds,0
90603,2,3,2,0,3,0,checkout_abandoned,1
5000,1,1,0,0,0,1,network_error,1
6795,2,0,2,0,8,0,insufficient_funds,0
5000,1,2,2,0,23,0,checkout_abandoned,0
8755,3,0,2,0,5,0,card_declined,0
5148,3,1,1,1,3,0,card_declined,1
10528,3,1,1,5,0,0,card_declined,0
15922,1,3,1,5,12,0,card_declined,0
5957,3,3,0,10,8,0,checkout_abandoned,1
15245,2,2,0,2,8,1,temporary,1
5000,3,2,0,0,14,0,checkout_abandoned,0
24111,3,2,1,30,7,1,network_error,1
7151,2,3,1,10,1,1,network_error,1
14441,1,4,0,0,10,0,card_declined,1
5000,3,1,2,10,17,0,card_declined,0
5000,2,2,0,2,13,0,insufficient_funds,0
5687,3,2,1,1,22,1,temporary,1
5000,3,1,1,0,0,0,checkout_abandoned,0
6522,1,3,4,30,1,0,checkout_abandoned,1
14537,3,0,1,5,3,1,temporary,1
5000,1,3,1,1,0,0,card_declined,0
13014,1,4,3,10,14,0,checkout_abandoned,0
5000,1,2,3,10,14,1,temporary,0
5000,3,3,0,2,17,1,network_error,1
5000,1,3,0,0,4,0,card_declined,0
8127,3,1,0,1,16,0,checkout_abandoned,1
5000,1,1,0,2,4,0,card_declined,1
9399,2,1,0,0,23,1,temporary,0
5000,1,4,1,0,6,0,insufficient_funds,0
5184,2,0,0,30,1,0,card_declined,1
5000,2,1,1,2,4,0,card_declined,0
15828,3,3,0,2,12,0,insufficient_funds,0
5000,3,6,1,1,17,1,temporary,1
5000,3,0,0,10,10,1,network_error,0
5000,2,2,1,0,7,1,temporary,1
17551,1,2,0,0,4,0,checkout_abandoned,1
8402,1,3,1,10,2,0,checkout_abandoned,0
5000,3,1,2,0,21,0,checkout_abandoned,0
5000,2,3,2,10,17,1,network_error,1
5000,3,3,2,1,3,1,network_error,1
7247,2,2,2,0,3,0,card_declined,0
5000,2,1,0,2,12,1,temporary,0
10423,3,1,1,1,8,0,checkout_abandoned,1
5589,3,2,0,1,4,1,temporary,1
53474,1,2,1,0,10,0,insufficient_funds,1
5000,2,1,2,0,10,1,temporary,0
5000,1,2,1,0,13,1,temporary,1
29681,3,1,1,1,18,0,insufficient_funds,1
16177,1,3,1,30,6,1,temporary,1
5000,3,6,0,0,16,1,temporary,1
6148,3,2,0,2,17,1,network_error,0
5000,1,0,0,0,16,0,card_declined,1
6515,2,2,2,0,22,1,network_error,0
5000,1,1,0,5,5,1,temporary,1
5000,2,2,1,5,17,1,temporary,0
5000,2,3,1,10,0,0,checkout_abandoned,1
5625,2,4,0,2,8,0,checkout_abandoned,1
7708,3,2,1,0,17,1,network_error,0
5000,2,0,2,0,22,0,insufficient_funds,0
5000,2,2,0,30,2,0,insufficient_funds,0
13207,1,3,0,0,17,1,network_error,0
7076,3,1,1,30,9,0,card_declined,0
5000,1,4,0,0,12,1,temporary,0
5000,2,3,0,2,20,1,network_error,1
5000,1,3,1,0,20,0,card_declined,1
5000,1,0,0,10,9,0,insufficient_funds,0
5000,2,3,0,1,21,1,network_error,1
16788,3,3,2,2,11,1,temporary,1
5000,1,2,1,0,5,0,insufficient_funds,1
9322,2,0,1,0,22,0,insufficient_funds,0
5000,3,3,0,1,8,1,temporary,0
6297,2,0,1,0,21,1,temporary,0
5000,1,0,1,5,22,1,network_error,0
11767,1,2,0,0,2,1,temporary,1
5000,3,2,1,5,17,0,insufficient_funds,1
5000,1,2,0,0,20,0,checkout_abandoned,0
5000,1,1,1,0,4,0,checkout_abandoned,0
5000,1,2,4,30,11,1,temporary,0
5000,3,3,2,0,23,1,network_error,0
7407,2,0,1,30,19,1,network_error,1
5000,3,1,0,5,8,0,card_declined,1
52817,2,4,0,2,8,1,temporary,1
5000,1,4,0,5,2,1,network_error,1
6024,1,2,1,2,22,0,insufficient_funds,1
5000,1,3,0,1,21,0,insufficient_funds,1
5000,1,1,0,30,19,0,insufficient_funds,0
5661,2,2,0,0,9,0,card_declined,1
5000,1,2,2,5,10,1,temporary,1
6228,1,1,4,2,9,0,checkout_abandoned,0
32955,2,0,0,0,8,0,card_declined,0
5000,2,1,2,5,1,0,checkout_abandoned,0
6372,3,2,1,30,5,0,checkout_abandoned,1
13696,2,4,1,0,14,1,temporary,1
5000,2,2,0,2,6,0,insufficient_funds,0
5000,2,1,1,1,3,0,insufficient_funds,0
5000,1,2,0,0,10,0,checkout_abandoned,0
9330,2,1,1,0,19,0,insufficient_funds,1
5000,2,2,0,0,8,1,temporary,0
5000,1,0,0,5,18,1,temporary,1
5578,3,4,1,10,15,1,network_error,1
5000,2,2,0,0,7,1,network_error,1
5000,3,1,2,0,15,0,card_declined,0
9011,1,1,1,10,12,0,checkout_abandoned,1
5000,3,1,0,10,4,0,card_declined,1
14007,2,2,0,2,10,1,network_error,1
5000,3,3,2,10,6,0,insufficient_funds,0
5000,2,6,1,0,13,0,card_declined,0
33622,2,2,2,0,1,0,checkout_abandoned,1
15174,1,0,1,30,1,0,card_declined,1
5418,3,5,0,0,9,0,insufficient_funds,0
5000,1,1,0,0,12,1,temporary,1
5000,1,2,0,2,11,0,card_declined,1
5288,2,2,0,2,1,0,card_declined,1
5102,3,3,0,0,2,0,card_declined,0
5000,3,2,0,2,2,0,insufficient_funds,1
5000,3,5,1,2,2,1,temporary,1
5000,2,2,2,5,19,1,network_error,0
5000,3,0,0,30,6,0,card_declined,1
5000,2,1,0,5,19,0,insufficient_funds,0
12266,2,3,0,2,11,1,temporary,1
5000,1,0,0,30,23,0,insufficient_funds,0
5000,3,3,1,1,23,0,insufficient_funds,1
5000,1,2,1,0,14,0,card_declined,1
5493,1,1,2,10,21,0,insufficient_funds,1
5000,2,1,0,30,9,0,card_declined,1
21534,2,3,4,30,9,0,checkout_abandoned,0
8156,1,1,1,30,2,1,temporary,0
5000,2,2,2,30,13,0,card_declined,0
9616,1,2,1,5,15,0,insufficient_funds,1
5000,2,2,0,0,13,1,temporary,1
5000,3,1,2,5,5,0,insufficient_funds,1
6726,3,1,0,0,8,1,temporary,1
5000,1,3,0,0,6,0,insufficient_funds,1
12002,2,1,0,2,20,0,checkout_abandoned,0
5000,2,3,1,30,3,1,network_error,1
5000,1,2,0,0,6,1,temporary,0
5000,1,2,1,0,7,0,insufficient_funds,1
5000,1,3,1,2,10,1,network_error,1
14752,3,4,1,0,7,0,insufficient_funds,0
9216,2,2,1,10,21,1,temporary,1
27172,1,1,1,0,12,0,insufficient_funds,1
47460,3,1,1,30,8,0,checkout_abandoned,0
5000,1,2,0,0,8,0,insufficient_funds,1
5273,3,4,1,0,12,1,network_error,0
5000,2,1,1,5,8,0,insufficient_funds,0
5000,1,2,1,10,20,1,network_error,1
5000,2,1,1,1,2,0,card_declined,1
5000,3,1,1,2,7,0,insufficient_funds,1
5000,2,2,1,5,10,0,checkout_abandoned,0
5000,3,2,1,5,23,0,card_declined,1
5000,3,0,0,10,7,0,checkout_abandoned,0
11408,1,2,1,0,4,0,card_declined,0
5000,3,2,3,30,9,0,checkout_abandoned,0
81598,2,1,1,0,16,1,temporary,0
5000,3,3,0,0,23,1,temporary,1
5281,2,3,2,10,1,1,network_error,0
5000,2,3,2,0,15,1,network_error,1
27067,2,2,0,2,12,1,network_error,0
15055,3,1,1,0,8,0,insufficient_funds,0
6613,1,2,0,10,3,0,checkout_abandoned,0
5000,3,3,1,0,15,1,temporary,1
6067,1,1,2,0,15,1,network_error,1
5000,3,1,1,0,3,0,checkout_abandoned,0
21212,1,2,0,0,14,1,network_error,1
11039,1,1,0,5,12,0,insufficient_funds,1
5406,1,0,1,0,9,1,temporary,0
5000,2,2,0,2,12,0,checkout_abandoned,0
5000,1,0,0,5,22,0,card_declined,0
9776,2,2,0,0,10,0,checkout_abandoned,1
16529,3,1,1,2,21,1,temporary,0
14900,1,4,0,0,0,0,card_declined,1
5000,2,1,2,1,17,0,checkout_abandoned,0
6644,3,0,0,0,17,1,temporary,0
13568,2,2,2,0,17,0,checkout_abandoned,0
5000,3,4,0,0,8,0,insufficient_funds,0
5000,2,0,0,0,1,0,card_declined,1
6462,1,2,0,0,1,0,checkout_abandoned,1
5000,2,2,0,0,7,0,checkout_abandoned,0
5000,2,3,0,0,2,1,temporary,1
5000,1,1,1,0,4,1,temporary,0
5000,3,2,2,10,0,1,network_error,0
5000,1,3,1,30,9,0,card_declined,0
5000,1,1,2,5,21,0,insufficient_funds,0
5000,1,2,1,0,2,1,temporary,1
5000,3,1,1,10,8,1,network_error,1
7649,2,0,0,0,7,1,network_error,0
5000,3,2,2,0,10,0,card_declined,0
5000,2,2,3,10,13,0,card_declined,0
5390,1,1,0,0,22,0,card_declined,0
5000,2,3,2,30,3,0,insufficient_funds,0
7919,1,2,0,10,7,0,insufficient_funds,0
5000,2,0,1,2,2,0,checkout_abandoned,0
5113,1,2,1,2,1,0,checkout_abandoned,0
12845,3,6,0,0,16,0,checkout_abandoned,0
5000,2,2,1,5,6,0,checkout_abandoned,0
5000,1,2,1,1,5,1,network_error,1
6462,3,2,1,5,10,0,insufficient_funds,0
5000,2,4,2,0,11,0,insufficient_funds,0
5826,1,1,0,0,10,0,insufficient_funds,0
5000,2,2,2,0,20,0,checkout_abandoned,0
9550,1,0,3,1,16,0,insufficient_funds,0
12489,3,1,1,5,9,0,card_declined,0
7974,2,2,1,0,4,1,network_error,1
5000,3,2,2,10,2,0,card_declined,0
5000,3,0,1,10,16,0,card_declined,1
10606,3,1,0,0,18,0,insufficient_funds,1
16676,2,1,0,0,16,1,temporary,1
9363,1,1,0,5,17,1,temporary,1
5000,2,2,2,10,15,0,insufficient_funds,0
9641,2,3,0,5,14,0,insufficient_funds,1
11620,1,2,1,0,23,0,insufficient_funds,1
23360,3,5,3,2,12,0,card_declined,1
5000,3,3,2,0,21,0,checkout_abandoned,1
5000,2,1,1,0,18,1,network_error,0
10376,3,2,1,2,10,0,card_declined,0
5205,3,0,3,30,8,0,checkout_abandoned,0
5000,1,4,2,0,3,0,checkout_abandoned,0
7439,2,5,0,0,7,1,temporary,0
8766,3,0,0,0,12,1,temporary,1
5366,2,3,0,0,15,0,checkout_abandoned,0
6121,3,6,1,30,20,0,card_declined,1
5000,2,3,0,0,3,0,insufficient_funds,1
21553,1,2,1,0,3,1,temporary,1
5000,2,2,1,5,15,1,temporary,1
5000,2,4,2,0,0,0,insufficient_funds,0
5000,3,1,1,30,20,1,temporary,1
11836,1,1,1,2,5,0,insufficient_funds,0
5000,1,2,1,0,12,0,insufficient_funds,0
5000,1,3,3,1,1,0,checkout_abandoned,1
5000,2,1,1,0,1,1,temporary,0
5078,3,5,3,1,21,1,network_error,1
5000,2,2,0,30,15,1,temporary,1
5000,3,2,2,1,22,0,card_declined,0
9522,3,3,3,5,20,0,card_declined,0
5000,2,0,1,1,23,1,temporary,0
6193,2,3,0,30,4,0,checkout_abandoned,0
5000,1,1,1,2,17,0,card_declined,1
9624,3,2,0,5,14,1,network_error,0
7904,3,4,0,10,5,0,insufficient_funds,0
5000,3,2,0,10,4,0,card_declined,0
5000,3,1,0,30,9,0,insufficient_funds,0
13957,2,1,1,1,19,0,insufficient_funds,1
7283,1,3,1,0,11,0,checkout_abandoned,0
5000,3,1,3,0,6,0,card_declined,0
9467,2,2,1,0,13,1,network_error,0
5000,3,1,0,2,15,1,network_error,1
20181,3,1,2,0,14,0,checkout_abandoned,0
13685,1,3,2,0,14,0,card_declined,0
6567,2,0,2,5,9,0,card_declined,0
5751,2,4,2,1,8,0,card_declined,1
5000,2,2,2,0,9,0,card_declined,0
9686,1,3,1,2,21,1,temporary,1
5000,1,4,0,0,10,0,insufficient_funds,1
6220,2,2,1,0,21,1,temporary,0
11753,1,2,1,5,7,0,card_declined,1
5000,1,4,0,2,8,0,insufficient_funds,1
5000,1,2,0,5,8,0,checkout_abandoned,1
5000,3,1,0,0,8,1,temporary,1
5000,1,1,0,0,7,0,checkout_abandoned,0
5000,2,2,5,10,15,0,insufficient_funds,1
10196,1,3,0,5,23,0,insufficient_funds,0
29998,2,3,0,0,6,0,card_declined,0
20441,1,2,2,30,7,0,checkout_abandoned,0
5000,1,0,1,2,7,1,temporary,0
10146,2,3,0,0,5,0,card_declined,0
20375,3,2,1,0,0,0,checkout_abandoned,0
5000,1,2,0,2,0,0,card_declined,1
5439,2,3,1,0,2,0,checkout_abandoned,0
5000,3,3,0,0,3,0,card_declined,1
6417,2,1,1,1,15,0,insufficient_funds,1
5000,3,4,1,30,3,0,insufficient_funds,1
6000,1,0,0,1,7,0,insufficient_funds,1
5000,3,0,0,10,11,0,card_declined,0
8457,1,0,1,10,1,0,insufficient_funds,0
13691,2,2,1,10,11,1,network_error,1
5000,2,2,2,0,22,1,temporary,1
5000,1,0,2,30,0,1,temporary,1
5000,3,3,1,10,7,0,insufficient_funds,0
5000,3,2,2,10,2,0,card_declined,0
5000,1,2,1,0,5,1,network_error,0
5000,1,3,1,0,20,0,card_declined,0
7731,3,3,1,2,12,0,checkout_abandoned,1
5000,2,3,1,5,8,0,checkout_abandoned,1
5000,1,6,2,5,19,0,card_declined,1
5000,3,3,1,30,22,0,card_declined,0
14347,3,2,0,0,20,0,insufficient_funds,0
8981,2,3,1,0,12,0,insufficient_funds,1
5000,1,4,0,0,7,1,temporary,1
9128,1,2,1,2,12,1,network_error,1
5000,2,0,0,0,17,0,card_declined,1
5076,1,2,3,2,10,0,checkout_abandoned,1
5694,2,0,2,1,12,1,temporary,0
5000,1,3,1,0,18,0,insufficient_funds,1
7596,1,0,0,0,14,0,card_declined,1
5000,1,0,0,5,18,0,card_declined,1
8183,2,2,1,30,10,0,card_declined,0
8534,2,2,0,0,19,1,temporary,1
5000,2,3,1,0,4,0,insufficient_funds,0
16160,3,2,0,30,16,0,card_declined,0
5000,2,6,1,30,19,1,network_error,1
5000,1,5,1,30,10,1,temporary,1
13702,3,0,0,30,13,1,temporary,1
5000,3,2,1,0,14,1,network_error,0
5000,2,6,0,0,9,0,insufficient_funds,1
5000,1,5,1,5,11,1,network_error,1
13724,3,0,2,10,16,1,temporary,1
5000,3,3,0,10,17,0,checkout_abandoned,1
15199,2,2,1,30,10,0,checkout_abandoned,1
5000,1,1,1,30,21,0,insufficient_funds,0
5000,1,3,2,0,20,0,insufficient_funds,1
5000,1,1,0,0,17,0,insufficient_funds,1
5000,1,5,1,2,3,0,insufficient_funds,1
11686,1,0,0,0,9,0,checkout_abandoned,1
10223,2,0,0,10,0,0,checkout_abandoned,0
5000,1,3,0,10,22,1,network_error,1
5000,1,0,0,5,13,1,network_error,1
5000,3,4,0,0,7,1,temporary,1
17917,3,3,0,10,6,0,card_declined,1
5000,1,3,1,0,16,0,card_declined,0
24446,3,2,2,0,2,0,insufficient_funds,0
5000,3,3,1,2,8,0,insufficient_funds,0
5000,2,0,0,0,0,0,card_declined,1
5000,2,4,1,5,17,1,temporary,1
5000,2,3,0,5,18,0,insufficient_funds,0
5000,1,0,2,1,17,1,temporary,1
5403,2,0,1,0,23,0,checkout_abandoned,0
5000,3,4,0,0,11,1,temporary,1
5000,2,1,0,5,14,0,card_declined,0
5000,2,0,1,30,20,1,network_error,1
5000,1,1,0,1,18,0,checkout_abandoned,0
5000,3,4,1,30,11,1,temporary,1
5000,1,4,0,1,20,0,insufficient_funds,1
5000,3,2,2,0,18,0,checkout_abandoned,1
36350,1,3,0,30,19,0,insufficient_funds,1
5199,1,3,1,0,11,1,network_error,1
6281,1,3,1,5,7,1,network_error,1
5000,2,3,0,1,18,1,network_error,1
5000,3,2,0,2,0,1,network_error,1
6095,2,3,1,10,21,0,card_declined,0
5000,1,2,2,30,15,0,checkout_abandoned,1
12186,1,1,3,30,19,0,checkout_abandoned,0
5000,1,2,1,0,22,0,checkout_abandoned,0
5000,2,1,1,0,17,0,card_declined,0
5000,3,1,2,5,21,0,card_declined,0
5792,3,1,0,0,15,0,card_declined,0
5000,3,5,0,0,0,0,card_declined,1
5000,1,1,1,10,9,1,temporary,1
5000,2,0,1,2,21,1,network_error,1
5000,1,1,0,2,5,0,card_declined,1
7983,2,3,0,10,0,1,network_error,1
6237,2,1,0,5,10,1,temporary,0
5000,3,2,1,30,12,1,network_error,1
5000,2,3,0,0,11,0,checkout_abandoned,0
10900,1,0,3,1,20,0,checkout_abandoned,1
5000,2,1,4,1,4,1,temporary,0
5000,2,2,3,10,9,1,network_error,0
5457,2,3,1,10,14,0,checkout_abandoned,0
26811,1,2,0,0,16,0,card_declined,0
5000,2,4,0,30,20,1,network_error,1
10613,2,2,0,5,5,0,insufficient_funds,1
5000,3,0,1,0,21,0,insufficient_funds,0
6107,3,2,2,30,23,0,insufficient_funds,0
23743,1,5,0,0,23,1,network_error,1
8011,3,3,0,5,1,0,insufficient_funds,0
5829,1,8,1,30,8,1,network_error,1
5000,3,0,0,5,15,1,network_error,1
5069,2,0,0,2,6,0,checkout_abandoned,1
5000,3,3,0,10,0,1,network_error,0
5000,3,2,2,0,6,1,temporary,1
5000,2,1,1,0,1,0,card_declined,1
5993,2,2,4,5,17,0,insufficient_funds,0
5000,3,2,0,5,6,0,insufficient_funds,1
5000,2,1,1,0,15,1,network_error,1
5000,2,1,0,5,0,0,checkout_abandoned,1
7264,2,0,1,10,19,0,insufficient_funds,0
8478,2,0,0,2,4,0,card_declined,1
6196,1,1,1,0,5,0,insufficient_funds,0
12902,1,2,0,30,3,0,insufficient_funds,1
5366,3,0,0,0,1,0,card_declined,0
7273,2,0,0,1,21,0,checkout_abandoned,0
6659,2,3,1,2,22,1,network_error,1
5000,1,0,2,0,0,1,temporary,1
5000,3,1,0,0,6,0,card_declined,0
44988,2,1,1,10,14,1,network_error,1
5000,1,3,1,10,13,0,checkout_abandoned,1
5000,1,1,2,0,16,1,temporary,0
7585,2,2,0,2,21,0,insufficient_funds,0
6322,2,3,1,5,19,0,checkout_abandoned,1
5000,1,1,2,30,7,0,checkout_abandoned,1
15103,1,1,0,30,8,1,network_error,0
5000,1,3,0,0,8,0,checkout_abandoned,1
5000,1,3,2,10,4,0,card_declined,0
16135,3,0,0,0,13,1,temporary,0
9188,2,1,1,5,2,0,card_declined,1
5000,2,2,3,2,2,0,insufficient_funds,1
29061,1,4,1,30,3,0,insufficient_funds,1
9497,2,1,0,2,17,1,network_error,0
5000,3,1,0,1,12,1,network_error,1
24106,3,2,0,2,7,0,insufficient_funds,0
5763,2,2,2,0,14,1,temporary,0
5000,1,4,1,0,17,0,checkout_abandoned,1
5000,2,2,0,5,18,1,network_error,1
8794,1,1,0,1,11,0,card_declined,1
7915,1,0,2,5,19,0,card_declined,0
5000,3,2,2,1,7,1,network_error,1
5000,3,1,0,10,20,0,card_declined,1
5596,3,2,1,0,4,0,insufficient_funds,1
5000,2,1,0,1,3,1,network_error,1
5000,3,2,1,0,18,0,checkout_abandoned,0
5000,2,3,0,0,17,1,temporary,0
8648,1,0,0,0,21,0,card_declined,0
5000,1,3,0,0,1,1,temporary,1
6035,1,3,1,0,21,1,network_error,1
5000,3,2,1,0,21,0,checkout_abandoned,1
18183,1,1,0,1,13,0,card_declined,1
5000,3,1,0,10,12,1,temporary,1
9504,3,3,2,10,3,0,insufficient_funds,1
5000,2,1,0,2,15,1,network_error,1
5506,3,1,0,2,18,1,temporary,0
10268,1,1,0,0,14,1,temporary,1
5000,2,0,0,0,5,0,card_declined,1
13313,1,1,1,0,13,1,temporary,0
5000,1,2,0,1,3,0,insufficient_funds,1
6598,1,4,1,0,12,0,insufficient_funds,0
12365,3,3,1,0,21,0,checkout_abandoned,0
9509,3,1,1,1,22,0,checkout_abandoned,0
33404,3,3,1,0,17,0,checkout_abandoned,0
5000,3,2,0,10,8,1,network_error,0
5000,3,3,0,10,8,1,network_error,0
5000,3,1,1,30,18,0,insufficient_funds,1
9513,1,2,1,0,0,0,card_declined,0
8086,3,1,1,2,8,0,insufficient_funds,0
5443,3,1,1,10,13,0,checkout_abandoned,0
5000,1,3,1,1,1,0,insufficient_funds,0
10581,1,0,1,30,19,0,card_declined,1
5000,3,0,1,0,9,0,checkout_abandoned,1
15661,3,1,1,0,20,0,card_declined,1
85599,1,0,0,2,3,1,temporary,1
7090,1,2,0,0,0,1,temporary,1
8805,2,1,1,2,10,1,temporary,1
5000,1,3,1,10,23,1,temporary,1
5000,3,2,0,0,1,0,card_declined,0
5000,2,2,1,5,3,0,card_declined,0
5000,1,5,1,0,18,0,card_declined,0
5000,3,0,0,0,2,1,network_error,0
27511,3,2,1,10,14,1,network_error,1
6456,3,2,0,2,1,0,card_declined,1
7184,3,2,0,5,0,0,checkout_abandoned,0
5000,1,1,0,0,9,0,insufficient_funds,1
5000,3,3,0,1,15,1,temporary,1
12894,3,4,2,10,14,1,network_error,1
5000,3,0,0,2,22,0,checkout_abandoned,0
8355,1,0,0,0,1,0,checkout_abandoned,1
5000,2,2,0,2,1,0,card_declined,1
5000,3,1,1,0,18,1,network_error,0
5000,1,4,3,0,8,0,checkout_abandoned,1
5000,2,0,0,30,5,0,checkout_abandoned,1
5000,3,1,2,10,21,1,network_error,1
5200,3,2,0,10,7,1,temporary,0
5000,2,1,0,0,0,0,card_declined,1
5000,3,3,0,30,0,0,insufficient_funds,1
5186,3,5,0,0,22,0,insufficient_funds,0
5000,3,4,1,0,3,0,checkout_abandoned,0
5000,1,2,1,2,23,0,card_declined,1
7385,1,2,2,1,4,0,checkout_abandoned,0
7237,1,2,1,1,9,0,checkout_abandoned,1
5000,2,1,1,10,1,1,temporary,1
5758,2,2,1,2,11,0,card_declined,1
13662,1,6,0,0,23,1,temporary,1
10690,3,2,0,30,23,1,temporary,0
5000,1,1,0,5,8,1,temporary,1
5000,3,3,1,0,1,0,insufficient_funds,1
5000,2,0,1,0,16,0,checkout_abandoned,0
7846,3,3,2,0,7,0,card_declined,0
5973,1,3,0,0,20,0,checkout_abandoned,1
9222,1,3,0,0,1,0,insufficient_funds,1
5607,3,2,3,30,2,1,temporary,0
11145,2,4,0,0,17,1,network_error,1
5402,2,1,0,30,15,0,insufficient_funds,0
10771,1,2,1,10,15,0,insufficient_funds,0
11740,3,3,2,0,13,0,insufficient_funds,0
5000,1,3,1,1,20,0,insufficient_funds,1
5000,3,2,0,0,16,0,insufficient_funds,0
23005,2,3,0,0,4,0,checkout_abandoned,1
6352,1,3,1,0,19,0,card_declined,0
5000,2,2,0,5,13,1,network_error,0
5000,2,4,0,0,4,1,temporary,1
10634,2,1,0,10,17,1,network_error,0
5000,3,1,1,5,16,0,card_declined,0
5000,2,2,1,30,6,0,card_declined,0
19947,2,2,1,2,4,1,temporary,1
5000,2,2,0,1,21,0,insufficient_funds,1
5000,1,2,1,5,20,1,network_error,1
6071,3,3,2,5,4,0,card_declined,0
7262,1,5,1,0,16,0,insufficient_funds,1
8073,1,0,1,0,2,0,checkout_abandoned,0
12224,1,3,2,5,21,0,card_declined,1
5994,2,1,0,10,6,0,checkout_abandoned,1
8017,2,4,0,2,4,0,insufficient_funds,1
5000,3,2,0,30,19,0,checkout_abandoned,0
5232,3,2,1,2,23,0,card_declined,0
5472,3,3,1,5,17,1,temporary,1
6094,1,4,0,0,21,1,network_error,1
10641,3,3,2,5,21,1,network_error,0
8562,1,0,0,0,7,1,network_error,0
5136,1,2,1,5,14,1,network_error,1
5000,2,3,0,1,16,0,card_declined,0
5258,2,1,0,2,22,0,checkout_abandoned,1
5000,1,0,1,30,12,1,temporary,1
5962,3,0,0,1,13,0,insufficient_funds,1
44646,1,0,1,5,19,0,card_declined,0
5000,2,1,1,5,22,1,temporary,0
7497,2,1,1,0,1,0,insufficient_funds,0
14306,2,0,0,30,20,0,card_declined,0
5420,2,0,0,2,9,0,insufficient_funds,1
50911,3,1,1,5,11,0,checkout_abandoned,1
5000,2,1,1,0,10,1,temporary,1
6795,1,2,0,0,0,1,network_error,1
5000,3,2,0,30,13,1,temporary,0
5000,3,6,0,2,23,0,card_declined,1
6303,1,3,1,0,17,0,checkout_abandoned,1
11456,3,3,1,2,11,0,insufficient_funds,0
6762,2,1,0,10,0,0,card_declined,1
17311,1,2,0,0,17,1,temporary,1
5000,1,1,0,0,16,1,network_error,0
5000,3,2,1,1,10,0,card_declined,0
73422,1,2,2,1,8,0,card_declined,0
7289,2,6,1,0,8,0,checkout_abandoned,1
5000,3,0,1,0,5,1,network_error,0
5000,3,2,1,2,8,1,temporary,1
5000,2,1,1,2,3,0,card_declined,1
12538,3,1,2,0,8,0,insufficient_funds,0
5000,1,1,2,5,22,1,network_error,1
5582,3,3,1,0,13,0,checkout_abandoned,1
5000,1,2,1,30,13,0,insufficient_funds,1
10213,1,2,4,30,19,0,card_declined,0
5000,3,0,0,2,21,0,checkout_abandoned,0
5000,3,2,2,0,13,1,network_error,0
6150,3,2,0,0,8,0,checkout_abandoned,0
8963,3,4,0,0,12,0,insufficient_funds,0
6853,1,2,3,1,20,1,temporary,1
5000,2,1,0,0,7,1,network_error,0
9676,3,4,0,10,23,0,insufficient_funds,0
5000,2,2,3,2,11,1,network_error,1
5000,1,0,3,0,17,0,checkout_abandoned,0
5000,1,2,1,30,4,1,network_error,1
18054,3,1,0,30,23,0,checkout_abandoned,0
9259,3,3,3,5,17,0,checkout_abandoned,0
9000,1,2,1,0,21,1,temporary,0
17106,1,4,2,30,18,0,insufficient_funds,1
81850,2,0,1,5,10,0,insufficient_funds,0
5000,1,2,1,0,5,1,temporary,0
5000,3,4,3,0,19,0,insufficient_funds,1
5000,3,4,1,0,13,1,network_error,1
5000,2,1,1,5,5,0,checkout_abandoned,0
5000,3,4,0,30,6,0,checkout_abandoned,0
5000,1,2,0,0,4,1,temporary,0
5000,3,3,1,0,23,0,checkout_abandoned,1
6870,2,3,1,5,16,0,checkout_abandoned,0
5175,2,2,0,1,7,1,network_error,1
7950,1,0,0,0,5,0,checkout_abandoned,1
8165,1,1,1,1,20,0,insufficient_funds,1
8982,1,4,1,0,17,0,card_declined,0
5000,2,1,1,30,16,1,temporary,0
40992,1,1,0,10,1,0,card_declined,0
6213,1,2,0,1,23,1,temporary,1
5000,2,0,0,10,10,1,network_error,1
5000,3,2,0,30,17,0,checkout_abandoned,0
5000,1,1,2,0,4,1,temporary,0
5000,2,1,1,2,14,0,card_declined,0
5000,3,2,1,0,2,0,checkout_abandoned,0
5000,2,1,0,0,11,1,temporary,1
36714,1,4,1,5,5,1,temporary,1
8509,1,1,0,0,11,0,card_declined,0
10158,3,2,3,30,20,0,card_declined,0
5000,2,1,0,1,0,0,card_declined,1
5000,1,3,2,10,11,1,network_error,0
5099,3,0,0,0,23,0,checkout_abandoned,0
5843,3,1,2,10,23,1,temporary,0
5000,3,1,1,0,13,1,temporary,1
5000,1,6,0,5,15,1,network_error,0
5000,1,2,1,2,14,0,insufficient_funds,1
5000,1,2,0,2,10,1,temporary,1
5000,1,0,1,2,4,0,insufficient_funds,0
5000,2,1,3,1,19,1,network_error,1
5000,2,3,3,1,10,0,insufficient_funds,0
5381,3,5,1,30,20,1,network_error,0
8998,1,3,0,30,5,0,insufficient_funds,1
14484,3,2,1,2,4,1,temporary,1
5000,3,3,0,0,5,0,insufficient_funds,1
5000,1,2,1,0,15,1,temporary,1
7613,2,5,3,30,13,0,card_declined,0
9052,2,2,1,0,15,0,insufficient_funds,1
5000,1,1,1,5,5,1,temporary,1
10833,1,3,1,5,8,0,checkout_abandoned,1
13089,3,0,1,10,15,0,checkout_abandoned,0
17884,3,1,0,0,12,0,insufficient_funds,1
29094,2,3,0,5,9,1,network_error,0
5000,1,2,2,1,7,0,insufficient_funds,1
5000,1,5,0,0,9,1,network_error,0
5000,3,2,0,5,6,0,insufficient_funds,1
5000,2,3,1,10,16,1,temporary,1
5000,2,1,2,2,3,0,insufficient_funds,0
5000,1,0,3,10,16,1,network_error,0
5392,3,0,2,2,1,0,card_declined,0
5000,2,1,0,10,9,1,network_error,1
5356,2,2,1,10,11,1,network_error,0
5000,3,1,0,10,22,1,network_error,0
5000,2,0,1,5,15,0,checkout_abandoned,0
6212,3,2,0,0,7,0,card_declined,0
5715,2,3,0,30,8,0,insufficient_funds,0
8771,2,2,1,30,17,0,insufficient_funds,1
43733,3,2,1,5,20,0,insufficient_funds,0
6485,2,2,0,30,19,0,checkout_abandoned,1
7983,3,6,0,0,21,1,temporary,1
5000,1,1,0,30,5,0,card_declined,0
5000,3,3,0,0,11,0,checkout_abandoned,0
23928,2,1,0,5,11,0,checkout_abandoned,1
5000,1,1,1,2,10,0,card_declined,1
5000,1,4,2,10,0,1,temporary,0
5000,3,2,1,2,5,1,network_error,1
5000,2,2,1,2,7,1,network_error,0
5000,3,2,1,0,9,1,network_error,1
5000,1,2,2,1,6,1,temporary,1
16804,1,4,0,0,8,0,checkout_abandoned,1
5000,3,3,0,30,18,0,card_declined,0
5000,2,3,2,2,7,1,network_error,1
12614,3,0,1,0,5,0,checkout_abandoned,0
8040,3,2,1,0,11,0,checkout_abandoned,1
5000,2,2,0,10,0,1,network_error,0
5000,3,5,0,2,5,1,temporary,1
5000,3,3,1,1,0,0,insufficient_funds,0
5000,1,2,0,0,1,0,checkout_abandoned,1
15766,1,1,0,0,18,0,insufficient_funds,1
5000,1,1,3,2,0,0,checkout_abandoned,1
5000,3,4,1,2,3,1,temporary,1
9654,1,1,1,2,4,1,temporary,1
5000,1,0,0,5,15,0,card_declined,1
13818,2,0,1,30,7,0,card_declined,1
5000,1,1,2,0,4,1,temporary,1
6849,1,1,0,5,17,1,temporary,1
6289,3,0,1,10,5,1,network_error,1
14538,3,3,1,1,22,0,insufficient_funds,0
8526,2,0,1,1,19,0,checkout_abandoned,0
5000,3,2,1,2,21,0,checkout_abandoned,1
5000,2,2,0,5,16,1,network_error,1
5643,2,4,1,0,6,1,network_error,1
5000,2,3,0,0,15,0,checkout_abandoned,1
7923,3,1,1,0,18,1,temporary,0
10822,1,4,0,0,22,0,insufficient_funds,1
9031,2,2,0,30,1,1,temporary,0
5000,1,1,1,0,20,1,network_error,0
5000,3,3,2,5,19,1,temporary,1
5000,2,2,1,0,20,0,card_declined,1
7452,1,1,1,2,4,1,temporary,1
5000,2,4,1,10,3,0,insufficient_funds,0
9239,2,1,1,0,15,0,card_declined,0
12190,1,1,1,1,3,0,insufficient_funds,1
5579,3,7,1,1,4,0,insufficient_funds,1
5000,2,0,0,10,23,0,card_declined,0
5000,1,3,0,2,21,0,card_declined,1
32408,2,2,0,5,13,1,network_error,1
5000,2,3,1,2,15,0,insufficient_funds,0
5000,2,2,0,0,13,0,checkout_abandoned,1
16903,1,2,1,2,17,1,temporary,0
5000,3,2,1,30,12,1,temporary,1
14837,2,1,1,1,14,0,insufficient_funds,0
6483,2,4,0,10,17,0,insufficient_funds,1
7774,3,4,2,5,19,0,card_declined,0
7065,2,4,0,0,14,1,temporary,1
9872,1,0,0,0,17,0,card_declined,1
47926,2,2,0,2,3,0,card_declined,0
12977,2,2,2,0,1,0,insufficient_funds,0
5000,1,3,0,1,2,1,temporary,0
7682,1,2,1,1,17,0,card_declined,1
15390,1,3,2,1,7,1,temporary,1
16361,3,1,1,5,18,0,checkout_abandoned,1
5000,1,2,1,0,20,1,temporary,1
15755,2,0,1,0,16,0,card_declined,0
12428,3,1,0,1,9,0,checkout_abandoned,0
64377,2,3,0,10,2,1,network_error,1
5000,1,0,2,0,20,1,temporary,0
5000,3,3,0,10,8,0,insufficient_funds,1
5000,2,0,0,1,13,1,network_error,1
5000,1,2,1,0,17,0,insufficient_funds,1
5000,2,0,2,2,22,0,card_declined,0
5000,1,0,0,1,12,1,network_error,1
5000,2,2,1,5,21,1,temporary,1
7110,1,1,1,5,17,1,network_error,1
5000,3,2,1,0,9,0,checkout_abandoned,0
34043,3,0,1,0,8,0,checkout_abandoned,0
5000,3,1,1,0,13,1,temporary,1
17872,3,1,1,5,17,1,temporary,0
6383,1,4,3,1,17,0,checkout_abandoned,0
11230,1,4,1,1,17,0,checkout_abandoned,1
6497,3,3,0,1,1,1,temporary,0
19317,2,5,1,0,10,0,card_declined,0
5197,2,1,0,2,3,0,card_declined,0
8071,3,1,1,0,0,0,checkout_abandoned,1
7089,2,5,1,2,17,0,insufficient_funds,1
5000,3,3,1,0,23,0,insufficient_funds,0
7368,3,0,2,0,21,1,temporary,0
45907,1,4,1,30,20,0,insufficient_funds,0
5000,3,3,1,5,7,0,checkout_abandoned,1
7476,1,2,0,30,3,0,card_declined,1
17288,1,1,0,1,9,0,card_declined,1
15371,3,2,1,5,10,1,network_error,1
5000,3,1,2,1,20,0,card_declined,1
5000,1,6,0,5,7,1,network_error,1
8239,2,5,0,2,6,1,temporary,1
5000,2,1,0,0,23,0,checkout_abandoned,0
21374,2,3,0,2,22,1,network_error,1
5822,3,2,2,0,17,1,temporary,1
13355,1,1,0,2,3,0,insufficient_funds,1
5000,3,4,4,0,13,1,temporary,1
5000,1,7,1,10,6,1,temporary,1
6378,1,1,0,2,3,0,card_declined,1
5000,2,2,1,1,0,1,network_error,1
5000,1,1,2,30,7,0,insufficient_funds,0
5348,2,2,0,30,2,1,network_error,0
78232,2,5,0,0,2,1,temporary,1
11322,2,2,1,30,6,1,network_error,0
14037,1,5,0,1,11,1,network_error,1
11429,3,0,0,0,15,1,network_error,1
21578,1,0,3,30,20,0,card_declined,1
5000,1,2,1,30,4,1,temporary,0
5000,2,1,1,10,18,0,insufficient_funds,0
5000,3,2,1,1,22,1,temporary,0
11067,2,0,2,2,18,0,insufficient_funds,0
5000,3,3,1,30,8,0,card_declined,0
5000,3,3,1,0,7,1,temporary,0
5000,3,0,1,30,12,0,card_declined,0
22071,1,4,1,30,19,0,checkout_abandoned,1
10398,3,0,3,1,15,0,checkout_abandoned,0
9428,1,0,3,0,10,0,insufficient_funds,0
9150,3,2,1,0,3,0,card_declined,0
5000,3,0,1,0,16,0,insufficient_funds,0
5988,1,0,0,5,16,0,card_declined,0
5000,1,2,0,0,12,1,network_error,0
5000,3,3,1,0,2,1,temporary,0
5710,1,3,1,2,10,0,card_declined,1
6795,3,1,0,5,19,0,insufficient_funds,1
16469,2,0,2,0,22,0,checkout_abandoned,0
23655,2,2,0,1,11,0,card_declined,1
23623,3,1,3,0,20,0,insufficient_funds,0
5000,1,2,0,2,2,0,insufficient_funds,1
5000,2,7,3,0,1,1,network_error,1
7945,3,1,0,1,16,1,temporary,1
61815,1,1,3,0,23,0,card_declined,0
21592,1,4,1,10,1,0,insufficient_funds,1
15053,1,1,0,0,3,1,temporary,0
5000,2,2,0,2,23,0,insufficient_funds,1
5000,1,2,0,5,22,0,card_declined,1
10817,1,1,1,5,10,1,network_error,1
5000,3,1,1,0,1,0,card_declined,0
5000,2,3,0,10,9,0,card_declined,1
5000,2,3,2,5,16,0,insufficient_funds,1
24171,2,6,1,10,7,1,temporary,0
5000,3,4,1,5,7,0,checkout_abandoned,0
5000,2,3,1,2,10,1,network_error,1
8139,2,3,2,5,10,0,checkout_abandoned,1
5000,3,1,1,0,18,1,temporary,1
5128,1,5,2,0,11,1,network_error,1
5000,2,0,0,0,12,1,network_error,1
5000,3,4,1,1,9,1,temporary,1
10832,2,4,1,2,15,1,temporary,0
5000,3,3,0,5,16,1,temporary,1
5000,3,1,0,0,1,0,checkout_abandoned,0
9740,2,3,2,0,0,1,temporary,0
5000,3,3,1,10,20,0,insufficient_funds,0
5000,1,1,0,10,1,1,temporary,1
9590,1,0,0,0,12,0,checkout_abandoned,0
15109,3,2,1,0,20,1,network_error,1
5000,1,2,0,0,12,0,checkout_abandoned,1
5000,2,5,1,0,2,0,card_declined,0
9956,2,3,1,5,6,0,card_declined,1
5000,2,3,1,5,3,0,card_declined,1
6692,3,2,1,5,1,0,insufficient_funds,1
5000,1,2,1,0,8,1,network_error,1
5000,2,6,1,1,8,0,card_declined,1
5000,1,0,0,1,15,1,network_error,1
5000,1,4,2,10,19,0,insufficient_funds,1
5000,1,2,2,30,13,0,checkout_abandoned,0
8854,3,4,1,30,13,0,card_declined,0
5000,1,1,0,0,19,0,insufficient_funds,0
13097,3,1,0,0,6,0,insufficient_funds,0
6510,2,1,1,0,11,0,card_declined,1
5000,2,2,1,30,14,1,network_error,1
5000,3,3,0,30,19,0,checkout_abandoned,1
5000,3,1,2,2,8,0,insufficient_funds,1
6573,1,4,1,0,12,1,temporary,1
5000,3,1,1,1,5,0,card_declined,0
5000,3,2,2,5,7,0,card_declined,1
5000,3,0,1,10,17,1,network_error,0
5000,1,4,0,10,20,0,insufficient_funds,1
23758,2,2,0,10,4,0,insufficient_funds,0
5000,2,0,2,0,23,0,card_declined,0
5000,2,3,2,5,14,1,network_error,1
14912,2,1,1,30,23,1,network_error,0
19087,2,1,1,1,17,0,insufficient_funds,1
5000,2,5,0,2,3,0,checkout_abandoned,1
5000,2,1,0,0,1,0,insufficient_funds,1
9101,3,2,0,10,21,1,temporary,0
5000,3,3,0,0,16,0,insufficient_funds,1
5000,1,4,1,30,20,0,card_declined,1
5000,2,5,2,2,0,0,insufficient_funds,1
23153,3,1,2,0,3,1,network_error,1
5000,2,1,0,2,19,0,card_declined,0
5436,3,2,0,0,20,0,card_declined,1
15272,1,1,1,30,6,0,insufficient_funds,0
40412,2,2,2,1,23,0,checkout_abandoned,1
5000,3,2,0,1,3,0,checkout_abandoned,0
5000,3,3,1,1,7,1,temporary,1
30395,2,3,2,5,3,1,temporary,0
5000,2,6,1,10,13,0,checkout_abandoned,1
13733,2,0,0,5,10,0,insufficient_funds,0
5000,3,1,0,0,14,1,network_error,0
5445,2,3,0,5,6,1,temporary,1
5000,1,4,0,5,12,1,temporary,1
5000,1,1,0,30,11,0,card_declined,0
5000,2,1,0,0,6,1,network_error,1
6479,3,1,0,10,20,1,temporary,0
13300,2,0,3,30,20,0,checkout_abandoned,0
5000,3,2,1,0,2,0,insufficient_funds,1
5271,3,0,1,30,7,0,card_declined,0
8700,2,1,1,10,6,1,temporary,0
5000,3,1,0,10,6,1,temporary,1
10297,2,2,0,30,2,0,insufficient_funds,0
11151,2,7,1,0,9,1,network_error,1
66411,3,2,0,0,15,0,card_declined,0
5000,2,1,3,2,8,0,checkout_abandoned,0
5000,2,1,2,2,14,1,network_error,0
10603,2,1,0,10,1,0,checkout_abandoned,0
11148,3,1,1,2,20,0,checkout_abandoned,1
5000,1,1,2,0,12,0,card_declined,0
5000,1,1,0,2,17,1,network_error,1
8443,2,2,0,1,11,0,checkout_abandoned,1
5000,1,3,1,30,16,1,network_error,1
5000,2,2,1,5,13,0,checkout_abandoned,1
5375,2,3,1,10,3,0,card_declined,1
13305,2,3,1,5,5,0,checkout_abandoned,1
5000,1,1,0,0,19,1,network_error,1
5000,1,3,0,10,8,0,insufficient_funds,1
5000,2,2,1,0,0,0,insufficient_funds,0
5000,3,2,0,0,12,1,network_error,1
5000,3,2,1,0,17,1,temporary,0
5000,2,0,0,0,20,1,network_error,0
5000,1,0,0,30,19,0,insufficient_funds,1
5000,1,4,0,0,22,0,insufficient_funds,0
5000,2,2,1,0,5,0,card_declined,0
5000,1,5,2,0,17,0,checkout_abandoned,1
18444,3,1,1,5,7,0,insufficient_funds,0
9527,2,1,1,0,21,1,temporary,1
5000,3,0,0,5,5,1,network_error,1
5000,1,3,1,0,17,0,card_declined,1
5000,2,0,2,0,19,1,temporary,0
6820,3,1,2,0,14,1,network_error,0
8814,1,4,1,0,10,0,insufficient_funds,0
5000,3,1,0,0,11,0,checkout_abandoned,1
5097,2,0,0,10,8,1,temporary,0
5000,2,3,0,2,2,0,card_declined,1
6073,2,1,0,1,12,0,card_declined,0
10531,3,3,1,30,14,0,checkout_abandoned,0
5000,3,0,4,1,17,0,checkout_abandoned,0
30228,1,2,0,30,1,0,checkout_abandoned,0
5000,2,1,0,1,15,0,checkout_abandoned,1
6108,3,3,0,30,6,0,insufficient_funds,0
5000,1,2,0,0,16,1,network_error,1
5000,2,1,2,2,11,1,network_error,1
5000,3,0,0,1,22,0,checkout_abandoned,0
5470,1,2,1,30,2,0,insufficient_funds,0
11475,2,4,0,0,6,0,insufficient_funds,0
19491,2,3,1,0,17,1,network_error,0
5000,1,0,1,0,4,0,checkout_abandoned,1
11106,1,1,2,2,6,1,temporary,1
5000,2,2,1,0,15,0,checkout_abandoned,0
10571,1,4,1,1,12,1,network_error,0
5000,3,2,1,5,3,1,temporary,1
14627,2,2,1,0,7,0,checkout_abandoned,1
44830,3,4,0,0,15,0,checkout_abandoned,0
5000,2,2,1,0,1,0,checkout_abandoned,0
5000,1,1,2,0,22,1,temporary,0
5000,2,2,2,30,9,0,card_declined,0
16846,3,0,1,10,11,1,network_error,1
8544,2,2,1,0,15,1,network_error,0
6303,1,3,0,2,5,1,network_error,1
13476,1,3,1,0,13,1,temporary,0
7978,2,2,0,10,23,0,card_declined,1
16609,3,1,0,10,23,1,temporary,0
12325,2,3,1,10,9,1,network_error,1
22509,1,1,1,0,23,0,insufficient_funds,1
7036,1,3,3,0,2,1,temporary,1
12152,2,1,1,10,21,0,insufficient_funds,0
5000,2,2,0,2,9,0,checkout_abandoned,1
5000,1,4,0,2,7,0,checkout_abandoned,1
27085,3,2,1,30,2,0,insufficient_funds,1
6100,1,1,0,10,14,0,checkout_abandoned,0
10991,1,1,0,0,1,0,card_declined,1
5562,2,2,0,0,17,0,checkout_abandoned,1
5000,3,1,1,0,1,0,insufficient_funds,0
5000,2,1,0,10,12,0,checkout_abandoned,0
20660,3,2,0,0,10,0,checkout_abandoned,0
8563,1,1,1,0,23,0,insufficient_funds,1
5000,2,0,1,30,11,1,network_error,0
5000,1,2,1,1,7,1,temporary,1
29210,1,2,0,0,17,1,network_error,1
5000,2,2,2,2,20,1,network_error,1
5000,1,2,4,30,13,0,checkout_abandoned,0
32632,1,1,0,0,18,1,temporary,0
9724,1,1,0,2,20,0,card_declined,1
5000,3,3,2,10,11,0,checkout_abandoned,1
5000,2,1,0,2,20,1,network_error,1
14506,2,1,0,30,19,0,card_declined,1
5000,3,3,1,1,4,1,temporary,1
15494,2,0,1,10,10,0,card_declined,0
8452,3,2,1,1,0,0,checkout_abandoned,1
6277,2,4,1,0,18,0,insufficient_funds,0
5684,1,0,1,0,16,0,card_declined,1
5000,1,4,2,0,0,0,checkout_abandoned,0
13983,1,4,0,5,0,0,checkout_abandoned,1
5000,1,4,2,1,14,1,network_error,1
5000,1,2,0,5,9,0,insufficient_funds,0
9085,2,6,2,5,1,0,insufficient_funds,1
9239,3,4,1,2,1,0,card_declined,0
7944,1,2,0,30,20,1,temporary,1
7388,1,3,0,1,11,0,checkout_abandoned,1
5000,3,0,1,5,18,1,temporary,0
10801,1,6,1,5,10,1,network_error,1
5000,3,3,0,5,22,1,network_error,1
5000,2,2,2,1,20,0,insufficient_funds,0
5000,3,3,0,1,21,1,temporary,1
37072,2,1,3,10,15,0,card_declined,1
5000,2,1,2,30,0,0,checkout_abandoned,0
8101,1,2,0,0,9,0,checkout_abandoned,1
5000,2,2,3,30,2,1,network_error,1
5000,3,1,2,30,12,0,card_declined,0
5000,3,5,1,2,11,0,card_declined,1
5000,1,1,0,2,13,1,network_error,1
7252,1,1,1,1,22,0,checkout_abandoned,0
5000,1,2,0,2,5,0,insufficient_funds,0
5000,3,3,3,0,20,1,temporary,0
11379,1,2,1,1,18,0,checkout_abandoned,0
20640,3,1,0,30,10,1,network_error,1
21810,2,3,0,2,11,0,checkout_abandoned,1
7037,1,1,1,0,9,0,insufficient_funds,1
5146,3,1,0,0,15,0,card_declined,1
18548,3,3,2,10,18,0,insufficient_funds,0
26433,2,3,2,1,0,0,card_declined,1
15268,3,3,1,2,23,0,insufficient_funds,1
5000,3,0,0,1,2,1,temporary,1
6010,2,3,1,0,3,0,insufficient_funds,0
7627,1,3,0,0,14,1,temporary,1
5000,3,0,1,2,2,0,insufficient_funds,1
7858,3,1,2,0,17,0,checkout_abandoned,0
47714,3,2,1,2,5,0,insufficient_funds,0
9320,3,4,1,10,7,0,insufficient_funds,0
21448,2,3,0,0,14,0,checkout_abandoned,0
5901,2,1,2,10,22,0,card_declined,0
5000,3,2,0,0,4,0,insufficient_funds,0
7195,3,3,1,1,20,0,card_declined,0
5000,1,1,1,5,15,0,card_declined,0
5000,2,3,0,0,12,1,temporary,1
17436,2,2,0,0,21,1,temporary,1
19386,3,2,0,1,15,0,card_declined,0
5000,3,2,2,0,19,1,network_error,1
12938,1,3,0,30,14,0,checkout_abandoned,1
5000,3,3,0,0,11,0,checkout_abandoned,1
6903,2,2,1,10,7,0,card_declined,0
7787,1,2,0,0,6,0,insufficient_funds,1
13284,2,4,3,10,1,0,card_declined,0
5338,1,2,0,0,6,1,network_error,1
20133,3,2,0,5,19,1,network_error,1
6696,3,3,1,5,7,1,network_error,1
9174,3,3,0,5,11,1,temporary,1
5000,2,0,1,0,9,1,temporary,0
42559,2,1,1,0,20,1,network_error,1
7862,2,4,0,10,13,0,checkout_abandoned,0
10026,3,1,2,0,8,1,temporary,0
5000,1,2,0,10,22,0,card_declined,0
5000,3,1,1,10,0,0,card_declined,1
16947,2,1,1,5,3,0,insufficient_funds,0
6547,2,2,1,0,3,0,checkout_abandoned,0
5000,3,2,1,0,2,1,network_error,0
13881,1,1,0,0,3,1,network_error,1
5000,1,2,1,0,16,0,card_declined,0
20157,1,1,1,10,17,0,checkout_abandoned,0
5000,3,3,1,1,1,0,card_declined,1
6031,1,1,0,10,0,1,temporary,1
15977,2,3,2,0,21,0,card_declined,0
5000,1,1,2,0,19,0,card_declined,1
5000,3,5,2,2,18,0,checkout_abandoned,1
5000,3,0,0,2,16,0,insufficient_funds,1
11239,2,0,1,1,10,0,insufficient_funds,0
5000,1,3,1,0,7,1,network_error,1
5000,2,1,0,0,7,0,insufficient_funds,0
11200,3,2,1,0,12,1,temporary,0
5000,3,1,2,0,1,1,temporary,0
5000,2,3,1,0,22,1,network_error,1
5000,2,0,1,5,23,0,card_declined,0
5000,2,3,1,5,1,1,temporary,1
5000,1,3,1,10,12,0,card_declined,1
12461,1,2,0,0,8,0,checkout_abandoned,1
5000,3,2,1,2,9,1,network_error,1
25780,2,1,0,10,9,1,temporary,0
5000,3,2,1,1,12,1,network_error,0
5000,2,1,1,0,23,1,temporary,0
22864,2,4,0,1,17,0,insufficient_funds,1
6072,2,3,0,0,23,0,insufficient_funds,1
5000,3,2,0,1,6,1,network_error,1
5000,1,2,1,0,20,1,network_error,1
19016,2,1,0,30,9,1,network_error,0
21294,3,1,0,5,9,1,network_error,1
5000,1,5,1,5,1,0,insufficient_funds,1
5000,1,2,1,30,21,1,network_error,1
5378,1,0,2,30,2,1,network_error,0
5000,2,3,2,0,11,0,checkout_abandoned,0
5000,1,2,1,2,23,0,insufficient_funds,1
5000,2,0,2,2,15,0,checkout_abandoned,1
15370,1,2,0,0,2,1,network_error,1
16439,1,0,1,0,22,0,checkout_abandoned,0
5000,1,2,1,0,14,1,network_error,1
5000,3,3,2,0,5,1,network_error,0
9549,2,4,2,5,6,0,checkout_abandoned,0
5000,1,2,0,0,20,1,network_error,1
8854,2,3,0,0,14,0,checkout_abandoned,0
5000,3,0,0,0,9,0,checkout_abandoned,1
5000,3,3,1,1,7,0,checkout_abandoned,1
5000,3,0,1,10,20,0,checkout_abandoned,0
20890,2,1,0,0,8,0,checkout_abandoned,0
5000,2,4,1,5,13,1,network_error,1
25345,1,4,1,2,1,0,card_declined,1
5000,1,1,1,30,5,0,card_declined,1
6576,3,3,1,2,18,1,network_error,0
53781,1,1,0,10,18,1,network_error,0
5000,3,3,1,5,23,0,checkout_abandoned,0
5000,3,4,1,10,2,1,temporary,1
17793,3,1,0,1,12,1,temporary,1
5000,2,2,0,0,3,0,card_declined,1
5000,3,1,0,2,17,0,insufficient_funds,0
5000,1,5,0,0,3,0,checkout_abandoned,1
6426,3,3,0,5,2,0,insufficient_funds,0
5000,2,7,0,0,20,0,checkout_abandoned,0
5000,3,6,0,30,3,1,temporary,1
7706,1,1,0,0,20,1,temporary,0
5000,3,0,2,0,17,0,card_declined,0
5000,2,3,0,0,13,1,network_error,0
5000,1,4,0,0,3,0,checkout_abandoned,1
5000,2,1,2,0,6,1,temporary,0
5000,1,0,0,30,4,1,network_error,0
5534,1,2,0,5,9,1,network_error,1
5000,2,1,0,0,4,0,card_declined,1
5000,3,0,0,1,4,1,network_error,1
5000,1,3,1,0,7,0,checkout_abandoned,1
5000,1,1,0,2,0,1,temporary,1
9809,2,0,2,1,21,1,temporary,1
20660,2,2,1,1,20,0,checkout_abandoned,0
5000,1,2,0,1,6,0,card_declined,1
7984,2,4,0,0,4,0,checkout_abandoned,1
5000,2,1,0,2,20,0,card_declined,1
7083,3,3,0,0,1,0,checkout_abandoned,0
23524,1,2,2,2,18,0,card_declined,0
8173,2,1,0,2,3,0,insufficient_funds,1
5000,1,0,0,0,1,0,checkout_abandoned,1
7738,3,1,0,10,22,0,insufficient_funds,0
16862,3,2,1,30,13,1,network_error,0
5000,2,4,1,5,8,0,insufficient_funds,1
13301,2,3,1,30,1,1,network_error,0
5000,3,0,0,30,15,0,insufficient_funds,1
5000,1,0,0,5,13,0,insufficient_funds,0
5659,1,1,1,0,0,1,temporary,1
5000,1,2,1,0,17,1,network_error,1
5000,3,5,0,10,12,1,temporary,1
17798,1,1,1,1,20,1,temporary,0
5000,1,2,2,5,17,0,card_declined,0
5000,1,1,1,30,14,1,network_error,0
5000,3,3,2,30,1,0,insufficient_funds,0
5000,3,2,1,5,5,1,network_error,1
5000,3,3,0,0,7,1,temporary,0
19913,1,2,0,0,22,1,temporary,0
12763,2,3,0,10,7,0,card_declined,1
8064,2,1,0,0,12,1,temporary,0
5685,2,1,2,2,21,0,checkout_abandoned,1
7282,1,2,0,0,0,0,insufficient_funds,0
5000,2,1,2,1,15,1,temporary,0
11582,1,3,1,30,21,0,checkout_abandoned,1
5000,1,4,2,1,20,1,network_error,0
11331,1,0,0,0,12,0,checkout_abandoned,1
16093,3,3,2,1,9,0,checkout_abandoned,0
6068,3,0,2,0,4,1,network_error,0
5000,3,0,0,30,14,1,network_error,1
7334,2,2,1,0,21,1,temporary,1
5000,2,1,0,30,12,1,temporary,1
6649,2,2,3,0,15,0,card_declined,0
5000,1,2,0,5,6,0,insufficient_funds,1
5000,3,0,1,30,17,0,card_declined,0
9961,3,3,1,0,10,0,checkout_abandoned,0
5000,1,1,1,30,8,1,temporary,1
5000,1,4,0,1,5,1,network_error,1
5000,1,3,2,2,15,0,checkout_abandoned,0
5258,2,4,0,0,0,1,network_error,1
5513,1,2,2,30,22,1,network_error,0
5778,1,1,2,5,23,0,card_declined,1
13896,2,3,1,0,22,1,network_error,0
5000,1,1,1,0,22,0,card_declined,0
5858,1,1,2,30,20,0,insufficient_funds,1
17853,1,1,1,5,19,0,checkout_abandoned,0
5000,3,1,0,0,10,0,card_declined,0
5881,2,4,4,1,4,0,checkout_abandoned,1
5000,1,0,1,0,0,1,network_error,1
5000,2,0,1,0,0,0,checkout_abandoned,0
5000,1,2,0,1,16,0,checkout_abandoned,1
5000,2,5,1,0,4,1,network_error,1
30984,2,2,1,0,3,1,temporary,0
5000,3,5,1,0,20,0,insufficient_funds,1
5000,2,4,2,30,3,1,temporary,0
5000,3,3,1,30,3,0,insufficient_funds,0
27651,1,0,0,0,11,0,card_declined,1
5000,1,4,1,2,5,0,card_declined,1
5000,2,1,0,0,1,0,insufficient_funds,0
5000,1,2,1,2,16,0,insufficient_funds,1
5000,2,2,1,1,12,0,insufficient_funds,0
5000,2,1,0,0,11,0,card_declined,1
57425,3,7,0,10,5,0,insufficient_funds,1
19772,2,1,0,10,15,0,insufficient_funds,0
5000,3,2,1,0,13,0,card_declined,0
9391,2,1,1,0,13,0,insufficient_funds,0
5000,2,5,0,0,22,1,temporary,1
5000,1,4,1,1,13,1,temporary,0
13622,3,1,1,1,22,1,temporary,0
15679,3,4,0,5,20,0,insufficient_funds,0
13989,1,2,2,5,2,0,insufficient_funds,1
5000,1,3,1,0,5,1,temporary,0
5000,1,3,1,1,16,1,temporary,1
10402,2,2,0,10,3,1,network_error,1
7269,2,0,0,30,17,0,insufficient_funds,1
5000,1,3,1,10,9,0,card_declined,0
5000,1,2,1,0,7,0,insufficient_funds,0
5507,2,1,4,2,12,0,checkout_abandoned,0
14458,2,3,1,0,7,0,card_declined,0
5000,2,3,2,0,11,1,network_error,1
9309,1,2,1,0,18,1,temporary,0
6846,3,1,0,0,12,0,checkout_abandoned,0
10406,3,2,0,30,23,0,insufficient_funds,0
11754,1,3,0,5,11,1,network_error,1
5000,1,1,1,10,19,0,insufficient_funds,1
5000,2,2,4,0,12,1,network_error,0
5000,2,2,1,1,20,0,insufficient_funds,0
11957,1,0,0,10,22,0,card_declined,0
5000,1,3,0,0,21,1,network_error,1
5000,3,3,0,5,1,1,temporary,1
5000,2,1,0,5,3,1,temporary,1
28357,1,3,0,0,22,0,checkout_abandoned,1
11222,2,1,1,30,18,1,temporary,0
10613,1,4,5,0,14,0,card_declined,1
12935,1,3,1,0,15,1,temporary,0
8749,3,4,0,0,1,0,insufficient_funds,0
5000,1,0,0,0,12,1,network_error,1
5000,1,3,2,0,1,0,insufficient_funds,0
5000,3,2,1,1,15,1,temporary,1
68510,1,1,1,30,13,0,card_declined,0
8569,2,1,2,1,15,0,card_declined,0
5000,3,0,1,5,16,0,card_declined,0
7828,3,1,1,5,23,1,network_error,0
5000,3,1,0,5,12,1,network_error,1
22125,2,0,0,0,19,0,checkout_abandoned,1
5000,3,0,2,0,10,0,insufficient_funds,0
8111,1,2,0,0,17,0,card_declined,1
14270,1,4,0,0,6,0,checkout_abandoned,1
7221,1,4,1,10,10,1,temporary,1
5401,2,3,0,1,14,0,card_declined,1
5000,3,1,1,30,23,0,insufficient_funds,0
5000,3,4,1,30,21,1,temporary,1
5000,3,1,4,5,6,0,insufficient_funds,0
5000,1,4,1,5,10,0,insufficient_funds,1
21581,3,4,0,0,1,0,card_declined,1
5000,3,0,2,0,16,0,insufficient_funds,0
5000,2,4,2,5,1,0,checkout_abandoned,1
5000,1,2,2,30,0,1,network_error,0
14770,1,1,1,10,17,1,network_error,0
9658,3,0,1,0,10,0,card_declined,0
8606,1,1,3,5,4,0,checkout_abandoned,0
5000,2,5,1,2,18,0,card_declined,0
8719,3,3,1,0,18,0,checkout_abandoned,0
5000,2,1,0,30,20,0,insufficient_funds,0
5000,1,4,0,0,19,1,temporary,1
12962,2,1,1,2,12,0,insufficient_funds,1
11781,1,2,2,0,22,0,checkout_abandoned,0
5000,1,1,2,30,13,0,card_declined,0
5000,3,5,0,1,16,1,network_error,0
5479,2,1,2,10,3,0,checkout_abandoned,0
27615,3,1,2,30,13,1,temporary,0
5000,3,4,1,0,7,0,checkout_abandoned,1
6492,2,2,0,1,19,1,temporary,1
5000,2,2,1,5,16,1,temporary,1
5000,1,2,1,10,16,0,card_declined,1
5000,2,3,1,5,18,1,temporary,1
5000,3,3,1,5,15,0,insufficient_funds,1
5000,1,3,0,0,1,0,card_declined,1
5000,1,6,1,0,5,0,insufficient_funds,1
5000,3,0,0,30,23,0,insufficient_funds,0
5000,3,4,0,0,16,0,insufficient_funds,0
10720,2,2,1,10,22,1,temporary,0
10434,3,3,1,0,1,0,checkout_abandoned,1
11420,1,1,0,0,4,0,checkout_abandoned,0
5000,2,1,0,10,15,0,card_declined,0
6627,3,3,0,0,1,1,temporary,1
9662,2,3,1,0,1,0,insufficient_funds,0
5000,2,3,2,0,8,0,insufficient_funds,0
5000,1,3,0,5,16,1,temporary,1
5000,2,2,2,0,23,0,checkout_abandoned,1
31012,2,1,2,5,23,0,insufficient_funds,1
33674,3,2,1,2,10,1,temporary,0
5000,1,4,2,30,17,0,insufficient_funds,1
59511,2,2,1,5,7,0,checkout_abandoned,0
5000,2,2,1,1,16,0,checkout_abandoned,1
13104,3,0,1,0,21,0,checkout_abandoned,0
12971,1,0,2,1,15,0,checkout_abandoned,0
5000,3,3,1,2,3,1,temporary,1
8048,3,2,0,30,6,1,temporary,1
5000,2,0,0,0,22,1,network_error,0
8555,2,1,0,1,18,0,checkout_abandoned,1
6189,1,4,2,30,19,0,checkout_abandoned,1
16257,1,3,0,30,1,1,temporary,1
5299,1,4,0,10,9,0,checkout_abandoned,0
5000,1,1,0,0,12,1,network_error,1
14706,2,2,1,0,18,0,card_declined,1
8781,1,4,1,1,2,0,insufficient_funds,1
10217,1,2,1,0,18,1,temporary,0
5000,3,2,0,0,14,1,network_error,1
5000,1,5,2,30,13,1,network_error,1
5000,1,1,0,2,20,1,network_error,1
5000,2,1,3,0,18,1,network_error,0
10788,3,2,3,5,17,0,card_declined,0
13042,3,6,3,10,12,0,insufficient_funds,1
5000,1,0,0,1,23,1,temporary,1
20556,1,3,0,0,20,0,insufficient_funds,0
19311,3,4,3,1,7,1,temporary,1
6269,3,0,2,1,19,0,insufficient_funds,0
5000,2,1,0,0,13,1,temporary,1
23750,3,0,2,2,21,0,checkout_abandoned,0
5000,3,5,1,5,8,1,network_error,0
5575,3,0,2,1,19,1,temporary,1
5000,3,2,0,1,6,1,temporary,1
5000,3,3,2,10,22,1,network_error,0
5000,1,1,1,0,4,0,checkout_abandoned,0
9254,3,4,2,30,4,1,network_error,0
5000,3,0,0,1,23,0,card_declined,0
104770,1,1,0,2,6,0,insufficient_funds,0
5000,1,0,0,2,12,1,network_error,0
5000,2,2,0,1,10,0,insufficient_funds,1
8185,1,0,2,0,18,0,card_declined,0
22681,3,0,2,5,5,0,checkout_abandoned,1
5242,2,1,1,30,8,0,insufficient_funds,0
8710,2,0,1,10,21,1,network_error,0
5000,3,2,1,5,22,0,card_declined,0
5000,3,1,1,0,4,0,checkout_abandoned,0
5000,3,1,0,10,11,1,network_error,1
5000,3,4,0,1,11,0,card_declined,1
5524,3,2,1,0,12,0,checkout_abandoned,1
5000,1,0,0,1,12,1,temporary,1
5000,3,2,0,0,1,0,checkout_abandoned,0
5000,1,1,0,0,20,0,checkout_abandoned,1
5000,1,2,0,10,5,0,card_declined,1
7305,2,0,1,10,6,1,network_error,1
6671,1,3,2,2,19,1,temporary,1
12013,1,2,1,30,23,0,insufficient_funds,0
10429,3,2,1,0,21,1,network_error,0
15379,2,2,0,10,7,0,card_declined,1
5000,3,3,2,1,17,1,temporary,1
6657,3,0,0,5,3,0,card_declined,1
8196,2,3,1,10,9,1,temporary,1
5662,2,2,0,10,6,0,card_declined,1
5000,3,1,1,30,5,0,checkout_abandoned,0
5000,1,1,1,0,21,0,checkout_abandoned,1
5000,3,3,1,0,21,0,checkout_abandoned,0
7492,3,2,0,0,3,0,card_declined,0
5000,1,0,1,5,8,0,insufficient_funds,1
5000,1,6,1,2,0,1,temporary,1
5000,3,3,1,5,19,0,insufficient_funds,1
5000,3,5,1,1,6,0,checkout_abandoned,0
13080,3,1,0,0,14,1,temporary,0
5316,1,0,1,30,13,1,network_error,0
5000,3,3,0,0,4,0,checkout_abandoned,0
11031,3,2,2,10,8,0,card_declined,0
5000,3,3,0,0,2,0,insufficient_funds,1
5000,2,2,0,1,3,0,checkout_abandoned,1
13646,2,3,0,0,20,0,checkout_abandoned,0
5000,2,1,2,0,8,1,temporary,1
5000,1,3,0,0,10,1,network_error,1
5121,2,2,0,0,16,1,network_error,1
15407,1,6,1,30,21,0,checkout_abandoned,0
5014,1,3,2,0,10,0,checkout_abandoned,0
5000,1,1,2,2,20,0,checkout_abandoned,1
8466,2,2,0,5,13,1,temporary,1
5000,1,5,0,30,1,0,insufficient_funds,1
32465,3,1,0,30,22,0,card_declined,0
5000,3,4,1,0,6,0,insufficient_funds,0
5000,3,3,1,0,17,1,temporary,1
7025,1,3,1,10,20,1,temporary,1
34358,1,2,1,10,19,1,network_error,0
23763,2,2,2,30,14,1,network_error,0
30667,3,2,0,5,6,0,insufficient_funds,0
5000,1,3,2,2,15,1,temporary,1
12236,3,5,0,0,12,0,checkout_abandoned,1
5000,2,2,2,1,15,1,temporary,0
6150,3,2,0,0,8,0,card_declined,1
5000,1,2,2,5,16,0,card_declined,1
5000,2,2,0,0,11,1,network_error,1
5000,2,3,1,5,23,1,temporary,1
12070,1,1,0,2,2,1,temporary,1
10945,3,2,0,30,17,1,network_error,1
6482,3,0,0,10,12,0,card_declined,0
5000,2,2,0,5,13,1,temporary,0
5000,2,1,2,5,12,0,checkout_abandoned,1
5000,2,3,1,0,3,0,checkout_abandoned,1
11727,2,2,4,10,13,0,insufficient_funds,0
15965,2,1,0,2,10,0,checkout_abandoned,1
14134,3,2,2,2,5,1,network_error,1
5000,2,2,0,2,22,0,checkout_abandoned,1
5000,1,1,1,0,5,1,temporary,1
5000,2,0,1,0,10,0,insufficient_funds,1
20366,3,3,0,0,8,0,card_declined,1
5000,2,3,0,1,10,0,card_declined,1
5000,1,3,1,10,12,0,checkout_abandoned,0
25403,3,5,1,0,15,1,network_error,1
17416,3,4,1,1,8,0,card_declined,0
5036,1,1,0,10,8,0,card_declined,1
5000,3,1,0,30,16,0,card_declined,0
5000,3,0,0,30,16,1,network_error,1
6168,3,3,1,0,14,0,insufficient_funds,1
24344,2,0,0,0,12,0,card_declined,0
7498,3,2,1,0,2,1,temporary,1
10158,3,1,0,1,13,0,card_declined,0
15823,3,2,1,5,5,0,insufficient_funds,0
5000,2,1,1,5,1,1,temporary,0
10455,1,2,0,2,14,1,temporary,1
5000,1,4,2,1,12,0,card_declined,0
5000,3,0,0,5,12,1,temporary,1
5000,2,2,0,0,17,0,card_declined,1
5000,3,3,4,0,8,1,temporary,0
8360,2,1,1,30,8,0,checkout_abandoned,0
5507,2,5,2,0,4,0,insufficient_funds,0
5909,1,0,0,10,1,0,insufficient_funds,0
34576,2,0,0,2,22,0,checkout_abandoned,1
5000,2,2,2,30,6,0,insufficient_funds,0
5000,1,3,0,2,10,1,temporary,1
6663,1,1,2,0,21,0,checkout_abandoned,0
5000,2,3,2,0,5,0,card_declined,0
5055,1,1,1,0,4,0,insufficient_funds,0
5000,3,1,0,1,17,0,checkout_abandoned,0
20128,2,1,0,10,8,0,card_declined,1
5000,2,3,1,5,6,0,checkout_abandoned,0
37473,1,2,1,10,18,0,checkout_abandoned,0
5000,2,1,1,2,6,0,card_declined,0
13739,2,1,0,0,0,1,temporary,1
5000,2,1,0,0,19,0,insufficient_funds,1
5000,1,2,1,0,23,0,checkout_abandoned,1
5000,1,1,0,30,21,1,temporary,1
5536,3,3,2,10,2,0,checkout_abandoned,0
6754,3,4,2,0,11,0,insufficient_funds,0
5000,3,1,0,0,21,1,temporary,0
5000,1,1,0,0,15,0,insufficient_funds,0
5000,2,3,0,5,7,0,insufficient_funds,1
49004,1,0,2,0,8,0,card_declined,0
5000,3,4,0,30,7,0,card_declined,0
23045,1,2,1,0,15,1,temporary,1
5000,2,2,0,10,15,0,checkout_abandoned,0
6369,3,0,0,5,17,1,network_error,1
5000,3,2,2,1,6,1,network_error,0
5000,3,3,1,0,17,1,temporary,0
6066,2,1,0,2,10,1,network_error,1
24004,1,2,1,0,0,1,temporary,0
6136,1,2,0,5,18,0,checkout_abandoned,1
19608,1,1,1,0,2,0,checkout_abandoned,1
9327,1,1,1,30,0,1,temporary,1
25019,2,2,0,0,16,1,temporary,1
5000,1,2,1,0,2,0,card_declined,1
53649,1,1,0,1,12,1,network_error,1
5000,2,1,1,10,8,1,temporary,1
5000,3,4,0,0,22,0,insufficient_funds,0
5000,3,2,0,10,7,0,checkout_abandoned,0
50565,1,3,1,0,2,1,network_error,1
11152,3,0,0,0,3,0,card_declined,0
5000,2,0,0,10,23,0,card_declined,0
17137,2,2,1,0,23,1,network_error,1
9776,2,2,0,1,3,1,temporary,1
35106,3,1,2,2,8,0,insufficient_funds,0
5000,2,2,0,0,0,0,checkout_abandoned,1
5000,1,2,0,5,19,0,insufficient_funds,1
5000,2,3,2,2,21,0,checkout_abandoned,0
5000,1,1,1,10,16,0,checkout_abandoned,1
14190,1,2,0,0,12,1,network_error,1
5000,1,3,1,30,8,0,checkout_abandoned,0
10297,1,1,0,0,6,1,network_error,1
52040,2,2,1,30,17,1,network_error,1
5000,1,3,0,0,13,0,insufficient_funds,1
5000,2,0,1,0,11,1,network_error,0
5533,1,3,1,0,9,0,insufficient_funds,1
13190,1,2,0,1,17,1,temporary,1
5000,3,3,2,0,23,1,temporary,0
5000,1,2,1,0,2,0,insufficient_funds,1
14146,1,5,3,0,18,0,card_declined,0
7177,2,3,1,0,10,0,checkout_abandoned,0
5000,1,4,0,1,15,1,temporary,1
5000,1,1,0,0,19,0,insufficient_funds,1
22053,1,4,2,0,7,1,network_error,1
7346,2,1,0,0,4,0,card_declined,0
5000,3,7,1,0,0,0,card_declined,0
5000,2,3,1,1,23,0,checkout_abandoned,1
5000,3,4,0,30,19,1,network_error,1
10257,3,1,1,0,17,1,network_error,0
5000,3,3,0,5,1,0,card_declined,1
5000,2,0,0,0,22,0,checkout_abandoned,0
6457,2,2,1,5,2,1,network_error,1
5000,2,0,0,5,6,0,card_declined,0
8706,3,1,1,1,14,1,temporary,0
5000,2,4,2,0,0,0,insufficient_funds,0
7024,2,3,0,2,18,1,temporary,1
14641,1,2,0,2,22,1,temporary,1
7996,3,3,0,5,9,1,network_error,1
5648,2,4,1,0,2,1,temporary,0
5000,3,1,3,0,14,0,card_declined,0
5000,3,3,1,10,18,1,network_error,1
5000,1,1,1,10,23,1,network_error,0
17321,2,1,1,10,6,0,checkout_abandoned,0
5000,2,1,1,10,6,0,insufficient_funds,0
5000,1,1,0,0,1,1,temporary,1
5000,1,2,0,0,1,0,insufficient_funds,0
6008,2,3,0,0,17,0,insufficient_funds,1
5000,1,0,0,0,5,0,checkout_abandoned,1
7984,2,0,1,1,7,0,card_declined,1
8290,3,3,1,0,10,0,checkout_abandoned,0
11955,1,6,2,10,1,0,checkout_abandoned,1
20405,1,5,2,2,18,1,network_error,1
13304,1,3,0,0,13,1,temporary,1
5000,3,2,2,10,10,0,checkout_abandoned,1
5000,3,2,0,0,5,0,insufficient_funds,0
5000,3,1,0,2,14,0,checkout_abandoned,0
5000,1,2,0,1,17,1,temporary,0
5000,2,1,0,0,13,1,network_error,1
5000,1,0,2,0,18,1,temporary,1
5000,2,1,0,1,11,1,network_error,1
5000,1,3,2,0,2,0,insufficient_funds,0
5000,2,3,2,5,3,1,temporary,1
15969,3,0,0,5,19,1,network_error,0
5998,3,6,2,2,1,0,checkout_abandoned,1
58209,1,0,1,30,10,1,network_error,0
5828,1,0,0,2,4,0,card_declined,1
5000,1,3,1,1,18,0,card_declined,0
5000,1,2,0,2,6,1,network_error,1
6351,2,1,1,10,18,0,checkout_abandoned,0
7595,2,3,1,5,4,0,checkout_abandoned,1
39210,3,1,2,2,14,1,network_error,0
5000,3,1,4,5,4,0,checkout_abandoned,1
11603,3,1,1,30,11,0,card_declined,0
6049,1,3,1,5,14,0,insufficient_funds,0
5000,1,4,0,5,3,1,network_error,1
10622,2,2,3,5,10,1,network_error,1
17459,3,3,2,30,17,0,checkout_abandoned,0
5000,3,3,0,30,6,1,network_error,1
5000,2,1,1,0,1,0,card_declined,0
5000,1,3,1,5,5,0,insufficient_funds,1
5000,1,5,1,5,9,1,network_error,1
14017,1,2,1,2,3,0,insufficient_funds,1
5000,2,3,1,2,19,1,network_error,0
5000,2,7,1,30,16,0,card_declined,1
6182,2,4,0,30,12,0,checkout_abandoned,1
5000,1,2,1,30,11,0,insufficient_funds,0
5000,2,1,0,0,19,0,checkout_abandoned,0
10294,1,1,0,0,15,1,temporary,1
5000,2,0,3,0,16,0,checkout_abandoned,0
5000,2,2,0,10,9,0,card_declined,1
5733,1,0,0,5,0,0,insufficient_funds,0
12957,2,1,2,30,2,1,network_error,1
16952,1,3,0,5,17,0,insufficient_funds,1
5000,2,0,0,0,19,0,checkout_abandoned,0
12548,2,2,1,0,2,0,card_declined,0
5000,2,1,1,1,0,0,card_declined,1
30522,1,1,0,10,5,0,card_declined,0
5000,2,2,2,1,8,1,network_error,1
18554,3,1,2,30,4,0,card_declined,0
5000,2,3,2,2,14,1,temporary,1
36799,3,4,0,0,21,0,insufficient_funds,0
8877,3,3,1,30,15,0,checkout_abandoned,0
5000,1,3,2,2,7,0,insufficient_funds,0
5000,3,4,2,0,11,0,checkout_abandoned,1
10734,1,2,1,1,22,0,card_declined,1
14081,2,3,2,10,19,0,insufficient_funds,1
5000,3,0,3,0,3,0,card_declined,0
5139,3,2,0,10,11,0,card_declined,0
10491,2,4,0,0,1,0,insufficient_funds,0
5607,3,2,1,5,20,0,insufficient_funds,0
5000,2,4,0,5,16,1,temporary,1
5000,1,1,1,2,5,0,insufficient_funds,1
6217,1,1,1,0,17,0,card_declined,1
16572,3,1,0,2,11,1,temporary,1
24735,3,1,0,10,19,1,temporary,0
10716,3,2,1,0,0,1,temporary,1
6550,2,1,0,30,10,0,checkout_abandoned,1
10392,1,0,1,0,13,1,network_error,0
5000,3,4,1,30,2,0,card_declined,0
5000,1,1,2,0,9,1,network_error,1
5000,3,0,1,5,17,0,insufficient_funds,1
5000,2,0,0,0,16,0,card_declined,0
6860,2,3,1,2,2,0,checkout_abandoned,0
5916,2,0,1,5,17,1,network_error,0
9775,3,4,0,1,17,0,checkout_abandoned,0
8485,3,2,1,10,10,0,insufficient_funds,0
6264,1,2,0,30,19,0,insufficient_funds,1
8575,2,4,4,0,14,0,insufficient_funds,1
5000,3,1,0,10,23,0,checkout_abandoned,0
7427,1,1,1,5,17,0,checkout_abandoned,0
5000,3,3,0,2,23,0,checkout_abandoned,1
7113,1,3,0,0,20,0,card_declined,1
9589,2,1,1,2,8,0,insufficient_funds,1
5000,3,2,2,1,2,1,network_error,1
5176,2,2,2,0,15,0,card_declined,0
5000,1,1,0,0,13,1,temporary,1
5000,1,2,1,0,23,0,card_declined,0
5000,3,0,0,0,22,0,card_declined,0
17426,3,2,1,0,0,0,checkout_abandoned,1
14266,1,2,1,10,6,1,temporary,0
8412,3,5,0,0,12,0,card_declined,0
35319,2,4,0,1,15,0,checkout_abandoned,1
5000,1,1,0,5,9,0,insufficient_funds,1
101901,2,2,2,0,6,0,card_declined,0
5000,3,3,1,0,10,0,card_declined,0
6343,1,3,1,0,19,0,insufficient_funds,0
5000,3,4,2,2,22,0,insufficient_funds,0
7131,2,2,1,10,17,0,card_declined,1
11334,2,2,0,2,3,0,card_declined,1
5000,3,2,0,1,22,1,temporary,1
29048,2,2,1,0,12,1,network_error,1
6242,1,4,0,30,16,0,insufficient_funds,1
6441,3,2,2,1,16,0,card_declined,0
5000,2,2,0,2,11,0,card_declined,1
7468,2,0,3,2,12,0,checkout_abandoned,0
5000,3,0,1,2,12,0,card_declined,0
5000,1,3,3,0,3,0,card_declined,0
5000,3,5,0,1,18,0,insufficient_funds,1
71094,2,4,2,1,7,0,checkout_abandoned,0
5000,2,4,1,10,17,1,network_error,1
5000,2,3,2,1,0,1,temporary,1
5000,3,0,1,10,2,0,insufficient_funds,0
5000,1,2,3,5,6,1,temporary,1
8490,1,4,1,0,7,0,insufficient_funds,1
8559,2,1,1,30,2,0,card_declined,0
9668,1,1,1,1,16,0,checkout_abandoned,0
5000,1,0,2,5,1,1,network_error,0
6908,2,3,1,0,2,0,insufficient_funds,0
5000,3,4,0,10,14,1,temporary,1
5000,3,1,0,30,15,1,temporary,1
5000,1,6,1,0,15,0,card_declined,0
5000,3,2,2,5,20,0,insufficient_funds,0
14245,2,1,2,5,18,1,temporary,1
9785,1,3,0,0,8,0,insufficient_funds,0
13051,3,2,0,1,15,0,insufficient_funds,1
5111,2,2,1,1,5,1,temporary,1
10687,2,1,1,1,19,0,checkout_abandoned,1
5000,2,4,1,1,20,0,insufficient_funds,1
11650,3,3,0,30,13,1,network_error,1
5867,1,1,1,30,11,1,network_error,1
9201,1,1,2,30,14,1,network_error,1
7186,2,1,0,1,19,0,insufficient_funds,1
5000,1,0,1,5,21,0,insufficient_funds,0
5000,2,2,0,0,1,1,network_error,1
5000,2,3,0,0,14,0,card_declined,1
8646,1,5,1,5,5,1,temporary,1
9799,2,5,0,5,1,0,card_declined,1
5000,2,0,0,0,0,1,network_error,0
5000,2,1,0,5,2,1,network_error,1
5000,1,2,1,5,10,1,network_error,1
5000,3,1,1,5,20,1,temporary,1
5000,3,2,1,2,21,0,checkout_abandoned,1
5000,2,4,0,10,18,0,card_declined,1
5000,1,2,0,10,15,0,insufficient_funds,0
5357,3,3,2,2,14,0,checkout_abandoned,0
5000,1,4,0,2,0,1,temporary,1
5000,1,2,1,10,19,1,network_error,1
14165,1,4,1,0,0,1,network_error,1
5000,3,2,0,30,18,0,insufficient_funds,0
5000,1,4,1,30,17,0,checkout_abandoned,1
13694,2,2,0,2,6,0,insufficient_funds,1
5000,1,5,0,30,2,0,card_declined,1
5000,1,0,4,5,21,1,network_error,0
15732,2,2,0,1,5,0,card_declined,0
5000,3,1,0,1,12,0,insufficient_funds,0
14831,1,1,0,2,16,0,card_declined,1
7547,1,1,1,0,11,0,insufficient_funds,0
5000,1,4,1,2,5,1,network_error,1
7940,3,0,3,1,11,0,card_declined,0
6771,1,2,3,2,11,1,network_error,0
13641,1,2,0,1,10,0,card_declined,0
5000,2,3,2,0,9,1,temporary,0
5121,1,1,0,5,1,0,insufficient_funds,0
5000,1,3,0,1,8,0,insufficient_funds,1
9938,2,2,3,0,8,0,insufficient_funds,0
5000,2,1,0,0,6,1,network_error,1
13588,1,1,1,2,2,0,card_declined,0
7834,3,3,0,10,9,0,card_declined,0
5000,1,1,0,0,22,0,checkout_abandoned,1
16452,3,4,1,10,4,0,checkout_abandoned,0
45894,1,1,1,10,16,0,card_declined,0
13384,1,2,0,0,22,0,card_declined,0
20475,1,3,2,0,23,1,temporary,1
5352,3,3,0,5,7,1,network_error,0
5000,2,0,0,2,3,1,temporary,1
5000,3,1,2,0,17,0,card_declined,0
6342,1,2,0,30,7,1,network_error,0
5000,1,1,3,0,7,1,network_error,0
5000,1,1,0,1,17,0,checkout_abandoned,1
5000,2,2,1,0,6,0,insufficient_funds,0
9095,1,1,0,30,12,0,insufficient_funds,1
5000,3,0,1,1,11,0,insufficient_funds,0
5000,3,1,0,2,20,1,network_error,1
22244,1,3,3,10,17,1,network_error,0
5000,2,1,2,0,8,0,checkout_abandoned,0
11728,2,1,0,0,0,0,card_declined,0
5000,3,0,1,5,5,0,insufficient_funds,1
8482,2,0,0,30,4,0,card_declined,0
14725,2,0,2,0,18,1,temporary,1
10314,1,1,3,1,18,0,checkout_abandoned,0
12199,2,2,0,0,0,1,temporary,0
5000,3,2,2,0,8,1,network_error,0
14967,2,2,0,0,3,0,insufficient_funds,1
5000,1,0,1,1,20,0,card_declined,0
6371,1,4,1,0,17,0,checkout_abandoned,1
6362,1,3,1,5,3,0,checkout_abandoned,1
7983,3,1,1,0,16,0,insufficient_funds,0
6884,1,1,0,2,19,1,network_error,1
5000,2,2,2,0,1,1,temporary,0
5000,2,0,0,1,14,0,insufficient_funds,1
11758,1,0,2,0,12,1,network_error,1
5918,3,3,1,0,4,0,insufficient_funds,1
15512,3,1,1,0,22,0,card_declined,0
5000,3,3,0,5,0,1,temporary,1
5000,3,3,1,1,11,1,network_error,1
12914,3,4,3,0,21,0,checkout_abandoned,0
5000,3,1,3,2,7,1,network_error,0
6918,2,0,1,30,6,0,insufficient_funds,1
5000,3,1,1,10,17,0,insufficient_funds,0
25445,2,1,0,1,5,0,card_declined,1
5000,1,4,0,2,12,0,insufficient_funds,1
5000,2,2,0,0,4,0,card_declined,0
5472,2,5,3,5,1,0,insufficient_funds,0
5000,1,1,0,10,8,1,network_error,0
6839,3,4,0,10,3,0,checkout_abandoned,0
24634,3,1,2,0,12,1,network_error,1
5000,2,0,0,5,11,0,card_declined,1
7296,2,5,2,0,11,0,checkout_abandoned,1
5000,3,3,0,0,23,0,insufficient_funds,0
5000,2,2,0,5,20,0,card_declined,1
5000,3,2,0,1,10,1,temporary,1
5000,2,2,2,0,4,1,network_error,1
14493,1,5,1,2,4,0,card_declined,1
5000,3,2,0,1,17,0,checkout_abandoned,1
5000,1,1,0,0,20,0,checkout_abandoned,0
5000,1,2,0,1,21,0,card_declined,0
5000,3,2,1,0,22,1,network_error,0
5000,3,4,0,10,0,1,temporary,1
12849,3,2,1,30,19,0,card_declined,1
5000,3,4,0,2,18,1,temporary,0
5000,1,2,0,2,3,1,temporary,1
5000,3,1,0,5,6,0,checkout_abandoned,0
28102,2,0,0,1,23,0,card_declined,0
10599,1,3,1,30,10,1,network_error,1
5000,2,2,0,0,16,0,card_declined,0
18115,1,1,1,5,1,1,network_error,1
5000,2,1,0,0,15,0,checkout_abandoned,1
13481,2,2,0,0,7,0,card_declined,0
5000,1,4,0,1,18,0,insufficient_funds,1
14375,3,1,1,10,2,0,card_declined,0
5000,2,4,0,1,23,0,card_declined,1
5000,3,2,1,10,5,0,card_declined,0
5000,2,0,1,1,9,0,insufficient_funds,0
6485,2,1,0,1,0,0,checkout_abandoned,1
5000,3,1,0,2,2,1,network_error,1
8552,1,1,0,5,22,1,network_error,1
5000,3,2,0,1,16,0,insufficient_funds,1
9139,1,5,2,1,21,1,temporary,1
7648,3,1,0,0,20,0,card_declined,0
5000,2,0,1,0,15,0,checkout_abandoned,0
5000,2,0,2,0,15,0,insufficient_funds,0
5718,1,1,0,5,7,1,network_error,1
8520,2,1,1,0,16,0,card_declined,1
38630,2,3,1,1,22,0,checkout_abandoned,1
12574,3,1,0,2,5,0,card_declined,1
13042,3,1,1,0,23,0,checkout_abandoned,0
107851,2,2,0,0,12,0,checkout_abandoned,0
8233,2,1,1,1,19,0,insufficient_funds,0
7979,2,0,0,0,8,0,insufficient_funds,0
9936,2,0,0,2,16,1,temporary,1
5000,1,2,2,5,13,1,network_error,1
5000,1,0,1,10,7,1,temporary,0
5000,3,3,0,2,0,0,card_declined,1
9392,1,1,0,30,21,1,temporary,1
5000,2,3,0,30,16,0,insufficient_funds,1
5643,3,3,1,5,11,0,card_declined,1
14580,2,1,0,30,13,0,checkout_abandoned,0
11651,2,3,2,30,15,0,insufficient_funds,0
5000,3,1,0,10,0,1,network_error,0
5000,1,1,1,0,4,1,network_error,1
15294,2,0,0,5,23,0,card_declined,1
10656,1,1,3,0,0,1,temporary,0
5000,2,1,1,0,2,0,insufficient_funds,1
5000,1,0,2,10,23,1,temporary,1
5799,3,5,0,2,18,0,checkout_abandoned,1
10708,2,2,1,5,14,0,card_declined,1
12211,1,1,3,1,22,0,card_declined,0
6528,2,2,2,10,16,1,temporary,1
8824,2,2,0,0,2,0,insufficient_funds,0
5240,2,0,1,5,1,0,insufficient_funds,0
5000,1,3,0,10,21,0,card_declined,0
5000,2,6,0,0,10,1,network_error,1
5008,1,0,0,10,8,0,checkout_abandoned,1
5000,1,0,1,5,6,0,card_declined,1
5000,2,6,2,0,19,0,insufficient_funds,1
5000,2,1,1,0,20,0,insufficient_funds,0
5198,1,1,0,0,14,0,card_declined,1
5000,1,1,3,1,11,0,card_declined,0
5000,2,1,0,0,14,0,insufficient_funds,0
8006,3,3,4,5,9,0,checkout_abandoned,0
5000,3,5,1,0,8,0,insufficient_funds,1
5000,1,2,0,5,3,0,checkout_abandoned,1
5000,3,0,1,5,11,1,network_error,1
10552,2,1,0,1,9,1,temporary,1
26570,2,2,0,0,6,1,temporary,0
10744,1,2,0,5,8,1,temporary,1
5000,1,2,0,30,16,0,card_declined,1
5000,3,1,1,30,18,0,checkout_abandoned,1
6352,1,0,1,2,19,1,temporary,0
5869,1,2,0,0,20,0,insufficient_funds,0
8427,1,0,1,0,23,0,checkout_abandoned,0
5000,3,7,3,0,9,0,checkout_abandoned,0
5244,3,2,1,0,21,0,checkout_abandoned,0
7482,1,3,1,0,9,1,temporary,0
11222,3,1,1,10,19,1,temporary,1
5000,3,6,2,1,23,0,checkout_abandoned,1
5000,2,2,0,2,18,1,temporary,1
5000,2,2,2,0,9,0,checkout_abandoned,1
5000,1,1,1,0,9,0,checkout_abandoned,0
5000,1,1,0,1,15,1,network_error,1
5000,3,1,0,1,23,0,checkout_abandoned,0
5799,1,3,1,0,3,1,temporary,1
5000,2,3,1,5,6,1,temporary,1
5000,2,4,1,0,10,1,network_error,1
6096,1,3,1,2,19,1,network_error,1
5000,3,2,0,0,5,0,card_declined,0
7987,3,3,1,0,10,1,network_error,1
5000,3,0,1,30,5,1,network_error,1
5064,2,2,0,5,16,1,network_error,1
5000,1,0,0,0,5,1,temporary,1
6654,1,1,0,0,2,0,insufficient_funds,0
5567,2,2,0,0,11,0,checkout_abandoned,0
5000,3,3,0,10,0,0,card_declined,0
5000,1,1,1,0,7,1,network_error,0
5000,3,2,0,0,23,0,checkout_abandoned,1
5000,1,2,2,30,19,0,checkout_abandoned,0
5000,3,3,0,30,15,0,card_declined,0
5000,2,1,1,1,10,1,network_error,1
9183,2,1,2,2,19,0,insufficient_funds,0
5000,2,2,1,10,1,0,checkout_abandoned,0
5000,2,3,0,2,10,1,temporary,1
5000,1,4,0,0,10,1,network_error,1
6160,2,3,0,10,0,0,checkout_abandoned,1
6801,3,3,0,0,2,1,temporary,1
32156,1,1,1,2,10,1,network_error,0
5000,3,0,4,1,3,0,checkout_abandoned,0
5000,2,2,2,2,23,0,checkout_abandoned,1
7526,3,6,3,5,3,1,network_error,0
5000,3,4,0,0,0,0,checkout_abandoned,0
5000,1,1,0,10,19,1,network_error,0
5000,1,0,1,0,9,1,network_error,0
5000,3,0,1,0,10,0,card_declined,0
5000,1,1,2,2,6,0,card_declined,0
5000,2,4,0,30,0,0,insufficient_funds,1
5000,3,2,1,10,17,1,network_error,1
5000,2,2,2,1,12,0,insufficient_funds,0
8811,1,0,1,2,9,1,temporary,1
8965,1,1,2,2,4,1,temporary,1
5000,3,1,2,5,3,1,network_error,0
5000,3,1,0,10,17,0,checkout_abandoned,1
5000,2,5,3,0,1,0,insufficient_funds,1
5000,2,2,1,1,22,1,temporary,1
7324,3,0,0,2,12,1,temporary,0
11214,3,1,2,10,4,0,checkout_abandoned,0
5000,2,1,0,0,21,0,card_declined,1
14070,2,1,1,2,6,0,insufficient_funds,1
5000,3,3,2,10,7,1,network_error,1
5000,3,3,2,0,17,1,network_error,1
9993,2,2,1,0,2,1,temporary,1
26137,3,0,0,0,15,0,card_declined,1
8050,1,4,0,10,6,0,card_declined,1
5000,3,5,1,30,19,0,card_declined,1
5000,1,2,0,1,11,0,checkout_abandoned,0
5000,1,1,1,10,15,0,insufficient_funds,0
5593,2,3,0,2,11,0,checkout_abandoned,1
5000,1,5,1,30,4,0,insufficient_funds,1
5000,2,2,0,0,7,1,temporary,1
5247,3,2,0,5,20,0,card_declined,0
5514,3,1,0,5,12,0,checkout_abandoned,0
12637,2,2,0,5,3,0,insufficient_funds,0
5634,2,4,0,1,1,1,temporary,1
16787,2,2,1,0,2,1,temporary,0
5000,1,1,0,0,19,1,temporary,0
5000,3,3,0,5,22,0,insufficient_funds,1
14247,1,4,1,2,12,0,card_declined,1
5000,2,1,1,1,14,0,card_declined,0
81997,3,2,0,0,12,0,checkout_abandoned,0
7152,3,4,0,1,7,0,checkout_abandoned,1
7192,2,1,3,10,18,1,temporary,0
8309,1,3,0,5,6,0,checkout_abandoned,0
32116,3,4,0,10,17,0,checkout_abandoned,0
10856,3,1,0,0,2,1,temporary,0
5000,2,1,1,1,13,0,checkout_abandoned,0
19999,1,3,0,2,13,0,insufficient_funds,1
5000,2,1,0,10,3,1,network_error,1
5470,2,4,1,10,20,0,insufficient_funds,0
5000,3,1,0,0,4,1,temporary,0
8318,3,3,0,10,16,0,insufficient_funds,1
5000,1,3,0,0,11,1,network_error,0
5432,1,1,0,1,18,1,network_error,0
5000,3,1,2,0,10,0,insufficient_funds,0
33691,1,2,1,0,14,0,insufficient_funds,0
35676,2,0,1,1,17,1,network_error,1
5148,1,5,1,2,0,1,temporary,1
5239,2,2,0,0,5,0,insufficient_funds,0
5000,2,2,0,0,10,0,checkout_abandoned,1
14853,1,2,2,5,8,0,checkout_abandoned,0
5000,2,4,0,0,0,0,card_declined,0
5000,2,1,2,0,15,0,card_declined,0
13076,1,2,2,10,1,1,temporary,0
5000,3,1,0,0,18,1,network_error,0
5000,3,1,0,0,4,0,insufficient_funds,1
5000,2,2,3,1,14,0,insufficient_funds,0
9938,1,1,1,1,21,1,network_error,1
34230,2,2,0,0,8,0,checkout_abandoned,0
10109,2,1,1,1,5,1,network_error,1
21200,2,2,1,10,5,0,insufficient_funds,0
5000,2,3,1,30,10,0,insufficient_funds,0
6224,3,4,0,0,7,0,card_declined,0
5000,1,1,2,5,21,1,network_error,0
5000,1,3,1,5,20,0,insufficient_funds,1
10638,1,2,2,10,16,1,network_error,1
5441,1,3,0,10,8,0,checkout_abandoned,1
5000,3,3,2,5,3,0,insufficient_funds,0
5000,3,4,1,10,5,0,card_declined,0
5000,2,2,1,0,11,1,network_error,0
8034,3,2,0,0,19,1,temporary,1
38711,1,2,0,0,18,1,temporary,1
19196,1,3,1,0,23,1,network_error,0
5000,3,1,0,0,10,1,network_error,0
20354,2,3,2,0,13,0,insufficient_funds,0
12536,2,4,0,2,5,0,card_declined,1
5000,3,3,1,10,16,1,temporary,0
5000,1,2,0,0,15,0,card_declined,0
14698,3,1,2,5,1,0,insufficient_funds,0
8522,3,4,1,30,9,0,card_declined,0
5000,2,0,1,1,22,0,insufficient_funds,1
9052,2,3,1,0,12,0,checkout_abandoned,0
5000,1,3,0,5,10,0,card_declined,1
5000,1,1,0,0,2,1,network_error,1
15335,1,2,3,0,19,0,insufficient_funds,0
5006,3,1,1,1,21,0,checkout_abandoned,0
5000,1,2,0,0,21,0,insufficient_funds,1
11960,1,3,1,0,22,0,card_declined,0
13026,1,2,1,10,22,1,temporary,0
18215,1,3,1,0,7,0,insufficient_funds,0
11782,1,0,0,2,18,0,insufficient_funds,0
14492,1,2,1,30,7,0,card_declined,0
10228,3,5,2,0,8,0,insufficient_funds,0
6409,3,1,1,0,4,1,temporary,0
5374,2,3,1,5,1,0,checkout_abandoned,0
5000,3,1,1,5,14,0,card_declined,0
5000,2,3,0,1,1,0,checkout_abandoned,1
5000,3,4,1,5,4,0,insufficient_funds,1
5000,3,5,2,5,4,0,insufficient_funds,1
6256,1,0,0,0,14,1,network_error,0
20760,2,1,1,10,11,1,network_error,0
5000,3,2,0,0,22,1,network_error,0
13406,1,1,0,5,15,1,network_error,1
14462,2,1,1,2,4,0,insufficient_funds,0
5000,2,0,1,2,6,1,temporary,0
8907,1,1,0,10,5,0,insufficient_funds,0
5000,1,2,1,30,10,1,temporary,0
18437,1,3,1,5,2,0,card_declined,1
9282,3,1,2,2,10,1,network_error,0
5000,3,1,0,0,7,0,insufficient_funds,0
5776,2,0,0,5,2,1,network_error,0
25542,1,3,2,0,21,0,checkout_abandoned,0
5000,1,2,1,0,8,0,checkout_abandoned,0
7690,2,2,0,2,0,0,card_declined,0
8483,1,3,1,0,17,1,temporary,0
5000,2,5,2,1,15,0,insufficient_funds,0
8190,3,1,1,30,8,0,insufficient_funds,0
5000,1,2,1,0,9,1,temporary,0
5000,2,3,0,1,4,0,card_declined,1
14410,3,2,3,5,7,1,temporary,0
7021,2,1,3,5,3,1,network_error,0
5000,3,2,0,30,4,0,insufficient_funds,0
7680,3,3,0,0,9,0,card_declined,1
5000,2,1,1,30,19,0,insufficient_funds,0
5000,1,1,0,0,4,0,card_declined,0
9478,3,6,0,5,19,1,network_error,1
5000,2,3,0,0,19,1,temporary,0
5117,2,2,1,30,0,0,insufficient_funds,0
5000,1,1,3,10,6,0,card_declined,0
5000,3,6,1,1,13,1,temporary,0
5000,1,2,0,30,3,1,temporary,1
23581,1,6,0,0,9,0,insufficient_funds,1
7220,1,2,0,0,16,0,checkout_abandoned,0
5000,2,2,1,1,0,1,network_error,1
5000,1,3,2,5,15,0,checkout_abandoned,1
5000,2,0,0,5,7,0,card_declined,0
23416,1,1,1,0,18,0,card_declined,0
5000,2,0,0,10,4,0,checkout_abandoned,0
18160,3,3,1,0,16,0,insufficient_funds,0
6987,2,3,0,30,18,0,card_declined,1
7873,2,1,1,1,10,1,temporary,0
5000,1,0,0,2,10,0,card_declined,1
12550,1,1,1,1,9,1,network_error,0
5000,3,1,0,0,19,1,temporary,1
11650,2,3,3,1,9,0,card_declined,0
5000,1,1,0,0,23,1,temporary,0
5866,2,2,3,30,3,0,checkout_abandoned,0
6988,1,1,1,2,9,0,checkout_abandoned,0
5000,1,1,1,1,13,0,insufficient_funds,0
7365,2,2,0,5,13,0,checkout_abandoned,1
5000,2,2,0,0,10,0,checkout_abandoned,0
5000,2,3,0,5,23,0,checkout_abandoned,1
24476,3,0,0,0,11,1,temporary,0
14029,1,3,0,0,3,0,checkout_abandoned,1
5000,1,4,0,5,9,1,network_error,1
8677,2,1,1,1,1,1,temporary,0
5000,3,1,0,0,6,0,checkout_abandoned,1
5000,3,0,1,0,11,0,insufficient_funds,0
13819,3,0,2,2,1,0,card_declined,0
5000,1,1,1,2,11,1,temporary,0
12417,3,2,0,0,5,1,network_error,1
5000,3,7,0,0,22,0,insufficient_funds,0
5000,2,2,0,5,3,0,insufficient_funds,1
7403,2,3,2,30,10,0,insufficient_funds,0
8788,2,1,1,30,4,1,network_error,0
5000,2,2,1,10,10,0,insufficient_funds,1
10074,3,1,2,0,11,1,temporary,0
5504,1,1,0,5,11,1,network_error,1
5000,2,2,1,1,11,1,temporary,1
5000,3,2,0,0,10,0,checkout_abandoned,0
19560,2,1,2,0,6,1,network_error,1
26280,3,0,0,1,21,0,card_declined,0
10070,1,6,0,0,15,1,temporary,1
5000,1,1,0,0,14,0,checkout_abandoned,0
8027,3,2,0,10,9,1,network_error,1
11508,1,1,0,0,19,0,card_declined,0
10154,2,2,0,30,16,1,network_error,0
10774,1,4,0,1,3,1,network_error,1
7067,3,1,0,0,10,1,network_error,1
5000,1,0,0,0,21,0,checkout_abandoned,1
5000,2,5,3,5,21,1,temporary,1
5000,3,0,0,30,23,0,checkout_abandoned,0
6902,2,2,2,0,18,1,network_error,0
5919,2,1,1,30,22,1,temporary,1
8583,3,2,2,30,6,0,checkout_abandoned,0
5000,2,4,0,30,23,0,card_declined,0
9367,3,1,1,2,22,0,checkout_abandoned,1
38351,3,2,0,0,16,1,temporary,0
5315,2,2,1,0,16,1,temporary,0
5000,3,1,1,2,16,0,checkout_abandoned,0
6694,2,0,1,10,2,1,network_error,0
37509,3,2,1,0,1,0,card_declined,1
5000,2,1,2,2,5,1,temporary,1
6022,2,1,1,2,6,1,network_error,1
5000,2,3,0,0,1,0,card_declined,0
5000,2,2,1,2,18,1,temporary,0
5000,2,4,1,1,0,0,insufficient_funds,1
18907,1,2,1,1,8,1,network_error,0
29762,2,0,0,5,2,0,checkout_abandoned,0
7693,2,4,0,0,14,1,network_error,1
5000,2,1,1,10,22,0,insufficient_funds,0
59440,2,1,2,0,14,0,checkout_abandoned,0
5000,2,0,1,5,13,0,insufficient_funds,1
5000,1,4,1,0,13,0,checkout_abandoned,1
5000,2,3,1,2,6,0,insufficient_funds,0
19852,2,1,1,0,8,0,card_declined,0
12942,3,2,0,30,7,0,checkout_abandoned,1
55149,2,0,1,0,21,0,checkout_abandoned,1
5000,1,0,0,1,8,0,checkout_abandoned,1
21124,1,4,0,10,5,0,insufficient_funds,1
5271,3,2,2,1,12,1,temporary,1
11004,1,1,0,0,18,0,insufficient_funds,0
5000,1,3,2,0,9,1,network_error,1
21334,2,1,1,0,0,1,network_error,1
10791,2,3,0,0,9,0,insufficient_funds,1
5000,2,1,0,30,20,0,insufficient_funds,1
9368,1,0,1,10,20,1,temporary,1
5000,3,0,1,10,18,0,checkout_abandoned,0
5000,1,0,0,2,12,0,insufficient_funds,0
5000,3,1,0,0,23,0,checkout_abandoned,0
5000,2,2,0,10,2,0,checkout_abandoned,1
11634,1,2,0,10,2,0,card_declined,1
16181,2,1,0,5,17,1,network_error,1
5000,1,2,0,0,19,1,temporary,1
6961,3,2,1,10,5,0,insufficient_funds,1
5000,1,1,0,5,7,1,network_error,1
6824,2,1,1,5,5,0,card_declined,1
5000,1,5,0,30,5,0,insufficient_funds,1
5000,2,1,2,0,0,0,card_declined,0
14073,2,1,1,1,4,1,temporary,1
5000,1,3,0,0,16,0,checkout_abandoned,1
37127,3,1,1,0,17,0,card_declined,0
5147,1,3,1,2,21,0,insufficient_funds,1
5000,1,2,2,2,22,0,insufficient_funds,1
16763,2,3,0,0,5,1,network_error,1
9235,1,1,2,5,15,0,checkout_abandoned,0
10166,2,1,0,0,9,0,checkout_abandoned,0
16164,3,2,1,10,6,0,insufficient_funds,0
5000,1,1,0,5,16,0,checkout_abandoned,1
5000,2,2,0,1,9,0,insufficient_funds,1
5000,1,3,2,5,14,1,network_error,1
5000,1,3,2,0,5,1,network_error,1
5000,1,4,0,2,10,0,checkout_abandoned,1
18701,1,3,0,5,1,0,insufficient_funds,1
6231,2,0,2,0,0,0,card_declined,0
5000,3,4,1,0,18,0,checkout_abandoned,1
5000,3,2,0,0,21,0,card_declined,1
25972,1,0,0,0,2,0,card_declined,0
5000,3,1,2,5,16,1,temporary,0
5000,2,2,1,0,15,0,checkout_abandoned,1
5000,2,1,1,30,6,1,temporary,1
5000,3,3,3,0,10,1,network_error,0
20396,2,5,2,0,7,0,insufficient_funds,1
5000,1,1,0,1,1,0,insufficient_funds,0
19291,2,4,3,5,19,0,insufficient_funds,1
5175,3,0,0,5,7,0,checkout_abandoned,0
20527,3,2,0,5,12,0,card_declined,0
6353,1,0,1,0,1,0,checkout_abandoned,0
11536,3,1,1,10,1,0,card_declined,0
10087,1,2,2,1,15,0,card_declined,0
9166,3,1,1,10,9,1,network_error,1
6959,1,3,0,5,16,0,card_declined,1
5000,1,5,2,0,21,0,card_declined,0
33370,3,3,0,2,21,0,checkout_abandoned,0
5000,2,4,2,10,1,1,temporary,1
5000,1,1,0,10,6,0,card_declined,0
5000,1,1,2,5,4,1,temporary,1
7349,1,4,0,30,4,1,temporary,1
5000,1,3,0,2,10,0,card_declined,0
6732,3,1,0,0,11,0,card_declined,1
5000,1,2,0,0,23,1,network_error,1
5000,1,1,4,30,19,0,insufficient_funds,0
5000,3,4,1,5,1,1,temporary,1
5000,3,3,2,30,13,0,insufficient_funds,0
5000,1,3,2,10,5,0,card_declined,1
5635,2,1,0,0,22,1,temporary,1
8005,2,0,0,0,6,0,checkout_abandoned,1
8322,2,1,1,10,2,0,card_declined,0
8666,1,0,1,10,22,0,card_declined,1
5000,3,3,0,2,17,0,insufficient_funds,1
5000,3,0,0,0,16,0,card_declined,1
35366,3,2,0,10,15,0,insufficient_funds,0
5000,3,4,0,10,17,0,insufficient_funds,0
9052,1,0,1,5,5,1,network_error,0
5000,2,1,0,2,16,0,insufficient_funds,1
5322,3,4,1,30,4,0,insufficient_funds,0
5000,2,2,0,30,21,1,temporary,0
8617,3,2,1,0,9,0,insufficient_funds,0
5635,2,1,1,0,22,1,network_error,0
5000,3,2,0,5,7,1,temporary,1
5000,3,0,0,0,4,0,insufficient_funds,0
6423,2,2,1,0,8,0,insufficient_funds,0
5000,3,1,2,2,13,0,card_declined,0
7536,2,1,0,30,17,0,insufficient_funds,1
67947,1,0,0,30,0,0,card_declined,0
18961,2,3,0,0,2,0,card_declined,1
10080,3,2,1,0,6,1,network_error,1
5000,1,3,1,0,17,0,insufficient_funds,1
5000,1,2,1,30,6,0,card_declined,1
5000,2,1,0,10,11,1,temporary,1
17726,2,1,0,30,23,1,network_error,0
5000,2,2,2,1,4,1,network_error,0
5000,2,1,2,0,4,0,insufficient_funds,0
5000,2,1,1,5,16,0,checkout_abandoned,1
5000,1,3,2,30,18,1,temporary,1
5000,1,5,1,0,8,1,temporary,0
5000,3,3,0,0,4,0,card_declined,1
5000,2,0,0,2,3,0,checkout_abandoned,1
5000,3,2,1,0,23,1,network_error,0
5000,2,3,1,10,14,0,insufficient_funds,1
8286,1,3,0,1,9,0,insufficient_funds,1
5000,2,1,0,30,7,1,temporary,0
5000,3,1,1,2,3,1,network_error,1
8927,3,2,0,1,6,1,temporary,1
5000,1,2,0,1,18,0,checkout_abandoned,1
5000,3,1,1,5,11,1,temporary,0
7867,2,2,0,0,21,1,temporary,1
9587,1,2,0,1,12,0,insufficient_funds,0
5000,2,2,0,10,14,1,temporary,1
5327,1,2,0,30,16,1,network_error,1
5000,1,4,2,0,4,0,card_declined,1
5000,3,3,1,5,11,0,card_declined,1
10605,3,1,0,10,20,0,checkout_abandoned,0
7669,2,1,1,1,12,0,checkout_abandoned,0
7748,3,1,0,0,6,0,checkout_abandoned,1
6508,3,0,0,1,13,0,checkout_abandoned,1
5147,2,3,0,30,15,0,card_declined,1
9861,1,0,0,0,22,0,checkout_abandoned,0
12520,2,0,1,0,18,0,insufficient_funds,0
12224,1,1,0,30,2,0,card_declined,0
5000,3,1,2,5,14,0,checkout_abandoned,0
19672,2,3,1,0,15,1,temporary,0
6176,3,0,3,5,17,1,network_error,0
9249,3,2,1,0,0,1,network_error,0
6516,2,1,3,5,6,0,card_declined,1
6291,3,2,0,1,6,1,network_error,0
5000,3,1,1,30,4,0,card_declined,0
9910,3,3,1,5,18,0,checkout_abandoned,0
84566,1,1,2,0,11,0,insufficient_funds,0
5000,2,2,2,5,8,0,checkout_abandoned,1
5276,3,2,1,5,13,1,network_error,0
5000,3,3,0,0,0,1,network_error,1
5000,2,3,0,2,5,0,card_declined,0
23027,1,3,0,0,12,0,card_declined,1
5000,1,3,1,5,4,0,insufficient_funds,0
5000,2,1,0,0,10,1,network_error,0
5000,2,1,1,1,7,1,temporary,1
5000,3,1,0,2,22,0,card_declined,0
5000,1,3,0,0,21,0,checkout_abandoned,1
9244,2,1,0,30,22,1,temporary,1
80797,1,2,0,0,9,1,temporary,0
5000,3,2,1,30,6,0,checkout_abandoned,0
5000,1,1,0,5,12,1,network_error,0
12088,1,0,0,2,19,0,card_declined,1
5000,1,1,0,1,19,0,insufficient_funds,0
18021,1,2,0,1,12,0,insufficient_funds,0
5000,2,1,0,5,13,0,checkout_abandoned,1
5000,2,4,0,1,12,1,temporary,1
5000,2,4,2,2,11,0,checkout_abandoned,1
10485,3,0,1,10,2,0,card_declined,0
5000,2,0,0,5,8,1,temporary,0
5000,1,0,0,5,20,0,card_declined,0
5000,2,1,0,2,20,0,card_declined,0
5000,3,3,1,0,14,1,temporary,0
7310,2,1,2,0,23,0,card_declined,1
5000,1,4,0,0,22,1,temporary,1
5000,3,3,0,0,12,0,insufficient_funds,1
10502,3,3,1,1,18,0,insufficient_funds,0
6654,1,0,1,0,5,1,temporary,1
8869,2,5,1,2,11,0,card_declined,1
5000,2,2,0,30,9,1,network_error,0
15831,1,3,2,30,20,0,insufficient_funds,1
12390,1,1,0,5,9,1,network_error,0
7678,3,4,2,0,7,0,checkout_abandoned,0
12425,2,0,1,5,9,0,card_declined,0
10408,3,1,0,10,20,0,checkout_abandoned,0
5000,2,2,1,10,14,1,temporary,1
5000,2,1,4,30,2,0,checkout_abandoned,1
7482,3,0,1,0,0,1,temporary,0
8485,1,1,1,1,8,1,temporary,0
14624,2,3,0,2,19,1,temporary,1
5000,1,1,2,0,20,1,network_error,0
5000,1,2,0,1,3,0,checkout_abandoned,1
7784,3,2,0,0,0,0,insufficient_funds,0
5000,1,1,1,0,6,1,temporary,0
5000,2,1,0,5,20,0,checkout_abandoned,0
7151,2,1,0,5,10,1,network_error,0
5000,3,2,0,0,0,0,checkout_abandoned,0
5000,2,2,2,5,12,1,network_error,1
18990,3,2,1,30,15,0,insufficient_funds,0
30481,3,3,3,0,2,0,insufficient_funds,0
5000,3,3,1,10,15,0,checkout_abandoned,0
5000,3,1,0,5,19,0,insufficient_funds,0
5128,1,1,0,10,1,1,temporary,1
29179,1,3,0,30,1,0,checkout_abandoned,0
5000,2,4,0,5,20,1,network_error,1
5000,2,3,1,0,11,0,checkout_abandoned,1
23126,3,1,0,0,2,1,temporary,1
5000,3,3,0,30,3,0,checkout_abandoned,0
10119,1,0,0,5,20,1,network_error,1
5000,1,1,3,1,20,0,checkout_abandoned,0
5000,1,3,1,2,23,0,insufficient_funds,0
5000,2,2,1,2,16,0,checkout_abandoned,1
5000,2,3,0,0,16,1,temporary,1
11375,1,2,2,0,21,0,insufficient_funds,0
5000,3,2,0,0,22,0,insufficient_funds,1
5000,1,2,4,2,0,0,checkout_abandoned,0
5000,2,0,0,1,15,0,insufficient_funds,1
5000,3,4,0,1,18,1,temporary,1
6641,1,3,0,2,23,0,checkout_abandoned,1
13133,3,4,2,30,1,1,network_error,1
5000,3,4,0,0,19,0,checkout_abandoned,1
5000,3,1,0,0,13,0,insufficient_funds,1
5762,1,5,0,2,16,0,insufficient_funds,1
5000,2,1,1,10,23,0,insufficient_funds,0
7356,1,1,2,30,23,0,insufficient_funds,1
6422,2,2,2,0,4,0,card_declined,0
5000,3,2,0,0,11,0,insufficient_funds,0
5000,3,4,0,10,9,0,checkout_abandoned,1
5000,3,1,0,0,11,1,temporary,0
15502,2,4,0,0,10,0,checkout_abandoned,0
5000,3,1,1,1,20,0,insufficient_funds,0
5000,3,2,0,0,21,0,card_declined,0
5903,3,2,0,1,16,0,checkout_abandoned,0
23396,3,4,0,30,15,0,checkout_abandoned,0
5000,2,2,1,30,3,0,card_declined,0
12820,1,2,0,1,8,1,temporary,1
16847,1,3,1,1,7,1,temporary,1
5000,3,2,0,30,2,0,insufficient_funds,0
5000,1,1,1,0,14,1,network_error,0
5000,1,1,1,2,15,1,network_error,1
5000,3,1,0,0,0,1,temporary,1
11547,2,3,0,5,11,1,network_error,0
6191,3,2,1,0,12,0,insufficient_funds,1
6218,1,0,0,0,10,0,insufficient_funds,0
5000,2,3,0,5,5,0,checkout_abandoned,1
5000,2,2,0,5,0,0,insufficient_funds,1
41917,2,0,3,0,5,1,temporary,0
5000,2,3,1,0,23,0,insufficient_funds,0
5000,1,4,0,10,21,0,card_declined,1
20559,3,0,0,30,16,1,temporary,1
6514,1,2,0,2,6,0,insufficient_funds,1
8761,2,2,1,5,0,0,checkout_abandoned,0
5000,3,2,0,5,21,0,checkout_abandoned,1
5000,2,1,1,30,10,0,insufficient_funds,0
5000,1,2,2,0,12,1,network_error,0
5000,1,1,0,2,23,0,card_declined,1
5000,2,0,3,0,22,0,card_declined,0
6607,2,0,1,0,13,0,card_declined,0
31271,3,1,0,1,17,1,temporary,1
5356,1,1,0,30,13,0,card_declined,0
5000,2,1,1,0,9,1,network_error,0
5000,1,2,1,0,5,1,network_error,1
76077,2,3,1,2,0,1,network_error,1
11688,2,0,2,1,22,0,insufficient_funds,0
5000,1,1,1,5,21,1,temporary,1
8876,1,1,0,0,9,0,card_declined,0
5000,1,2,0,30,16,1,temporary,1
5000,2,1,3,5,2,0,checkout_abandoned,0
5000,1,2,0,2,3,1,network_error,1
5385,1,2,0,10,20,0,checkout_abandoned,1
5000,1,2,1,0,22,1,temporary,1
5000,1,0,0,1,14,0,insufficient_funds,0
5000,1,1,2,0,11,0,checkout_abandoned,0
5000,2,1,0,0,15,1,temporary,1
7294,1,2,1,30,0,0,checkout_abandoned,1
5000,1,2,0,30,7,0,checkout_abandoned,0
10037,1,3,0,0,7,0,checkout_abandoned,1
5000,1,0,0,0,12,0,insufficient_funds,0
25405,1,4,1,0,20,1,temporary,1
5000,1,0,1,0,2,1,temporary,0
5000,3,1,1,30,10,1,network_error,0
7460,3,1,1,0,18,0,insufficient_funds,0
25957,1,2,2,0,19,0,card_declined,1
6734,1,2,0,10,20,1,temporary,1
8628,2,4,0,5,9,1,network_error,1
5001,3,2,1,5,22,0,checkout_abandoned,1
5000,3,1,0,0,3,0,checkout_abandoned,0
5000,3,0,1,0,19,0,checkout_abandoned,1
5000,1,2,0,5,4,0,insufficient_funds,1
5000,2,0,1,2,16,1,temporary,1
7344,2,2,0,0,21,1,temporary,1
5000,2,2,0,1,16,0,checkout_abandoned,0
6765,3,5,1,30,4,1,temporary,0
5000,1,0,0,30,21,0,insufficient_funds,1
6610,2,2,2,0,22,0,card_declined,0
5000,1,3,2,0,11,1,temporary,0
20062,1,5,2,0,6,0,checkout_abandoned,1
6793,1,0,1,5,15,0,checkout_abandoned,0
16912,3,0,1,10,23,0,insufficient_funds,0
5000,2,3,2,2,23,0,checkout_abandoned,0
5198,3,2,1,2,2,1,network_error,0
5000,3,1,1,1,3,0,checkout_abandoned,1
5000,2,2,1,1,13,0,card_declined,0
5000,3,3,0,0,20,0,insufficient_funds,0
5000,1,0,0,1,0,0,card_declined,1
5000,3,0,1,30,16,0,checkout_abandoned,0
5000,1,1,0,2,6,0,insufficient_funds,0
5000,2,4,0,2,7,0,checkout_abandoned,1
5000,3,5,0,30,20,0,card_declined,1
9204,3,2,1,0,6,0,checkout_abandoned,0
5000,1,1,1,5,4,0,insufficient_funds,1
5000,3,1,2,0,23,1,network_error,0
29463,1,3,0,1,21,1,network_error,1
5000,3,5,0,0,22,0,insufficient_funds,1
6775,2,3,1,0,14,1,temporary,1
9342,1,2,0,2,6,0,checkout_abandoned,1
9533,3,3,0,2,17,0,insufficient_funds,1
5000,3,0,0,1,18,0,card_declined,0
5000,1,1,0,30,8,0,checkout_abandoned,0
5000,1,0,0,0,13,1,network_error,1
56744,1,2,0,0,23,0,checkout_abandoned,0
5000,2,1,1,2,13,1,temporary,1
5000,2,0,1,0,19,0,insufficient_funds,1
5000,3,3,1,0,0,1,network_error,0
5000,3,3,1,0,21,0,insufficient_funds,1
19007,1,1,0,2,23,1,network_error,1
55406,2,4,0,5,3,1,network_error,0
5000,3,2,1,2,10,1,network_error,1
5000,3,3,1,10,6,0,checkout_abandoned,1
5000,1,1,1,5,13,0,card_declined,0
5000,1,1,1,5,20,0,card_declined,0
5000,1,1,0,0,4,1,network_error,0
5000,2,2,1,10,16,0,insufficient_funds,1
6132,2,4,0,30,3,1,network_error,1
7296,2,5,2,10,9,0,card_declined,1
6789,1,1,1,0,13,1,network_error,1
5000,2,2,1,30,11,0,checkout_abandoned,0
5000,1,3,1,2,2,1,network_error,1
9564,2,1,0,1,10,0,insufficient_funds,0
5000,1,1,1,0,8,1,temporary,1
11948,3,4,1,0,13,1,network_error,1
10830,2,2,0,10,7,0,card_declined,0
5000,1,3,1,2,11,0,checkout_abandoned,1
5000,3,2,1,30,22,0,card_declined,1
5000,3,2,1,10,10,1,temporary,1
5000,1,2,0,10,17,0,checkout_abandoned,0
10459,1,2,2,1,7,1,network_error,1
6983,1,2,1,0,16,1,network_error,1
14752,2,1,1,1,10,1,network_error,1
7306,2,0,2,0,14,0,checkout_abandoned,0
6055,2,3,0,5,4,1,network_error,1
16313,2,2,1,30,20,0,checkout_abandoned,0
7861,2,1,0,0,4,0,checkout_abandoned,0
5261,1,1,1,30,4,0,checkout_abandoned,0
21600,1,1,2,5,16,0,card_declined,1
5514,3,2,0,2,7,0,checkout_abandoned,0
5000,3,0,1,5,23,0,checkout_abandoned,0
5000,3,2,1,0,16,1,network_error,0
9927,3,0,0,30,5,1,network_error,0
16933,2,2,1,10,23,1,temporary,1
5000,3,2,0,5,21,1,network_error,1
18177,3,3,1,0,7,0,card_declined,0
5000,3,0,0,0,15,0,insufficient_funds,1
5000,1,3,0,0,10,0,card_declined,1
5000,1,1,0,1,22,1,network_error,1
5000,2,2,0,30,23,1,network_error,0
53309,2,3,0,1,9,1,temporary,0
5000,3,1,1,5,21,1,network_error,0
5000,1,2,0,1,16,1,temporary,0
5044,3,2,2,0,2,0,insufficient_funds,1
5000,3,3,3,10,13,1,network_error,0
5000,3,3,2,0,9,1,temporary,1
13137,1,3,1,2,23,0,insufficient_funds,0
5000,1,3,2,0,4,0,card_declined,0
5000,1,1,0,5,1,1,temporary,1
18206,3,1,2,10,3,0,insufficient_funds,0
18774,3,1,1,5,1,0,insufficient_funds,0
8241,2,1,1,30,11,0,checkout_abandoned,0
5000,1,0,0,5,20,0,insufficient_funds,1
5000,2,1,0,2,11,0,insufficient_funds,1
5000,3,3,1,10,1,0,insufficient_funds,0
5000,2,0,1,5,20,0,insufficient_funds,1
5000,1,3,1,0,21,0,insufficient_funds,0
5000,2,1,0,0,18,0,insufficient_funds,1
5000,2,1,1,0,2,0,card_declined,0
5000,2,1,1,10,5,1,temporary,1
6120,3,1,2,0,2,0,checkout_abandoned,0
6214,1,2,2,0,15,0,checkout_abandoned,0
26924,2,3,1,10,7,1,temporary,1
5000,3,3,0,0,1,0,insufficient_funds,0
6608,1,2,1,30,17,0,insufficient_funds,1
6719,1,2,0,0,17,1,network_error,1
5000,1,0,0,30,13,1,network_error,0
10345,2,3,1,5,4,0,insufficient_funds,0
10670,1,2,1,0,21,0,checkout_abandoned,0
6818,3,2,1,10,9,1,network_error,0
5000,1,0,0,30,15,0,insufficient_funds,1
5000,3,2,0,30,0,0,card_declined,1
5000,2,3,0,30,14,1,temporary,0
5000,3,2,0,0,21,1,temporary,0
5000,2,0,0,0,13,0,checkout_abandoned,1
5000,2,1,1,0,6,1,temporary,1
7630,1,1,0,2,9,1,temporary,1
16262,2,4,1,10,6,1,network_error,0
5000,1,1,2,30,15,0,checkout_abandoned,1
6525,1,0,1,1,12,0,insufficient_funds,0
5000,3,3,1,1,23,0,card_declined,0
5000,3,2,3,10,0,0,insufficient_funds,1
5000,1,5,2,30,23,1,temporary,1
8972,2,2,0,1,6,1,temporary,1
5000,1,1,1,2,2,0,card_declined,1
13516,1,0,0,0,6,1,network_error,1
5000,2,3,2,0,10,0,card_declined,0
5000,3,1,3,10,17,0,insufficient_funds,0
5000,1,2,2,0,14,1,network_error,1
6330,2,1,0,0,5,0,checkout_abandoned,0
12030,3,2,0,0,17,0,checkout_abandoned,0
6459,2,1,0,0,0,1,temporary,1
46112,1,5,0,5,7,1,temporary,1
20532,2,1,1,10,23,1,network_error,1
5000,3,1,0,0,23,1,temporary,0
5000,3,3,1,30,7,0,card_declined,0
7861,2,4,1,1,9,1,network_error,1
5000,1,1,1,0,8,0,insufficient_funds,0
15776,3,1,0,30,6,0,checkout_abandoned,1
7055,3,3,1,2,4,1,temporary,0
6351,2,1,1,0,18,1,temporary,1
9768,3,3,0,0,15,1,temporary,0
27524,3,2,0,0,14,0,checkout_abandoned,1
5831,1,2,1,0,18,0,checkout_abandoned,0
5000,2,5,0,30,21,0,insufficient_funds,1
22219,2,2,1,2,20,0,insufficient_funds,1
12933,2,2,0,30,2,0,insufficient_funds,1
5000,2,1,0,0,18,1,network_error,1
5000,3,5,2,10,1,0,card_declined,1
5975,1,1,2,5,17,0,checkout_abandoned,1
7057,2,2,0,1,22,1,network_error,1
5000,1,1,3,0,22,1,temporary,1
5000,2,2,1,0,10,1,network_error,0
5000,2,1,0,10,23,0,card_declined,0
5000,1,1,2,10,5,0,insufficient_funds,0
5000,3,4,0,2,22,0,card_declined,0
9271,1,2,0,10,17,0,card_declined,0
5000,1,1,0,2,19,0,insufficient_funds,1
5981,2,0,0,5,23,1,network_error,0
5000,3,1,0,30,18,0,insufficient_funds,1
5000,1,6,2,0,23,1,network_error,1
8841,2,3,0,5,10,1,temporary,1
8910,2,2,2,5,23,1,temporary,0
5000,3,2,1,30,19,1,network_error,1
5777,1,2,0,5,3,1,temporary,1
44304,1,3,0,0,8,1,temporary,1
5000,2,3,3,30,20,0,card_declined,0
5000,1,1,0,10,14,0,checkout_abandoned,0
5000,3,4,0,0,2,0,checkout_abandoned,0
5389,1,3,0,5,14,0,insufficient_funds,0
5000,2,2,2,0,8,0,checkout_abandoned,0
5000,1,2,1,0,2,0,insufficient_funds,1
5000,3,3,0,1,4,1,temporary,1
5000,2,3,0,0,4,0,insufficient_funds,1
5000,1,3,1,10,8,0,card_declined,1
5000,1,1,0,0,21,0,checkout_abandoned,1
5000,1,1,0,30,5,1,network_error,0
5000,1,2,1,0,4,0,checkout_abandoned,1
5223,3,1,2,0,21,0,insufficient_funds,0
11961,2,0,0,1,11,0,insufficient_funds,0
5000,3,2,0,2,23,1,temporary,1
7325,1,1,0,30,7,0,checkout_abandoned,0
5000,3,2,2,2,4,0,card_declined,0
8708,2,3,0,2,20,0,insufficient_funds,0
7156,2,2,0,0,3,0,card_declined,1
11682,3,0,1,0,17,1,temporary,0
10031,3,1,1,10,3,0,card_declined,0
8854,3,0,0,2,20,0,insufficient_funds,1
5000,3,3,2,1,13,1,temporary,0
6278,2,0,1,2,3,1,network_error,1
14235,3,3,1,30,21,0,insufficient_funds,1
5000,3,1,2,1,6,1,network_error,1
5000,3,1,1,2,17,1,network_error,1
5892,2,1,0,2,4,1,temporary,0
7444,1,5,0,10,10,0,card_declined,1
5000,2,3,2,0,6,1,temporary,0
5000,1,5,1,0,23,0,checkout_abandoned,0
5000,1,2,1,30,2,1,temporary,0
5000,2,4,0,1,12,1,temporary,1
5000,2,1,2,2,6,0,checkout_abandoned,0
5000,2,0,1,1,18,1,network_error,0
5000,3,2,0,0,13,1,temporary,1
20250,3,1,1,0,11,0,card_declined,0
5000,2,1,1,5,19,1,temporary,0
5000,2,1,0,2,15,0,card_declined,1
5000,3,8,0,5,15,0,insufficient_funds,1
5000,1,1,0,10,9,0,card_declined,1
5000,3,6,2,0,5,0,checkout_abandoned,1
5000,3,1,1,1,1,0,insufficient_funds,0
14878,3,0,1,2,13,0,insufficient_funds,1
11621,1,1,0,10,14,0,insufficient_funds,1
5312,2,3,1,0,5,0,insufficient_funds,0
5000,3,4,2,0,6,0,card_declined,0
13714,1,3,0,0,1,1,temporary,1
5000,1,2,0,0,13,1,network_error,1
5000,2,1,5,30,22,1,network_error,0
5000,2,4,1,0,15,1,network_error,1
5000,3,1,4,10,1,1,network_error,0
10452,2,2,0,10,10,0,insufficient_funds,1
47884,3,2,1,5,22,0,checkout_abandoned,1
5227,1,1,1,0,3,0,card_declined,1
5000,2,4,0,0,6,0,card_declined,1
5000,1,2,0,0,19,1,network_error,1
8535,1,5,2,10,16,0,insufficient_funds,1
5000,1,4,0,0,4,0,insufficient_funds,1
8521,3,1,0,5,0,1,temporary,1
11133,2,4,0,1,3,0,card_declined,1
7602,1,1,0,30,13,0,card_declined,0
5000,1,3,0,1,7,0,card_declined,0
8646,2,3,0,1,4,0,card_declined,1
5830,3,2,0,1,1,1,temporary,1
5000,3,2,0,10,2,0,insufficient_funds,1
31269,1,2,1,10,8,0,checkout_abandoned,0
5000,3,1,2,30,5,1,temporary,0
10675,2,3,1,1,18,0,checkout_abandoned,0
5000,3,0,0,10,18,0,card_declined,0
17614,1,2,0,0,18,0,checkout_abandoned,0
21349,2,1,2,2,17,1,temporary,0
5063,3,0,1,2,10,1,temporary,0
8593,1,2,1,0,4,1,temporary,1
8591,3,2,1,0,4,0,card_declined,1
5000,1,1,1,30,14,0,card_declined,0
8494,3,2,1,0,23,0,checkout_abandoned,1
5000,3,2,1,2,17,0,card_declined,0
5000,3,2,0,10,19,0,checkout_abandoned,1
15167,3,0,1,30,20,1,network_error,1
13025,1,1,0,0,0,1,temporary,0
5000,2,3,0,2,21,0,checkout_abandoned,1
5000,3,4,1,10,14,1,temporary,1
5000,1,0,0,30,20,0,checkout_abandoned,1
10225,1,0,0,5,22,0,card_declined,1
5000,1,2,2,0,3,0,card_declined,1
7021,3,5,0,30,22,1,network_error,0
10371,1,2,1,30,13,1,network_error,1
5000,2,0,0,0,9,1,network_error,1
13494,2,2,0,1,23,0,insufficient_funds,0
5000,2,2,2,5,14,0,card_declined,0
5000,3,1,0,10,15,1,temporary,1
5000,3,1,0,2,14,1,temporary,1
13591,2,0,0,5,15,0,insufficient_funds,1
5000,3,2,1,10,17,0,insufficient_funds,0
6972,1,2,2,0,8,1,network_error,1
5000,3,2,0,0,22,1,network_error,1
5000,1,2,0,10,16,0,checkout_abandoned,0
5000,1,0,1,2,11,1,temporary,1
19591,1,3,1,0,12,0,checkout_abandoned,1
6012,1,4,0,2,1,0,checkout_abandoned,1
5000,3,0,0,0,2,1,temporary,1
6669,1,3,0,0,17,0,card_declined,1
5000,3,2,3,1,9,0,card_declined,0
155444,2,3,0,0,22,0,checkout_abandoned,0
6536,1,5,1,30,10,0,card_declined,1
5000,2,5,2,30,20,1,temporary,1
20333,1,1,1,0,17,1,network_error,1
5000,1,2,1,5,0,0,card_declined,0
5400,2,1,2,1,8,1,network_error,1
36113,3,2,1,2,21,0,card_declined,1
5000,2,1,1,2,18,0,checkout_abandoned,0
5000,1,4,2,5,3,0,checkout_abandoned,0
5000,3,0,0,10,5,1,network_error,0
21047,3,1,1,0,23,1,temporary,1
7158,1,5,0,10,11,0,checkout_abandoned,1
5000,3,2,1,0,17,0,card_declined,1
5000,3,3,1,5,11,0,card_declined,0
5000,2,0,0,5,3,1,temporary,1
7052,1,0,0,5,13,0,insufficient_funds,1
18735,2,1,1,5,2,0,checkout_abandoned,1
14078,2,2,2,0,22,1,temporary,1
7754,1,2,0,5,6,1,network_error,1
5000,1,3,1,1,20,0,card_declined,1
5000,1,1,1,1,5,0,card_declined,0
8377,1,1,0,0,1,1,network_error,1
5000,3,5,2,2,0,0,insufficient_funds,0
5000,1,3,1,0,2,1,network_error,1
6661,2,1,0,5,21,1,network_error,1
5000,2,1,0,1,2,0,card_declined,0
5000,1,1,2,1,3,1,temporary,0
5000,3,2,1,2,5,0,checkout_abandoned,0
8132,3,3,0,2,23,0,card_declined,0
14207,2,2,0,5,19,0,checkout_abandoned,0
9018,3,1,0,0,6,1,network_error,1
5290,1,2,2,10,10,1,temporary,1
5000,3,0,0,0,13,1,network_error,0
5000,3,2,1,0,6,0,insufficient_funds,0
5000,2,1,1,10,16,1,temporary,0
7405,3,2,0,0,6,0,card_declined,0
6881,3,1,0,1,7,0,insufficient_funds,0
5000,2,2,1,5,22,0,checkout_abandoned,1
5000,1,0,0,10,10,0,insufficient_funds,0
16391,1,2,0,30,22,1,network_error,1
5319,1,1,2,5,18,0,insufficient_funds,1
5000,1,1,1,0,7,0,insufficient_funds,1
51835,3,2,0,0,1,0,card_declined,0
5000,1,3,0,0,3,0,insufficient_funds,1
7218,3,1,0,10,8,0,card_declined,0
7328,1,0,1,0,18,0,card_declined,0
5000,2,0,2,0,18,0,insufficient_funds,0
5000,2,1,1,30,9,0,checkout_abandoned,0
41014,1,2,1,0,7,0,checkout_abandoned,1
13402,1,2,2,0,17,1,temporary,0
11180,1,2,1,1,1,1,network_error,1
8745,1,2,1,0,9,0,checkout_abandoned,1
5000,3,5,0,5,4,0,insufficient_funds,1
17633,2,3,0,0,16,0,insufficient_funds,0
5000,3,1,1,0,16,0,insufficient_funds,0
6524,3,1,0,2,20,0,card_declined,0
5000,2,2,1,0,23,0,insufficient_funds,0
5000,3,2,0,0,5,0,checkout_abandoned,1
6756,1,1,2,10,5,1,temporary,0
5000,2,3,1,2,9,1,temporary,1
5000,2,1,1,30,12,0,insufficient_funds,0
8438,2,2,0,0,17,1,temporary,0
40948,3,4,0,30,5,0,card_declined,1
19723,3,2,2,30,13,1,temporary,0
5000,2,1,1,0,22,1,network_error,0
5000,1,2,2,0,1,1,temporary,1
11940,2,2,2,10,21,0,card_declined,0
15095,3,1,3,0,4,1,temporary,0
5000,3,2,0,10,9,0,checkout_abandoned,0
5085,3,1,0,1,3,0,insufficient_funds,0
6638,1,3,1,0,0,0,insufficient_funds,0
8551,1,1,1,0,6,0,insufficient_funds,0
5000,2,3,2,0,14,1,temporary,1
5000,2,0,0,5,9,0,card_declined,0
19532,2,4,2,0,15,1,network_error,0
16473,3,2,0,0,17,0,checkout_abandoned,0
7922,2,3,1,10,14,0,insufficient_funds,0
27422,2,2,0,0,16,1,temporary,0
5000,3,1,2,2,7,0,checkout_abandoned,0
24908,2,2,2,0,19,0,card_declined,1
8455,2,3,1,0,0,0,card_declined,0
129446,1,2,1,1,20,1,temporary,1
5000,2,5,0,0,0,0,card_declined,0
5000,2,2,0,5,15,1,network_error,1
7471,1,0,1,10,18,1,network_error,1
7311,1,1,1,30,21,1,network_error,0
34549,3,3,0,2,12,1,temporary,1
5000,1,0,0,0,19,0,checkout_abandoned,0
12147,1,3,1,10,6,0,card_declined,0
15716,1,0,0,10,6,1,network_error,1
9943,1,0,1,0,21,0,card_declined,0
5000,2,1,1,1,13,1,network_error,1
20085,2,2,0,30,21,0,card_declined,1
16803,2,1,1,10,12,1,temporary,0
8951,2,2,1,0,19,1,temporary,0
6029,2,2,2,5,4,0,insufficient_funds,0
6161,3,1,0,0,14,1,temporary,1
5000,1,1,0,10,4,0,checkout_abandoned,1
9328,3,0,0,30,14,1,network_error,0
5070,1,0,1,10,7,0,card_declined,0
5000,3,1,1,0,12,0,checkout_abandoned,0
5000,2,2,0,1,21,0,card_declined,1
5000,2,1,1,2,4,1,network_error,1
6137,1,0,2,30,17,0,checkout_abandoned,0
5000,2,2,3,0,17,0,insufficient_funds,0
6095,2,6,0,2,7,0,insufficient_funds,1
8109,3,2,1,5,12,1,network_error,1
5000,1,0,0,0,21,1,temporary,0
21282,2,1,3,0,13,1,network_error,0
5000,3,0,0,1,3,0,insufficient_funds,0
5000,3,2,0,1,16,1,network_error,1
7961,3,2,1,0,2,0,insufficient_funds,0
5000,2,3,1,0,8,0,card_declined,0
5000,3,2,0,5,20,1,network_error,1
13109,1,1,0,30,16,1,network_error,1
5000,3,4,0,10,16,1,temporary,1
15026,2,3,4,30,5,1,network_error,1
22273,2,2,0,10,0,0,checkout_abandoned,1
5000,1,3,1,10,20,0,card_declined,0
6580,2,3,2,0,5,0,insufficient_funds,0
15049,1,4,0,10,23,0,checkout_abandoned,1
5000,3,1,0,1,7,0,insufficient_funds,0
11705,1,0,0,2,14,0,insufficient_funds,1
5000,2,3,0,30,17,0,card_declined,1
5000,1,1,1,0,9,0,card_declined,1
5000,2,2,2,0,19,0,card_declined,0
6923,2,5,0,0,6,1,network_error,1
15645,1,1,0,1,10,1,temporary,1
5000,3,3,1,10,21,0,insufficient_funds,1
5000,3,1,0,1,7,0,insufficient_funds,0
5000,2,1,0,2,7,0,card_declined,0
7292,1,2,0,0,2,0,insufficient_funds,0
31073,3,3,0,0,19,0,insufficient_funds,0
7286,3,3,1,2,1,0,checkout_abandoned,0
5000,2,3,0,0,9,0,checkout_abandoned,0
10574,2,1,1,1,6,1,network_error,0
5000,1,2,1,30,21,1,network_error,1
5000,2,3,1,2,11,0,card_declined,1
5000,1,0,2,0,10,1,network_error,0
20099,2,0,0,1,12,0,insufficient_funds,1
5000,3,2,1,0,13,1,temporary,1
10914,2,0,1,5,5,1,network_error,1
5000,2,1,0,5,2,0,card_declined,0
5000,3,3,1,30,4,1,temporary,1
26697,3,2,0,2,23,0,card_declined,1
5000,1,0,0,0,1,1,temporary,1
5000,1,3,1,0,13,0,checkout_abandoned,0
5000,1,1,1,0,17,1,temporary,1
7434,3,1,0,2,14,0,card_declined,1
5000,2,1,0,2,19,1,network_error,0
5000,3,2,0,0,3,0,card_declined,1
5000,2,2,0,5,9,0,insufficient_funds,1
17700,3,1,4,0,16,1,network_error,0
5296,3,2,1,5,1,0,insufficient_funds,0
7716,1,1,2,2,10,1,temporary,1
5000,3,3,1,0,19,0,checkout_abandoned,1
5000,3,4,1,30,10,0,insufficient_funds,0
26306,1,2,0,10,18,0,checkout_abandoned,1
5000,2,1,1,10,11,1,network_error,0
5000,3,1,1,5,2,0,insufficient_funds,0
14707,3,4,1,0,12,0,card_declined,0
5000,2,3,0,30,9,1,network_error,1
5000,2,1,0,0,19,0,insufficient_funds,0
5000,1,4,1,10,20,0,card_declined,1
5000,2,2,2,1,8,0,insufficient_funds,0
6371,2,2,1,5,21,1,temporary,1
39801,2,2,3,0,21,1,temporary,0
6879,1,1,0,0,11,0,insufficient_funds,1
5000,3,4,1,0,2,0,card_declined,0
6811,2,0,0,5,17,1,temporary,1
5104,1,3,1,0,12,0,insufficient_funds,1
5133,2,4,0,0,15,1,temporary,1
6285,2,5,0,0,16,1,temporary,1
5000,1,3,1,0,18,0,card_declined,1
5000,2,1,3,2,23,1,temporary,1
9072,3,2,1,0,7,0,insufficient_funds,1
5000,3,0,1,0,9,0,card_declined,0
5000,1,2,0,10,4,0,checkout_abandoned,0
101091,2,0,1,0,16,0,card_declined,0
5000,2,1,0,0,16,1,temporary,1
5432,3,0,1,0,18,0,card_declined,0
5000,3,4,0,1,3,0,insufficient_funds,1
5521,2,4,1,2,19,0,checkout_abandoned,0
5000,1,1,2,0,14,1,temporary,1
5000,2,3,1,0,22,0,insufficient_funds,0
13975,1,2,0,0,0,0,insufficient_funds,0
7879,3,2,0,0,8,0,checkout_abandoned,1
8676,3,1,1,5,22,0,card_declined,1
5000,3,3,1,0,20,0,checkout_abandoned,1
30850,2,2,2,5,15,0,card_declined,0
5000,3,0,0,0,22,1,temporary,1
22664,2,0,2,0,15,1,temporary,0
13650,2,2,1,10,11,1,temporary,1
8754,3,3,0,0,6,0,card_declined,0
5000,1,1,0,0,16,0,checkout_abandoned,1
5719,3,4,2,1,12,0,card_declined,0
5000,3,4,1,5,7,0,checkout_abandoned,1
5059,2,2,0,5,3,0,card_declined,1
5000,1,0,1,5,6,0,insufficient_funds,0
5000,3,0,3,10,12,1,network_error,1
15089,1,2,1,2,6,1,temporary,1
5000,3,1,1,0,14,0,insufficient_funds,0
5000,3,1,1,2,1,1,temporary,0
5000,2,3,0,0,8,0,checkout_abandoned,0
7033,2,2,0,1,13,0,checkout_abandoned,0
5000,1,4,2,0,17,1,network_error,0
5000,2,2,2,1,20,1,temporary,1
7384,1,4,1,2,3,0,checkout_abandoned,0
8259,3,1,1,0,6,0,checkout_abandoned,0
5000,2,3,1,0,15,0,card_declined,0
5000,1,5,2,0,0,1,network_error,1
5371,3,1,0,0,13,0,card_declined,1
5000,1,0,0,0,6,0,checkout_abandoned,0
5000,2,2,1,30,12,0,card_declined,1
5000,1,0,0,1,18,1,temporary,1
11429,1,6,0,30,4,0,insufficient_funds,1
5000,1,4,1,0,10,0,checkout_abandoned,1
5000,1,1,0,30,17,1,temporary,1
34706,3,6,1,30,18,0,card_declined,1
6991,3,0,1,0,7,0,card_declined,0
6898,3,4,0,0,5,0,insufficient_funds,1
5000,3,4,1,5,10,0,card_declined,1
5000,2,2,0,0,15,1,network_error,1
5000,2,0,1,5,16,0,insufficient_funds,0
12948,1,0,2,5,17,1,temporary,0
7694,3,3,0,0,7,0,card_declined,1
5000,2,0,1,10,19,1,network_error,1
5000,2,1,1,10,18,0,checkout_abandoned,0
10261,1,6,1,1,16,0,insufficient_funds,1
5000,2,0,1,30,17,0,insufficient_funds,1
5000,3,2,1,2,21,1,temporary,1
5000,2,2,0,5,19,0,card_declined,1
28897,2,3,1,0,3,0,insufficient_funds,0
11797,3,3,0,5,18,0,card_declined,1
5000,1,1,3,30,13,1,temporary,0
5000,3,5,0,10,10,0,card_declined,1
5000,3,0,2,5,10,0,insufficient_funds,1
5000,2,4,0,1,3,0,insufficient_funds,0
5000,3,0,0,0,23,1,network_error,0
34363,1,1,1,0,1,0,card_declined,0
6717,1,0,0,5,13,0,checkout_abandoned,1
7901,1,2,1,2,22,0,checkout_abandoned,1
5000,2,2,0,0,16,1,network_error,1
10120,3,2,1,0,22,0,insufficient_funds,0
5000,2,3,0,1,22,0,checkout_abandoned,1
5000,3,0,0,0,0,1,temporary,1
9054,1,2,0,1,3,0,card_declined,1
5000,3,2,2,30,2,0,insufficient_funds,1
24270,1,5,2,5,8,1,network_error,1
5898,2,0,1,30,9,1,network_error,0
17693,3,1,2,30,7,0,checkout_abandoned,0
5000,3,3,4,0,3,1,temporary,0
5000,3,2,1,0,2,1,network_error,1
5000,2,0,2,0,12,0,checkout_abandoned,0
6312,2,0,0,5,13,0,insufficient_funds,1
5249,2,4,0,0,7,0,insufficient_funds,0
5000,2,3,1,5,7,0,card_declined,1
5000,3,2,3,1,11,1,network_error,0
5000,2,2,0,0,3,0,insufficient_funds,0
5000,2,3,2,0,3,1,network_error,1
5000,2,4,1,5,0,1,network_error,1
5000,1,7,0,1,8,0,card_declined,1
23088,1,2,2,30,0,1,temporary,0
5000,2,3,0,30,8,0,insufficient_funds,0
17501,2,1,0,2,9,0,checkout_abandoned,1
5000,2,2,0,5,6,0,insufficient_funds,1
6277,3,0,0,1,14,1,network_error,1
5000,3,1,0,1,3,1,temporary,0
5000,3,1,4,5,5,0,insufficient_funds,0
20503,2,3,2,0,22,0,card_declined,1
5000,3,1,0,10,21,0,checkout_abandoned,0
10367,3,1,0,5,2,0,card_declined,1
5000,1,1,2,0,5,1,temporary,1
5000,2,2,1,0,13,0,checkout_abandoned,0
5000,2,2,1,0,6,1,network_error,0
16915,3,1,3,5,3,0,insufficient_funds,0
6710,2,0,0,5,7,1,temporary,0
7094,1,1,2,5,23,0,checkout_abandoned,0
19114,1,0,0,0,3,0,checkout_abandoned,0
15620,1,2,0,0,14,1,temporary,1
10565,1,3,1,10,23,0,checkout_abandoned,1
5000,1,2,0,1,19,0,insufficient_funds,1
5000,3,3,1,0,17,0,checkout_abandoned,0
5000,2,3,1,0,7,1,network_error,1
10173,3,2,0,0,7,1,network_error,1
5829,3,1,1,5,14,0,card_declined,0
5000,2,0,0,10,23,0,card_declined,0
5000,2,2,0,0,8,0,insufficient_funds,0
5000,1,1,1,0,15,0,checkout_abandoned,0
5000,3,0,2,0,23,0,checkout_abandoned,0
5000,2,1,0,1,18,0,checkout_abandoned,1
8340,3,0,2,10,23,1,network_error,0
7172,1,2,0,1,8,1,temporary,1
33121,1,3,0,10,16,1,temporary,1
11474,1,0,1,10,5,1,temporary,1
5000,3,0,1,2,1,0,insufficient_funds,0
11137,2,6,1,0,10,0,card_declined,1
5000,1,1,1,30,19,1,network_error,0
5000,1,4,0,5,10,0,insufficient_funds,1
6857,2,2,0,5,6,1,temporary,1
5000,3,1,2,30,23,1,network_error,0
5000,3,3,0,2,9,0,card_declined,0
5000,2,0,0,2,3,1,network_error,1
5438,3,3,0,10,4,1,network_error,1
5000,1,0,1,0,3,0,checkout_abandoned,0
7511,3,2,1,30,23,0,insufficient_funds,0
5010,1,1,2,0,14,1,network_error,1
19937,2,0,0,30,0,0,checkout_abandoned,0
5000,3,0,0,2,13,1,temporary,1
5000,3,2,0,30,10,0,checkout_abandoned,1
5000,1,2,0,0,13,0,insufficient_funds,1
5000,2,3,1,10,20,1,network_error,1
7377,1,1,1,2,9,0,checkout_abandoned,0
8864,1,3,0,5,7,1,temporary,0
58057,2,1,0,2,8,0,card_declined,0
5000,2,2,0,30,16,0,card_declined,0
5000,1,3,0,5,2,0,checkout_abandoned,0
5000,3,1,2,0,14,1,network_error,0
6076,2,1,0,2,19,0,checkout_abandoned,1
7198,2,1,1,0,23,1,temporary,1
5000,2,2,0,5,10,1,network_error,1
14564,2,1,2,1,11,1,temporary,1
5000,1,2,1,0,21,1,network_error,1
13176,2,1,1,0,19,0,insufficient_funds,0
8421,3,1,2,1,11,1,temporary,0
5000,2,5,1,1,9,1,temporary,1
5000,2,1,1,10,21,0,card_declined,1
55640,3,2,0,5,9,1,temporary,1
5000,2,2,1,10,22,0,insufficient_funds,1
6620,1,3,0,0,10,0,insufficient_funds,1
5000,1,1,2,0,13,0,insufficient_funds,0
29308,3,5,1,0,12,1,temporary,0
11930,2,3,2,0,19,0,card_declined,0
5000,2,5,1,0,18,1,network_error,1
8205,1,6,0,5,2,1,temporary,1
6359,1,1,1,1,20,1,temporary,1
5000,2,2,1,1,2,1,network_error,0
10489,3,1,1,5,19,0,insufficient_funds,1
7253,1,2,1,1,16,0,card_declined,1
6097,2,1,1,0,14,1,temporary,1
5000,3,5,1,0,1,1,network_error,1
7563,1,1,0,0,20,1,temporary,1
6181,1,3,1,1,17,1,temporary,1
5213,1,3,0,30,13,0,checkout_abandoned,1
5000,3,2,1,0,5,0,checkout_abandoned,0
26735,2,3,1,5,18,1,temporary,1
5000,3,2,0,0,5,0,card_declined,1
7537,3,1,0,0,10,0,checkout_abandoned,0
5000,2,1,1,1,8,0,card_declined,0
28553,1,6,1,5,10,1,network_error,0
5000,1,2,2,10,22,1,temporary,1
5000,2,1,0,5,18,1,temporary,1
5000,2,2,1,30,17,0,checkout_abandoned,1
6791,1,3,1,1,16,0,insufficient_funds,1
5000,3,1,0,0,18,0,checkout_abandoned,1
5000,1,2,1,1,17,0,checkout_abandoned,1
5000,2,3,1,0,18,1,network_error,0
6250,3,3,0,0,1,0,insufficient_funds,1
5000,2,2,0,0,19,1,temporary,0
5000,3,5,1,10,7,0,insufficient_funds,1
14553,1,2,0,30,4,0,insufficient_funds,1
5000,3,1,0,0,4,0,card_declined,0
10904,3,0,1,0,22,0,card_declined,0
5000,3,3,1,10,19,0,card_declined,0
24381,1,3,0,30,9,0,checkout_abandoned,0
10399,1,2,0,0,21,0,card_declined,1
5000,1,3,0,5,13,0,card_declined,0
5000,3,2,2,1,20,1,network_error,0
9004,1,2,2,10,19,0,checkout_abandoned,0
5000,2,3,0,2,5,1,temporary,1
5000,2,0,3,0,20,0,insufficient_funds,0
17539,3,2,0,0,23,0,card_declined,0
5000,3,2,3,2,12,1,network_error,1
5384,1,0,0,0,7,0,card_declined,0
12767,3,0,1,0,13,0,insufficient_funds,0
11038,1,0,0,2,20,1,network_error,0
5000,1,1,2,5,9,1,network_error,1
5000,1,3,0,10,1,0,checkout_abandoned,1
5000,2,1,0,2,1,0,card_declined,1
5000,2,2,0,1,18,0,checkout_abandoned,1
6757,3,2,1,10,15,1,network_error,0
5000,3,1,1,1,5,0,checkout_abandoned,1
5297,2,2,1,5,16,0,card_declined,1
13894,2,1,2,30,7,1,network_error,0
5000,1,3,0,30,11,0,insufficient_funds,0
5000,3,4,1,1,4,0,checkout_abandoned,0
5935,2,0,2,1,1,1,network_error,0
5000,3,3,1,10,21,0,checkout_abandoned,0
20567,2,3,1,2,13,1,network_error,1
12192,3,0,2,10,23,0,checkout_abandoned,0
6569,3,4,3,0,2,0,card_declined,0
29561,3,5,3,10,9,0,card_declined,1
5000,2,4,0,0,10,1,network_error,1
5000,1,5,0,1,0,1,temporary,1
7089,1,2,1,0,19,1,temporary,1
5000,2,2,0,30,23,1,temporary,1
6638,3,0,3,0,5,0,insufficient_funds,0
5000,3,3,0,2,20,0,insufficient_funds,0
9804,1,2,0,0,22,0,card_declined,1
14155,2,3,1,0,9,0,checkout_abandoned,1
6453,3,2,1,0,16,0,checkout_abandoned,0
5000,1,0,0,0,10,0,card_declined,1
5000,2,5,2,0,6,0,insufficient_funds,1
8644,3,2,0,0,6,1,temporary,1
5020,1,2,1,5,5,0,card_declined,1
5000,1,3,0,0,23,0,card_declined,0
17031,2,2,0,1,1,1,network_error,1
5634,3,4,0,0,10,1,network_error,1
5000,1,3,1,30,20,1,temporary,1
13292,3,0,2,1,12,0,card_declined,0
5000,1,1,1,0,1,0,card_declined,1
5000,2,2,1,0,8,1,temporary,0
7032,2,3,1,0,15,0,card_declined,0
29174,1,4,1,0,2,1,network_error,1
24924,3,1,0,10,18,0,card_declined,0
7042,3,2,1,1,15,0,checkout_abandoned,1
7803,3,2,0,10,6,0,card_declined,0
10845,1,4,1,0,19,0,insufficient_funds,1
5000,2,3,0,0,9,1,network_error,1
9359,3,1,0,5,9,0,checkout_abandoned,0
5000,1,5,0,0,7,0,card_declined,1
6757,2,3,1,0,9,1,network_error,1
5000,2,2,1,30,19,1,temporary,1
8112,2,3,0,1,0,0,checkout_abandoned,0
5530,2,0,1,30,23,0,card_declined,1
5000,3,1,0,0,18,1,temporary,0
5877,1,5,3,30,23,0,card_declined,0
9340,3,0,1,30,15,1,network_error,0
7676,3,2,0,1,1,0,insufficient_funds,1
5000,1,1,1,2,18,1,temporary,1
25391,3,3,1,0,16,0,insufficient_funds,0
6710,1,0,0,0,11,1,temporary,0
7613,1,1,0,1,14,0,insufficient_funds,0
13967,2,0,0,0,8,1,network_error,1
7062,3,1,1,2,22,0,checkout_abandoned,0
5000,3,0,0,30,21,0,card_declined,0
5000,2,3,1,0,13,1,temporary,1
5000,3,3,0,10,22,0,checkout_abandoned,1
10519,1,2,2,0,10,0,checkout_abandoned,1
5000,3,0,1,5,4,1,network_error,0
10950,2,2,1,30,10,1,network_error,1
5702,1,1,1,5,22,1,temporary,1
17819,1,1,1,0,20,0,insufficient_funds,0
5000,1,3,1,2,0,0,card_declined,1
7844,1,3,0,0,16,1,temporary,0
8150,1,0,0,0,19,0,insufficient_funds,0
22061,3,3,0,2,1,1,network_error,1
5000,1,4,3,2,13,1,network_error,1
5000,2,2,1,30,22,0,checkout_abandoned,1
11481,3,1,1,0,8,0,insufficient_funds,0
23060,1,0,2,30,16,1,temporary,0
6248,3,6,0,1,9,0,card_declined,1
5000,2,2,0,0,3,0,card_declined,1
10478,1,4,0,2,9,1,temporary,1
11715,3,4,1,2,11,1,temporary,1
5000,2,0,0,30,10,0,checkout_abandoned,0
6838,2,1,0,30,6,1,temporary,1
16002,3,1,0,5,22,0,card_declined,0
32547,3,2,1,5,14,0,checkout_abandoned,0
10327,3,2,0,0,15,1,network_error,1
5136,3,2,0,0,13,0,insufficient_funds,0
5000,1,5,0,2,8,0,card_declined,1
8581,2,2,1,5,23,0,insufficient_funds,1
5000,1,1,0,0,9,1,network_error,0
5941,3,1,0,2,1,1,network_error,1
5000,3,0,1,2,10,0,card_declined,1
17980,2,1,2,1,10,1,temporary,0
5000,2,2,1,0,9,0,card_declined,0
5000,3,1,0,1,4,0,insufficient_funds,1
5418,1,2,0,0,11,0,checkout_abandoned,1
35989,2,2,3,0,0,1,network_error,1
5000,3,1,2,1,8,1,temporary,1
5000,1,2,3,10,18,1,network_error,0
5000,3,3,2,10,17,0,checkout_abandoned,0
25819,1,1,0,0,18,0,card_declined,1
5000,3,3,1,2,3,1,temporary,1
5000,2,2,0,0,22,1,network_error,0
75454,3,1,0,0,4,0,checkout_abandoned,1
8874,3,3,0,1,14,0,checkout_abandoned,1
5000,2,2,0,1,23,1,temporary,1
5000,3,1,0,5,6,0,card_declined,1
5257,2,1,2,5,2,0,checkout_abandoned,0
11454,2,4,1,2,8,1,temporary,1
30930,3,0,0,0,0,1,temporary,1
7248,1,3,0,10,14,0,card_declined,1
5000,2,2,4,1,18,1,temporary,0
10797,1,2,2,10,15,0,card_declined,1
5000,2,2,2,0,5,0,insufficient_funds,1
5000,3,0,0,2,1,1,network_error,1
5000,1,1,2,0,7,0,checkout_abandoned,0
5000,2,1,0,2,21,0,checkout_abandoned,1
5000,2,4,0,10,8,0,insufficient_funds,1
5000,3,3,1,2,22,0,card_declined,1
6722,1,0,1,30,23,1,temporary,0
5000,1,2,0,1,19,1,network_error,1
5000,1,2,0,0,5,0,checkout_abandoned,0
5000,2,1,2,1,5,0,card_declined,0
5000,2,1,0,10,3,0,card_declined,0
5000,3,3,0,2,8,0,insufficient_funds,0
22460,2,2,1,2,11,1,network_error,0
5000,1,3,1,10,16,1,network_error,1
11859,3,3,0,0,1,1,network_error,0
5000,1,2,1,5,7,0,checkout_abandoned,0
5000,2,1,0,30,8,0,card_declined,1
5000,2,4,0,0,9,1,temporary,1
5000,1,1,1,0,13,0,card_declined,0
5000,2,2,0,30,16,1,network_error,0
5825,2,0,1,30,22,0,card_declined,0
5000,3,0,2,30,0,0,checkout_abandoned,0
5000,1,1,1,10,4,1,network_error,1
13251,3,1,1,0,3,1,network_error,1
7531,2,0,1,2,6,0,card_declined,1
5000,3,3,0,30,0,1,temporary,1
5684,1,2,3,5,9,1,network_error,1
5000,1,3,1,2,6,1,temporary,1
5000,3,1,0,2,12,0,checkout_abandoned,1
5273,2,1,0,0,11,0,insufficient_funds,0
5000,1,7,1,0,15,1,temporary,1
5000,3,4,0,5,20,1,network_error,1
5000,1,4,0,30,2,1,temporary,1
5000,2,1,1,0,4,0,insufficient_funds,0
8664,3,1,0,1,17,1,temporary,0
5000,3,0,1,5,8,0,insufficient_funds,0
61126,3,1,0,1,21,0,card_declined,1
11916,2,3,0,10,0,0,insufficient_funds,1
18112,1,1,1,5,2,0,checkout_abandoned,1
10886,1,3,1,0,11,0,checkout_abandoned,1
31346,3,3,2,10,12,1,network_error,1
5000,2,1,3,0,0,0,checkout_abandoned,0
5000,1,2,0,1,11,1,temporary,1
5000,3,4,3,0,7,1,temporary,0
8588,3,3,1,30,15,0,checkout_abandoned,0
5718,1,5,0,1,19,0,checkout_abandoned,1
6473,3,1,0,30,13,0,insufficient_funds,1
18414,2,1,0,2,22,1,network_error,1
7201,2,2,1,0,13,0,card_declined,0
10926,3,2,0,10,8,0,checkout_abandoned,1
5000,1,3,1,0,2,1,network_error,1
5000,1,1,1,30,6,0,card_declined,0
24689,3,2,0,30,8,1,network_error,1
5436,2,4,1,2,18,1,temporary,1
5000,1,2,0,1,11,0,card_declined,0
5000,3,0,0,1,16,0,insufficient_funds,1
5000,1,1,0,10,3,1,network_error,0
5000,3,1,2,0,9,0,insufficient_funds,0
5000,1,3,0,0,18,0,checkout_abandoned,0
5000,2,4,2,2,21,0,checkout_abandoned,0
5000,2,3,2,5,8,0,checkout_abandoned,1
5000,3,2,2,0,10,0,card_declined,0
14870,2,2,3,0,6,0,insufficient_funds,0
6588,3,5,1,1,22,0,insufficient_funds,1
6408,1,0,0,2,2,0,checkout_abandoned,1
5000,2,1,0,2,21,0,card_declined,0
5000,3,2,0,10,16,0,checkout_abandoned,0
7051,1,1,0,5,22,0,card_declined,1
10058,3,2,2,5,3,0,checkout_abandoned,0
5000,3,1,1,0,2,1,network_error,0
14459,3,0,1,30,4,1,temporary,0
5000,1,4,0,1,6,1,network_error,1
10860,3,1,0,1,5,1,network_error,0
5000,3,1,0,10,8,0,checkout_abandoned,0
5000,1,0,3,1,6,0,insufficient_funds,0
6427,2,1,1,10,17,0,insufficient_funds,1
10150,1,3,0,10,6,1,temporary,1
8737,2,2,0,2,7,0,insufficient_funds,0
7496,1,1,0,2,20,0,insufficient_funds,0
5000,2,3,3,10,4,0,checkout_abandoned,0
5000,2,0,1,5,8,1,network_error,0
8533,2,2,1,10,8,0,insufficient_funds,0
7528,3,1,0,5,11,1,temporary,1
5000,3,2,1,10,7,0,insufficient_funds,1
14904,1,4,3,10,13,0,checkout_abandoned,1
5000,1,4,0,10,19,0,insufficient_funds,0
5000,1,3,2,1,11,0,card_declined,1
25246,3,3,2,5,23,0,card_declined,1
11714,1,2,0,2,15,1,temporary,1
5000,1,1,2,10,7,0,card_declined,0
6551,1,0,2,1,6,0,insufficient_funds,0
5737,3,1,1,0,1,0,checkout_abandoned,0
5000,2,2,0,10,0,1,temporary,1
5000,3,3,0,2,17,0,card_declined,1
5000,1,2,2,0,18,1,network_error,0
5000,2,2,0,10,11,1,network_error,1
6292,2,2,1,0,3,0,insufficient_funds,1
15206,1,1,0,0,10,1,temporary,1
5000,3,0,2,5,13,1,temporary,0
5000,3,4,1,0,8,1,network_error,0
6801,1,4,0,0,11,1,network_error,0
5000,3,4,2,1,11,0,insufficient_funds,0
5000,2,7,0,30,2,1,network_error,1
5000,2,4,1,2,3,0,checkout_abandoned,0
46250,3,5,0,30,1,0,checkout_abandoned,1
5000,2,3,2,5,14,0,insufficient_funds,0
5000,1,1,0,0,21,0,card_declined,0
5000,3,5,1,2,22,0,insufficient_funds,1
5000,3,1,2,0,15,1,temporary,0
12086,1,0,0,0,22,0,checkout_abandoned,1
11083,3,2,1,2,9,1,network_error,1
5000,2,3,0,10,17,0,card_declined,0
5000,1,2,0,10,12,0,checkout_abandoned,1
5000,2,4,0,0,9,1,temporary,1
5000,3,0,1,0,16,1,temporary,1
5000,1,2,1,10,22,0,insufficient_funds,1
5000,3,1,1,5,11,0,checkout_abandoned,0
6326,3,1,0,1,15,0,checkout_abandoned,0
10438,3,1,1,10,5,0,checkout_abandoned,0
5000,1,5,0,0,12,0,card_declined,1
5000,1,1,1,10,15,0,insufficient_funds,1
5000,3,1,1,1,6,0,checkout_abandoned,1
11688,2,2,1,1,18,1,temporary,0
6312,2,3,1,5,18,0,checkout_abandoned,1
8145,2,5,1,0,20,0,checkout_abandoned,1
5000,2,1,1,30,19,1,temporary,1
29288,2,2,0,0,14,0,card_declined,0
5000,2,4,0,2,13,0,card_declined,1
5815,2,4,0,1,22,0,insufficient_funds,0
11549,2,1,0,30,6,0,card_declined,0
5000,2,3,1,5,1,0,checkout_abandoned,1
5000,3,0,1,1,9,0,card_declined,0
5879,2,1,2,1,10,0,card_declined,0
85602,3,8,1,0,14,1,network_error,1
6641,2,1,0,0,3,0,checkout_abandoned,0
24498,3,4,2,1,5,0,card_declined,0
16410,2,3,0,0,21,0,card_declined,0
7101,2,2,1,5,11,0,insufficient_funds,0
5000,1,3,2,30,10,0,insufficient_funds,0
14182,1,4,0,0,1,0,insufficient_funds,1
5000,3,1,1,30,0,1,temporary,0
24364,1,3,0,0,19,0,checkout_abandoned,1
6002,1,1,2,1,15,0,checkout_abandoned,1
5000,3,2,0,2,9,0,insufficient_funds,1
5000,3,3,2,5,9,0,card_declined,0
9451,2,3,0,1,10,0,insufficient_funds,1
5000,2,2,0,0,19,0,insufficient_funds,0
10046,2,3,0,10,21,1,network_error,0
5000,3,3,1,1,10,0,card_declined,0
5000,2,4,1,0,9,1,temporary,1
5000,1,2,2,1,9,1,temporary,1
5072,2,2,3,1,11,0,card_declined,0
5000,1,0,1,2,7,0,insufficient_funds,1
16769,3,2,0,2,7,0,insufficient_funds,1
5000,1,1,2,2,11,0,checkout_abandoned,0
6722,2,0,2,30,19,1,network_error,1
5260,1,1,1,30,6,0,card_declined,0
5000,3,6,0,0,10,0,checkout_abandoned,0
5000,2,0,1,5,6,1,temporary,0
5000,1,0,1,0,11,0,insufficient_funds,0
35639,3,2,0,0,2,1,network_error,1
8771,2,1,1,0,11,1,network_error,0
5000,2,2,2,5,16,0,card_declined,0
5000,1,4,0,30,16,1,network_error,1
10229,1,4,1,10,15,0,card_declined,1
5000,3,1,0,0,12,0,insufficient_funds,1
15386,2,0,1,0,14,0,card_declined,1
5000,2,2,0,10,10,0,card_declined,0
6975,3,2,1,2,22,1,network_error,1
11454,2,1,2,2,15,1,temporary,1
5000,2,1,1,0,7,1,network_error,1
5000,3,0,2,10,15,0,card_declined,0
5040,1,4,1,10,7,1,network_error,1
8456,2,4,1,0,17,1,temporary,1
5000,3,1,0,30,8,0,card_declined,1
13016,1,0,0,1,11,0,card_declined,1
5000,1,2,1,0,13,0,checkout_abandoned,0
5000,2,3,2,30,23,0,checkout_abandoned,0
35488,1,5,1,0,13,0,card_declined,0
5000,1,0,1,0,13,1,temporary,1
5000,1,3,1,1,21,0,insufficient_funds,1
5000,3,2,1,2,19,0,card_declined,0
5256,1,1,1,5,0,0,card_declined,0
5000,3,3,0,30,11,0,insufficient_funds,0
5000,2,5,1,1,16,0,insufficient_funds,1
5000,3,2,1,0,8,0,card_declined,0
5853,1,1,0,1,5,0,checkout_abandoned,1
5000,3,1,0,10,12,1,network_error,0
32237,2,2,3,0,4,0,insufficient_funds,0
5000,3,4,2,0,13,0,card_declined,0
8783,3,1,4,5,16,0,checkout_abandoned,1
5000,2,4,0,0,7,0,checkout_abandoned,0
5000,3,1,0,1,15,1,network_error,0
5000,1,4,1,0,18,0,checkout_abandoned,1
21369,2,2,0,0,6,0,card_declined,1
5000,2,2,1,5,10,1,network_error,0
10488,3,2,1,10,14,0,insufficient_funds,0
5000,3,0,0,0,15,0,checkout_abandoned,0
5000,3,2,1,2,14,0,insufficient_funds,0
5000,3,5,0,1,6,1,temporary,1
17744,3,2,0,0,3,0,card_declined,1
5000,3,2,1,5,11,1,network_error,0
5000,2,1,0,5,7,1,network_error,0
5000,1,3,1,0,8,0,insufficient_funds,1
5000,3,1,1,30,19,1,temporary,0
5000,1,1,0,0,10,0,checkout_abandoned,0
5000,1,3,1,2,21,0,checkout_abandoned,0
5000,3,2,3,0,16,1,temporary,0
5000,1,6,1,2,4,1,network_error,1
5000,1,2,1,0,3,1,network_error,0
16324,2,2,0,0,15,1,temporary,1
7358,2,2,1,1,5,1,temporary,1
5928,1,0,0,0,22,0,insufficient_funds,0
5000,2,4,1,1,8,0,card_declined,1
5000,1,4,1,2,0,1,network_error,0
5000,1,4,1,30,6,0,card_declined,1
5000,1,3,1,0,20,1,network_error,1
11709,3,2,0,5,4,0,card_declined,1
12117,2,1,2,0,10,1,temporary,0
9233,3,1,1,30,19,1,temporary,1
5000,1,1,2,30,20,0,checkout_abandoned,1
5036,3,1,0,10,3,1,network_error,0
5000,3,2,0,0,18,1,network_error,1
5000,2,3,1,30,15,0,insufficient_funds,0
37689,3,1,2,1,4,0,card_declined,0
5000,2,3,0,0,10,1,temporary,1
5000,2,1,1,1,3,0,insufficient_funds,0
16510,3,2,0,0,3,1,temporary,1
5000,2,0,1,0,21,0,card_declined,0
5000,2,3,1,1,7,1,network_error,1
5000,3,2,0,30,8,0,insufficient_funds,0
5000,2,2,0,1,2,0,card_declined,1
5000,1,3,0,5,8,0,card_declined,1
8913,3,0,0,10,2,0,checkout_abandoned,1
9569,3,2,0,30,19,0,card_declined,0
8171,1,0,1,2,8,1,temporary,1
5000,3,1,0,2,23,1,temporary,1
5358,1,2,1,30,18,1,network_error,1
5000,1,2,0,5,19,1,temporary,1
5000,3,2,2,0,9,0,checkout_abandoned,0
42339,2,3,0,2,22,0,insufficient_funds,1
5408,2,0,0,2,13,0,insufficient_funds,0
5000,2,1,1,2,3,0,insufficient_funds,1
5886,1,2,0,5,3,0,insufficient_funds,1
5000,3,1,0,1,22,1,network_error,1
5000,1,3,1,0,21,1,temporary,1
5000,3,1,2,0,14,1,temporary,0
5000,3,2,0,10,7,0,card_declined,1
12543,1,1,1,30,16,1,network_error,1
8763,2,2,0,5,4,0,checkout_abandoned,1
8291,1,1,0,10,20,0,checkout_abandoned,1
5000,2,4,0,0,8,0,insufficient_funds,1
5000,2,3,1,10,9,0,card_declined,1
6451,1,3,1,1,23,0,checkout_abandoned,1
5000,3,1,1,5,20,0,card_declined,0
5000,3,3,0,5,15,0,card_declined,0
7641,1,2,1,10,2,0,insufficient_funds,1
5000,3,0,2,5,2,1,network_error,0
6161,3,0,0,5,12,0,card_declined,0
24166,2,3,0,1,3,1,network_error,1
5000,3,3,3,10,6,1,temporary,0
15983,1,2,0,5,18,0,insufficient_funds,1
8598,3,3,1,0,7,0,checkout_abandoned,0
5000,3,1,1,0,20,0,card_declined,0
5000,2,3,1,0,16,1,temporary,0
5000,3,0,0,0,1,1,network_error,0
5000,3,1,0,5,0,0,checkout_abandoned,1
5000,3,2,2,0,7,0,insufficient_funds,0
9087,2,5,1,0,1,1,network_error,1
17242,3,2,1,1,1,0,checkout_abandoned,0
6688,2,2,0,0,11,1,temporary,1
5000,2,2,2,0,2,0,card_declined,0
5000,1,1,0,1,23,0,card_declined,0
5274,1,2,3,2,3,1,temporary,1
5043,3,5,0,0,21,1,temporary,1
5901,2,0,0,30,10,0,insufficient_funds,0
40386,2,4,1,1,13,1,temporary,1
16993,3,1,1,30,0,0,card_declined,0
10775,1,1,2,2,19,0,insufficient_funds,1
5000,1,4,0,0,17,0,card_declined,1
5000,1,2,0,0,12,1,network_error,1
5000,1,1,0,5,9,0,checkout_abandoned,0
5000,2,3,0,2,12,0,card_declined,0
8106,3,4,0,30,9,0,card_declined,1
7022,1,3,0,30,20,0,insufficient_funds,1
5000,2,1,0,2,23,1,network_error,1
16265,1,5,1,0,10,1,network_error,1
5444,3,4,0,0,7,0,checkout_abandoned,1
5000,2,0,1,0,18,1,network_error,0
5000,1,1,2,0,0,0,insufficient_funds,0
6510,2,2,0,1,13,0,insufficient_funds,0
13001,2,0,0,0,9,1,network_error,1
5000,3,3,3,10,13,1,network_error,1
11247,1,3,0,10,11,1,network_error,1
5926,3,3,1,0,18,0,card_declined,0
5000,3,3,2,0,11,0,insufficient_funds,1
5000,1,1,0,10,5,0,insufficient_funds,1
15101,3,0,0,0,11,1,network_error,0
16252,3,1,1,0,19,0,card_declined,0
6787,2,3,1,5,8,0,insufficient_funds,1
21932,1,3,0,1,10,1,temporary,1
14137,2,7,0,10,13,1,temporary,0
9736,2,3,0,2,12,1,temporary,1
5000,1,3,2,0,20,1,temporary,1
27762,2,3,1,0,23,0,checkout_abandoned,0
8402,3,2,1,5,8,1,network_error,0
5000,2,3,0,1,15,0,checkout_abandoned,0
5000,3,2,0,1,12,0,checkout_abandoned,1
6353,1,3,1,5,16,1,network_error,1
5000,3,2,0,0,20,1,temporary,0
9893,2,2,1,30,20,1,network_error,1
5000,1,0,0,2,9,0,insufficient_funds,1
7119,3,0,0,10,23,0,card_declined,0
5000,2,4,1,10,3,0,checkout_abandoned,1
5000,2,5,0,2,16,1,network_error,1
5000,1,0,0,0,10,1,temporary,1
5000,3,5,2,5,10,0,insufficient_funds,1
32512,1,3,2,0,12,0,checkout_abandoned,1
19634,1,1,1,5,16,0,card_declined,0
7005,1,1,1,30,20,0,insufficient_funds,0
5000,2,3,3,2,6,0,card_declined,1
11432,1,0,1,30,20,1,network_error,0
15213,3,4,0,5,20,0,card_declined,1
5000,1,5,1,2,18,0,checkout_abandoned,1
5000,3,1,1,2,16,0,checkout_abandoned,1
5000,3,3,2,0,9,0,checkout_abandoned,0
15109,3,1,2,0,6,0,card_declined,0
38755,1,4,0,0,6,1,temporary,1
5324,1,3,1,30,9,0,card_declined,1
5000,3,3,2,0,10,0,checkout_abandoned,0
9035,2,3,0,5,5,0,checkout_abandoned,1
5000,3,2,0,0,7,0,card_declined,1
5000,1,3,0,1,5,1,temporary,1
9196,2,4,0,5,23,0,checkout_abandoned,0
6339,1,1,1,10,12,0,checkout_abandoned,1
5000,2,2,1,0,2,0,card_declined,0
5000,1,3,1,2,11,0,card_declined,0
5573,3,4,2,0,12,0,insufficient_funds,0
5000,2,2,0,0,10,1,network_error,1
5000,1,3,1,5,9,0,checkout_abandoned,1
5000,2,2,0,0,12,1,network_error,1
6902,2,1,0,0,18,0,insufficient_funds,0
5000,3,2,3,2,17,0,insufficient_funds,0
5000,2,3,1,0,14,1,temporary,1
13214,2,1,2,1,17,1,temporary,0
5000,3,2,2,2,1,0,insufficient_funds,0
5000,2,1,0,30,1,0,card_declined,1
5000,3,1,1,0,16,0,checkout_abandoned,0
5699,3,1,0,2,9,0,insufficient_funds,1
8618,3,3,0,5,11,0,checkout_abandoned,1
15165,3,3,1,1,19,1,temporary,0
5000,3,1,0,0,14,0,insufficient_funds,1
8835,2,2,1,10,13,0,card_declined,0
5977,2,2,1,0,2,1,network_error,1
5000,1,2,3,0,22,1,network_error,1
32877,3,3,0,1,12,0,checkout_abandoned,0
5000,3,1,0,0,8,0,card_declined,0
7476,3,1,0,5,12,1,temporary,0
7258,3,2,2,2,23,0,card_declined,0
6474,2,3,1,0,3,0,insufficient_funds,1
5000,1,3,0,30,2,0,insufficient_funds,0
11240,3,1,1,30,14,0,card_declined,1
5000,3,3,1,0,19,0,insufficient_funds,0
5000,3,0,1,30,21,0,checkout_abandoned,0
5000,2,1,0,0,20,1,temporary,1
5000,2,1,1,1,0,0,card_declined,0
7545,1,0,1,2,13,0,checkout_abandoned,0
14435,1,3,0,0,6,0,card_declined,1
5000,3,2,1,2,3,0,checkout_abandoned,0
10728,1,2,1,0,7,0,checkout_abandoned,0
5165,1,1,1,2,22,1,temporary,1
5000,3,1,1,30,13,1,network_error,0
5000,2,2,1,0,4,1,network_error,1
5000,1,0,2,0,17,0,card_declined,0
5000,2,5,0,2,23,0,insufficient_funds,1
7543,2,2,0,0,15,0,checkout_abandoned,0
6214,1,4,0,5,10,0,card_declined,1
5000,2,1,2,0,11,1,temporary,1
5000,2,1,1,0,7,0,checkout_abandoned,0
7515,3,0,0,0,23,1,network_error,1
5000,1,1,1,10,6,1,network_error,1
6647,3,1,0,0,8,0,checkout_abandoned,0
10731,1,1,0,30,2,0,checkout_abandoned,1
5000,3,2,1,0,18,0,checkout_abandoned,0
5000,3,1,3,0,10,0,checkout_abandoned,0
26224,2,1,0,5,19,1,temporary,1
6985,1,2,1,30,3,1,temporary,0
5000,1,1,0,0,2,0,card_declined,0
5000,2,3,0,30,10,0,checkout_abandoned,1
5000,3,2,1,10,1,1,network_error,0
5000,3,3,1,0,16,1,network_error,0
11889,1,0,0,1,23,0,checkout_abandoned,1
5000,1,3,0,0,22,0,checkout_abandoned,0
14669,2,2,0,0,8,0,card_declined,0
5000,2,2,1,30,5,0,card_declined,0
5000,3,1,1,10,16,1,network_error,0
5000,3,1,0,10,3,0,checkout_abandoned,1
5000,2,4,1,5,0,0,checkout_abandoned,0
5000,2,4,0,5,11,1,network_error,1
5000,2,4,0,2,18,0,insufficient_funds,1
11212,2,3,1,0,20,0,card_declined,0
5000,3,4,0,0,8,0,insufficient_funds,0
15707,1,3,0,30,1,0,card_declined,1
11165,3,7,2,2,13,0,insufficient_funds,1
17189,3,3,1,0,18,0,insufficient_funds,0
5000,2,1,3,10,1,0,card_declined,1
13546,2,4,1,2,10,1,network_error,0
5000,2,0,0,30,2,1,temporary,1
10027,3,4,1,1,11,0,checkout_abandoned,1
5000,1,5,1,5,19,0,insufficient_funds,1
5000,2,0,2,30,13,0,card_declined,0
5000,2,3,0,1,13,0,card_declined,1
5000,3,4,1,30,4,0,card_declined,0
5000,1,4,0,10,18,0,card_declined,1
7158,1,3,0,0,19,0,card_declined,0
5000,2,2,0,0,3,0,checkout_abandoned,0
5000,2,2,0,0,17,0,card_declined,0
19387,3,4,1,1,7,0,insufficient_funds,1
12134,1,0,2,10,23,0,card_declined,0
5000,1,2,2,5,20,0,insufficient_funds,0
5000,2,2,1,5,19,1,temporary,1
13622,2,2,2,0,14,0,insufficient_funds,0
7474,1,2,0,0,9,1,network_error,1
5700,1,4,1,0,16,0,card_declined,0
14693,2,1,1,0,14,0,insufficient_funds,0
5000,1,3,1,0,4,0,card_declined,0
5070,3,1,1,30,12,1,temporary,1
5000,1,3,2,0,13,0,card_declined,0
5000,3,3,0,0,22,1,temporary,0
5000,1,2,1,10,17,1,network_error,1
5286,2,1,1,0,20,0,card_declined,0
5086,3,2,1,5,4,0,insufficient_funds,1
5000,2,1,0,1,15,0,card_declined,0
10957,3,2,0,10,7,1,network_error,1
5000,1,0,0,0,5,1,temporary,0
5000,3,4,1,30,0,1,temporary,1
5000,1,5,1,5,13,0,card_declined,1
7031,2,1,0,0,23,0,checkout_abandoned,0
5000,1,0,0,5,14,0,checkout_abandoned,1
11978,3,3,0,5,21,0,card_declined,0
5000,1,0,0,30,16,1,network_error,1
16646,3,2,1,0,2,1,network_error,1
5000,2,0,2,30,17,0,card_declined,0
5000,2,1,2,10,19,0,insufficient_funds,1
33315,2,2,0,1,19,0,card_declined,1
5000,1,1,1,5,13,0,card_declined,1
16964,1,3,0,2,12,0,insufficient_funds,1
5110,3,0,0,30,23,0,checkout_abandoned,0
7445,3,3,0,0,23,0,card_declined,1
5270,3,2,3,10,12,1,temporary,0
11474,2,1,2,10,18,0,checkout_abandoned,1
5000,1,2,2,0,4,0,checkout_abandoned,0
5000,2,2,1,2,15,0,card_declined,1
5000,2,2,0,5,20,1,temporary,1
5430,2,5,0,10,21,0,checkout_abandoned,0
5000,2,1,1,0,22,1,temporary,0
9999,3,5,2,0,3,0,checkout_abandoned,0
18119,2,4,0,2,12,1,temporary,1
5000,1,1,1,5,13,1,temporary,0
5000,3,3,1,0,9,1,network_error,1
5000,2,1,1,10,0,0,card_declined,0
37435,2,2,1,1,18,0,checkout_abandoned,0
6665,2,1,0,1,18,1,temporary,1
7941,3,2,1,10,2,1,network_error,1
5000,3,2,0,2,8,0,insufficient_funds,1
5000,3,2,1,0,20,0,card_declined,0
8178,2,1,0,1,6,0,checkout_abandoned,1
5000,1,2,0,0,20,0,card_declined,1
14410,2,2,0,10,0,0,insufficient_funds,0
49604,3,2,0,0,7,1,network_error,1
5000,3,1,0,0,21,1,network_error,1
5000,3,1,1,0,0,0,card_declined,0
5000,3,2,0,0,12,0,insufficient_funds,0
24494,2,2,1,0,0,0,checkout_abandoned,0
13937,1,3,0,0,4,1,network_error,1
5000,2,1,1,5,23,0,insufficient_funds,0
5097,1,2,0,1,11,1,network_error,1
5000,3,3,0,5,18,1,network_error,1
11968,3,2,1,0,20,1,temporary,0
5000,2,3,2,2,8,1,network_error,0
5000,2,2,3,0,16,0,insufficient_funds,0
9034,1,2,1,0,21,0,card_declined,0
5000,1,2,0,30,10,0,checkout_abandoned,0
5000,1,3,0,2,21,1,network_error,1
5000,1,3,0,0,1,0,card_declined,1
10887,1,3,0,30,21,1,temporary,1
25501,3,0,0,10,9,1,network_error,0
8826,3,1,1,1,12,1,temporary,1
10974,2,0,1,0,4,1,network_error,1
5000,1,0,0,1,19,1,temporary,0
5000,3,1,1,10,6,0,insufficient_funds,1
9452,2,0,0,1,0,0,checkout_abandoned,0
5832,2,1,2,0,2,1,temporary,1
5000,2,0,1,0,3,1,network_error,0
5000,2,1,2,30,14,0,checkout_abandoned,0
5000,3,0,0,0,15,1,temporary,0
5000,3,2,0,2,4,0,insufficient_funds,1
21627,2,2,1,5,2,0,card_declined,0
7941,3,2,0,0,5,0,checkout_abandoned,1
19402,3,2,0,0,1,0,card_declined,0
6395,1,3,1,0,7,1,temporary,1
5331,3,2,1,2,2,0,card_declined,1
5000,2,4,3,10,4,0,checkout_abandoned,0
5000,1,6,2,1,10,0,card_declined,1
5000,3,3,1,0,7,1,temporary,1
5000,3,2,0,0,11,1,temporary,1
5000,2,2,0,10,5,0,card_declined,0
5000,1,3,0,2,22,0,insufficient_funds,1
7431,3,4,2,2,1,1,network_error,0
7795,3,1,0,0,10,1,network_error,0
5000,1,3,1,5,4,0,checkout_abandoned,1
7854,2,3,0,0,12,0,checkout_abandoned,0
5000,1,1,1,30,11,0,checkout_abandoned,1
5000,1,0,1,2,19,0,card_declined,1
5000,2,2,1,0,17,0,checkout_abandoned,0
14457,1,4,0,5,19,0,card_declined,1
5000,2,2,0,0,10,0,checkout_abandoned,1
5501,2,3,1,10,7,1,network_error,1
23986,2,4,1,1,15,0,checkout_abandoned,1
5000,3,2,2,10,17,0,card_declined,0
5000,1,3,0,30,4,0,checkout_abandoned,1
5000,3,5,0,1,21,0,card_declined,1
25015,1,3,1,0,11,0,checkout_abandoned,0
5000,1,3,0,0,19,0,card_declined,1
5149,2,0,1,0,1,0,checkout_abandoned,1
19040,1,4,1,0,7,0,checkout_abandoned,1
9523,1,0,0,5,8,1,temporary,1
5000,2,3,2,0,17,0,card_declined,0
5000,3,5,1,5,5,1,temporary,1
8062,2,2,0,0,17,1,network_error,0
5000,3,3,1,0,19,1,temporary,0
5000,1,1,1,0,5,0,card_declined,0
5000,1,3,0,10,23,1,network_error,1
5000,2,1,0,5,16,1,temporary,1
24742,3,1,1,30,12,1,network_error,0
5865,3,3,1,2,2,0,card_declined,0
5000,1,4,0,2,12,1,temporary,1
5000,2,2,1,0,6,0,checkout_abandoned,1
5000,2,1,1,0,9,1,network_error,0
5000,3,0,0,2,0,1,network_error,1
13579,1,1,1,2,18,1,temporary,1
45788,2,3,0,10,3,1,temporary,1
10161,3,2,1,2,12,0,insufficient_funds,1
5000,2,1,3,0,2,1,temporary,0
5000,3,2,4,5,7,1,temporary,1
5000,2,1,3,0,22,0,insufficient_funds,0
38552,2,3,0,30,4,1,network_error,1
5000,1,1,0,1,3,0,insufficient_funds,1
40767,3,3,0,1,22,0,insufficient_funds,1
19801,1,2,1,0,1,0,insufficient_funds,0
5000,3,3,0,0,23,1,temporary,1
5000,3,3,0,0,18,0,insufficient_funds,1
5000,2,2,0,0,9,0,checkout_abandoned,0
5000,3,2,1,2,15,0,checkout_abandoned,1
5000,3,0,0,1,14,0,checkout_abandoned,1
98345,3,1,1,2,15,0,checkout_abandoned,0
5000,1,2,2,10,4,0,checkout_abandoned,0
6179,1,4,2,10,21,1,network_error,1
9104,1,1,0,30,11,1,network_error,1
5000,1,0,0,0,15,0,card_declined,0
5487,3,5,0,0,17,1,temporary,1
5000,1,2,0,30,16,0,insufficient_funds,0
5467,1,1,1,10,11,0,checkout_abandoned,1
8195,3,4,2,0,10,1,network_error,0
6819,1,5,3,0,13,1,network_error,1
8692,3,2,0,0,13,0,insufficient_funds,1
20183,3,3,0,2,19,0,insufficient_funds,0
12543,2,0,0,0,18,0,insufficient_funds,0
5277,3,2,0,1,15,0,card_declined,0
5000,3,2,1,0,8,1,temporary,1
5000,1,1,2,30,11,1,network_error,0
5000,1,3,0,10,0,1,temporary,1
6325,2,2,1,2,6,1,temporary,1
5000,2,2,0,0,10,0,insufficient_funds,0
5000,3,2,0,0,14,1,temporary,1
5000,1,2,0,0,9,1,temporary,1
5000,1,1,1,10,1,1,network_error,0
5000,1,2,0,2,4,0,card_declined,1
5000,1,1,1,0,4,1,temporary,0
5000,3,2,0,0,17,1,temporary,1
5000,2,4,0,10,21,0,checkout_abandoned,1
5000,3,1,0,2,19,0,checkout_abandoned,1
7185,1,4,1,0,11,1,network_error,1
10303,1,0,1,30,3,0,card_declined,0
5000,3,2,1,10,21,0,insufficient_funds,0
5000,1,1,0,0,11,1,network_error,1
8412,1,4,2,0,18,0,card_declined,1
5000,2,1,0,0,7,0,checkout_abandoned,0
5000,1,1,2,0,7,1,temporary,0
16260,1,4,0,1,13,1,temporary,1
11898,2,0,1,30,16,0,checkout_abandoned,0
8969,2,0,1,10,2,0,checkout_abandoned,0
12402,2,1,3,30,9,0,insufficient_funds,0
5000,2,2,0,30,22,0,checkout_abandoned,0
19031,1,1,2,0,14,0,insufficient_funds,0
7274,1,2,0,10,1,0,insufficient_funds,0
13504,2,1,1,30,15,1,temporary,0
7238,1,2,2,5,19,0,checkout_abandoned,1
5161,2,1,0,30,20,1,network_error,0
5000,1,0,0,1,4,0,checkout_abandoned,1
7094,2,4,2,10,4,1,temporary,0
5000,3,1,1,10,18,0,card_declined,1
11706,2,3,1,0,21,0,insufficient_funds,1
5000,2,0,0,10,6,1,temporary,1
5000,2,1,0,1,3,1,network_error,1
37980,2,1,1,0,18,1,temporary,0
5000,3,2,3,0,18,0,card_declined,0
5000,1,0,0,5,21,1,temporary,1
5000,1,0,1,10,16,1,network_error,0
6876,3,1,1,10,22,0,card_declined,0
5000,2,1,2,30,19,0,card_declined,0
5000,1,1,1,30,20,1,temporary,0
11485,2,1,0,0,18,0,checkout_abandoned,1
5000,1,4,0,5,10,0,card_declined,0
10814,2,2,2,0,2,1,network_error,0
11183,3,5,0,5,10,1,network_error,1
14114,1,4,3,1,6,1,temporary,0
5656,3,3,1,30,22,0,checkout_abandoned,0
125650,1,1,2,0,8,0,insufficient_funds,0
14108,1,3,1,0,21,1,temporary,1
6801,3,4,1,2,8,0,checkout_abandoned,1
5000,2,2,0,2,11,0,insufficient_funds,1
5000,3,4,0,10,16,0,insufficient_funds,1
20462,3,1,0,30,9,1,temporary,0
27160,3,0,1,0,16,1,network_error,1
21554,1,3,1,5,2,0,card_declined,0
10777,1,1,2,10,14,0,insufficient_funds,0
5000,1,2,3,30,8,1,network_error,0
7999,2,3,0,0,4,0,checkout_abandoned,1
5000,2,2,0,0,11,0,card_declined,1
5000,3,1,2,0,2,0,checkout_abandoned,0
6242,1,3,1,0,19,1,temporary,1
8293,1,3,1,0,21,1,network_error,1
12129,2,2,0,0,7,0,card_declined,1
8079,2,2,1,0,8,0,insufficient_funds,0
8363,3,0,1,0,7,0,card_declined,1
5000,1,0,1,10,20,1,network_error,1
5000,2,2,0,2,0,0,checkout_abandoned,0
5000,3,1,0,0,3,1,temporary,0
5000,2,1,2,1,0,1,temporary,0
10307,3,2,1,10,14,1,network_error,1
5000,2,3,2,0,19,1,temporary,0
11760,1,6,1,0,16,1,network_error,1
14888,3,3,1,5,3,0,checkout_abandoned,1
5000,2,3,3,1,9,0,card_declined,0
8868,1,4,0,5,23,0,card_declined,1
5000,1,2,1,0,19,1,network_error,1
5000,1,3,3,0,1,0,insufficient_funds,0
5559,1,2,0,2,3,1,network_error,0
5000,3,3,0,1,19,1,network_error,1
5000,2,2,1,10,15,1,temporary,0
35431,1,1,2,5,2,0,insufficient_funds,1
5000,1,2,2,0,5,0,insufficient_funds,0
7207,1,1,1,0,15,0,card_declined,1
5000,3,1,1,2,19,1,network_error,1
12188,2,2,1,10,18,0,checkout_abandoned,1
6623,1,0,1,0,1,0,checkout_abandoned,1
7182,3,2,1,2,5,0,card_declined,1
5000,3,2,0,0,13,1,network_error,1
5000,1,1,2,5,13,0,insufficient_funds,1
12422,3,3,2,10,23,0,insufficient_funds,0
28876,3,2,0,0,18,1,network_error,1
7945,1,4,1,5,6,0,checkout_abandoned,1
5000,3,1,1,5,4,1,network_error,1
6897,2,1,1,0,1,1,temporary,0
55685,2,2,0,0,12,1,network_error,0
5444,1,0,4,1,3,0,insufficient_funds,0
21201,1,3,1,10,12,0,card_declined,0
5000,3,2,0,0,15,0,insufficient_funds,1
5000,3,1,0,0,18,0,card_declined,1
9132,1,2,0,0,12,1,temporary,0
7312,1,2,0,0,8,0,insufficient_funds,0
5000,2,0,0,2,20,0,insufficient_funds,1
5000,3,4,2,5,15,0,checkout_abandoned,0
13204,3,2,0,0,15,1,temporary,1
16180,3,0,0,0,22,1,temporary,0
22295,2,2,1,1,22,1,network_error,1
29849,1,1,1,0,17,0,insufficient_funds,0
5622,3,0,2,1,3,1,temporary,0
5000,3,2,2,0,0,0,checkout_abandoned,1
18977,2,2,1,1,13,0,checkout_abandoned,0
10027,2,2,1,10,3,0,insufficient_funds,1
5000,1,1,2,1,21,0,checkout_abandoned,0
5000,2,2,0,1,9,0,insufficient_funds,1
8037,1,3,0,2,6,1,temporary,1
5000,2,1,3,1,9,0,checkout_abandoned,0
5000,1,3,2,1,16,0,insufficient_funds,0
14364,2,1,0,0,7,0,checkout_abandoned,0
10499,1,1,1,10,3,1,temporary,1
18580,3,1,1,2,10,1,network_error,1
5000,2,5,3,0,11,1,temporary,0
6332,3,1,1,2,22,0,insufficient_funds,0
9844,1,3,0,0,1,0,insufficient_funds,0
5000,1,3,1,0,19,0,card_declined,1
5000,1,2,0,2,7,1,temporary,1
5000,2,2,2,0,3,1,temporary,1
5022,1,1,2,0,3,0,checkout_abandoned,0
25030,3,3,2,2,10,1,network_error,1
37145,3,5,0,2,15,0,checkout_abandoned,1
5000,3,1,0,0,16,0,card_declined,0
8321,1,2,1,10,18,1,temporary,1
8593,2,2,0,30,3,0,card_declined,0
7241,2,1,0,0,14,0,checkout_abandoned,0
7324,2,2,1,0,1,0,card_declined,0
6659,2,4,0,0,10,0,checkout_abandoned,0
26570,3,1,1,0,22,0,insufficient_funds,0
14801,3,2,1,0,14,0,checkout_abandoned,1
5000,1,1,0,0,18,0,checkout_abandoned,0
10891,1,1,0,30,1,0,insufficient_funds,0
11996,1,0,2,5,21,1,network_error,1
6734,2,3,2,0,9,0,insufficient_funds,1
15236,2,3,1,0,18,1,network_error,0
5931,3,5,0,5,8,0,insufficient_funds,1
6005,1,1,3,0,16,0,insufficient_funds,0
5548,1,1,3,1,12,0,insufficient_funds,0
5000,1,4,2,0,18,1,network_error,1
5000,1,0,1,10,22,1,network_error,1
5000,1,4,0,0,12,0,checkout_abandoned,1
5000,1,4,1,0,0,1,network_error,1
20620,3,1,0,0,6,0,insufficient_funds,0
8137,3,4,1,0,8,0,checkout_abandoned,1
5000,3,3,2,1,2,1,network_error,0
5000,2,2,0,5,11,1,network_error,0
6608,2,2,0,5,14,1,temporary,1
13245,3,2,1,0,12,1,temporary,1
5000,1,0,1,0,5,0,insufficient_funds,0
5000,2,2,1,0,8,1,temporary,0
11708,3,4,2,0,19,1,network_error,1
5000,2,3,0,10,3,1,temporary,1
5000,1,3,1,30,12,1,temporary,1
5000,2,3,1,0,19,0,checkout_abandoned,0
5000,3,1,4,5,23,1,network_error,1
5000,1,1,2,0,12,0,card_declined,1
5639,2,1,0,30,9,0,insufficient_funds,0
33645,1,2,0,2,15,0,checkout_abandoned,1
5000,1,2,0,0,10,0,insufficient_funds,1
6579,3,1,1,0,19,0,card_declined,0
36125,2,0,0,1,6,1,temporary,1
5000,1,3,2,1,7,0,card_declined,0
30172,2,1,2,0,6,0,insufficient_funds,0
5000,1,5,1,0,18,1,temporary,0
29199,3,4,2,30,11,0,insufficient_funds,0
10406,3,2,1,5,17,1,temporary,0
6681,1,1,2,30,1,0,checkout_abandoned,1
5000,1,4,2,0,18,0,checkout_abandoned,0
5000,3,1,1,2,20,1,temporary,0
5301,3,2,1,5,3,0,checkout_abandoned,1
12056,3,3,1,0,2,1,network_error,1
5000,3,2,1,5,13,1,temporary,1
5000,3,4,0,2,21,0,checkout_abandoned,1
5000,2,3,1,10,20,1,network_error,1
13259,3,6,1,10,9,0,card_declined,1
16733,3,2,3,30,22,0,checkout_abandoned,0
5000,1,1,3,2,11,0,checkout_abandoned,0
5000,1,3,3,0,15,0,card_declined,0
7182,2,1,0,10,23,0,insufficient_funds,1
22641,3,1,1,1,4,1,network_error,1
15459,3,3,1,5,17,1,temporary,0
5000,1,1,2,5,10,0,insufficient_funds,1
5000,2,2,1,0,6,0,card_declined,0
5000,3,2,0,0,9,0,checkout_abandoned,0
5000,1,4,1,10,7,1,network_error,1
24450,3,2,0,2,14,1,network_error,0
5000,1,0,1,0,3,0,insufficient_funds,0
5000,1,2,5,10,14,0,card_declined,0
5000,1,1,2,10,15,1,temporary,0
6550,3,1,2,0,19,0,insufficient_funds,0
9143,3,0,1,0,15,0,checkout_abandoned,0
7611,1,2,3,0,16,0,insufficient_funds,0
15925,2,2,0,2,21,0,insufficient_funds,0
5000,1,1,0,10,14,1,temporary,1
16128,3,2,2,0,6,0,card_declined,0
5000,3,2,3,0,18,0,insufficient_funds,0
10213,3,0,0,0,1,0,card_declined,0
5000,2,3,0,0,9,0,checkout_abandoned,1
5000,1,3,0,10,5,0,checkout_abandoned,0
6224,1,4,0,0,19,0,card_declined,0
15611,3,1,1,5,23,0,checkout_abandoned,1
5000,2,1,0,30,7,1,temporary,1
5068,1,4,1,30,23,0,checkout_abandoned,1
5000,3,0,0,0,23,1,temporary,0
8147,1,1,0,2,8,0,checkout_abandoned,1
10691,3,3,0,5,5,0,card_declined,0
17803,1,1,1,0,11,1,network_error,1
5000,2,3,0,5,20,0,checkout_abandoned,0
12422,1,1,0,0,20,1,temporary,1
19166,3,2,0,2,17,0,card_declined,1
5000,2,1,0,1,11,1,network_error,1
9066,2,2,2,1,10,1,network_error,0
12816,2,4,1,0,23,0,checkout_abandoned,1
5000,3,2,0,1,13,1,temporary,1
5000,1,1,1,1,20,0,checkout_abandoned,1
12618,1,1,2,0,19,1,temporary,0
5000,1,2,3,0,17,1,network_error,1
5000,3,3,0,1,21,1,network_error,1
5000,3,2,1,30,15,1,network_error,1
10052,2,2,0,5,10,1,network_error,1
5000,1,0,1,0,4,0,insufficient_funds,0
5000,3,0,1,0,1,1,temporary,0
5425,3,6,1,5,4,0,card_declined,1
13445,3,2,0,2,23,0,card_declined,1
48409,3,2,0,2,20,0,card_declined,1
5000,1,2,2,0,11,1,network_error,1
6736,3,5,0,2,5,0,checkout_abandoned,1
5000,2,4,0,2,2,1,network_error,1
13613,2,2,0,2,5,0,card_declined,0
5000,1,2,1,30,5,0,card_declined,1
5000,2,3,0,30,20,0,card_declined,0
5000,3,3,1,10,17,1,network_error,1
5000,2,3,2,5,1,0,insufficient_funds,0
6789,3,2,0,5,0,1,network_error,1
7972,3,4,0,0,17,0,card_declined,1
5000,1,2,2,10,3,0,checkout_abandoned,0
5000,3,2,1,0,14,0,card_declined,0
10175,3,2,0,0,10,1,network_error,1
5000,2,2,1,10,0,0,insufficient_funds,0
15705,2,3,0,1,15,1,network_error,1
5000,2,2,1,1,4,0,checkout_abandoned,0
5000,3,3,2,5,5,0,checkout_abandoned,0
5000,3,3,3,5,7,0,checkout_abandoned,0
17960,1,1,1,0,22,0,checkout_abandoned,1
5772,1,1,1,1,5,0,insufficient_funds,0
5000,1,2,1,10,6,0,insufficient_funds,0
5000,2,1,2,5,4,1,network_error,1
28503,3,2,0,5,21,1,network_error,1
5000,2,4,0,1,20,0,checkout_abandoned,0
5000,1,0,0,0,22,0,insufficient_funds,0
8690,3,1,0,1,22,0,insufficient_funds,1
5000,2,2,0,0,12,1,network_error,1
17581,2,2,1,30,4,1,network_error,1
9174,3,1,0,0,10,1,network_error,0
12079,1,2,1,1,13,0,insufficient_funds,0
8587,2,0,1,10,19,0,card_declined,0
5000,1,1,1,0,10,0,card_declined,0
5000,2,6,3,30,0,0,insufficient_funds,1
5000,2,1,1,2,9,0,checkout_abandoned,1
5000,2,3,0,0,13,0,checkout_abandoned,0
7991,3,1,0,0,22,1,network_error,1
11012,1,3,1,0,14,0,card_declined,1
21521,3,2,1,0,1,0,card_declined,0
7127,3,3,0,0,12,0,checkout_abandoned,0
12389,2,0,1,2,23,0,insufficient_funds,0
5000,1,2,0,2,9,0,checkout_abandoned,1
5000,1,2,1,0,7,1,network_error,1
7892,2,3,1,10,0,0,card_declined,1
5000,3,0,1,1,13,0,card_declined,1
6432,2,4,2,2,6,0,card_declined,1
5000,3,0,0,2,22,0,card_declined,1
5000,1,2,0,10,6,0,checkout_abandoned,1
9278,2,2,1,0,15,1,network_error,0
11928,3,2,1,0,15,0,card_declined,0
5000,2,2,1,0,18,1,temporary,1
9610,3,3,2,5,9,0,insufficient_funds,1
5000,1,2,2,5,2,1,temporary,1
5000,3,2,1,0,4,0,insufficient_funds,0
20270,3,2,2,30,13,0,insufficient_funds,1
11020,2,1,2,5,7,0,checkout_abandoned,0
10892,2,3,1,0,7,0,card_declined,0
33149,3,1,2,30,2,0,insufficient_funds,0
5000,2,2,0,0,10,0,checkout_abandoned,0
5000,1,3,0,0,13,1,network_error,0
5000,3,1,1,30,5,1,network_error,1
5000,1,0,0,1,17,0,card_declined,1
5000,2,2,2,10,14,1,temporary,1
5000,1,3,1,10,9,1,network_error,1
5000,3,2,1,30,12,0,card_declined,1
10761,3,4,1,10,19,1,network_error,1
6991,2,3,0,0,3,1,temporary,1
5000,2,3,1,2,7,0,insufficient_funds,0
8865,2,0,0,30,17,1,network_error,0
10130,2,1,1,10,17,1,temporary,1
5000,3,2,0,10,6,0,insufficient_funds,0
5000,1,3,1,10,14,1,network_error,1
5000,3,2,1,0,14,0,card_declined,0
5000,2,2,1,10,13,0,insufficient_funds,0
5000,3,2,0,2,20,1,network_error,0
5293,2,1,1,2,5,0,card_declined,1
5000,3,2,0,0,9,0,insufficient_funds,1
5000,2,4,0,0,10,0,insufficient_funds,1
5000,2,1,0,1,15,1,network_error,1
5831,1,3,2,0,16,1,network_error,0
7522,1,1,1,2,20,1,temporary,1
7349,1,1,0,0,3,1,temporary,1
5000,2,1,2,0,14,1,network_error,1
5000,3,2,0,0,4,0,checkout_abandoned,0
5000,3,1,0,30,23,0,checkout_abandoned,0
5000,3,0,2,0,0,0,checkout_abandoned,0
5000,2,1,0,30,1,1,network_error,1
5297,2,2,0,2,21,0,card_declined,0
20445,3,3,1,10,8,1,network_error,1
11071,1,7,0,30,8,1,network_error,1
5000,3,2,0,0,16,1,temporary,0
9685,3,0,0,2,3,0,checkout_abandoned,0
9323,3,3,2,5,11,0,insufficient_funds,0
5000,1,1,2,5,7,0,insufficient_funds,0
11485,3,2,0,30,6,1,network_error,1
5000,2,1,1,0,4,0,checkout_abandoned,0
5000,2,5,0,0,8,1,network_error,1
7748,1,1,0,10,11,1,temporary,0
6105,2,2,1,5,17,0,card_declined,0
5000,2,2,0,30,4,0,checkout_abandoned,1
5000,3,2,2,0,18,0,insufficient_funds,0
5000,2,5,0,0,4,0,checkout_abandoned,1
9046,1,0,1,5,15,0,card_declined,0
5000,3,0,1,10,9,1,network_error,0
5804,1,3,1,5,21,0,card_declined,1
7024,3,0,0,0,16,0,card_declined,0
5000,3,3,0,10,12,0,checkout_abandoned,0
5000,1,3,0,0,1,1,network_error,1
5000,3,3,1,1,19,1,network_error,0
8645,3,0,2,0,23,0,card_declined,1
5000,2,3,1,10,2,0,card_declined,1
5611,3,0,1,10,12,0,card_declined,0
7122,1,2,0,0,23,1,temporary,1
8976,2,1,2,0,14,0,checkout_abandoned,1
5000,2,3,1,5,20,0,card_declined,0
5000,2,4,0,2,19,0,card_declined,1
26115,3,2,0,30,21,0,card_declined,1
27291,3,0,0,0,7,0,checkout_abandoned,0
13191,2,0,0,5,21,0,insufficient_funds,1
6887,2,1,1,10,3,0,card_declined,1
5000,2,0,1,30,20,0,card_declined,0
10083,1,1,0,0,13,1,network_error,1
5000,2,3,1,5,2,1,temporary,0
8608,1,2,1,0,16,0,checkout_abandoned,1
5000,3,1,1,2,21,0,checkout_abandoned,1
5000,3,3,0,5,21,1,network_error,1
5791,3,0,0,30,4,1,network_error,1
6287,3,5,0,1,20,0,checkout_abandoned,1
8052,2,1,0,0,20,1,network_error,0
5000,2,2,1,0,23,0,insufficient_funds,0
5000,2,0,1,5,13,0,checkout_abandoned,0
24953,2,2,5,0,21,0,checkout_abandoned,0
59234,1,0,1,5,6,0,insufficient_funds,1
7688,3,4,1,0,12,1,temporary,1
5000,2,1,2,10,7,0,checkout_abandoned,0
5000,3,1,0,5,8,1,temporary,0
8177,1,2,0,1,6,1,network_error,1
18790,2,2,0,30,15,1,temporary,1
5000,2,4,1,1,17,1,temporary,1
5000,3,5,0,2,19,1,temporary,1
5978,2,1,1,0,17,0,card_declined,0
11667,1,2,4,5,3,1,temporary,1
5000,2,1,0,30,10,1,network_error,1
5000,3,3,0,2,14,1,temporary,0
9147,1,3,2,1,10,0,insufficient_funds,0
15135,2,0,2,5,4,0,insufficient_funds,0
5000,1,2,0,2,5,1,network_error,1
7370,3,2,4,0,12,0,checkout_abandoned,1
5000,1,1,0,0,9,1,temporary,1
5000,2,5,0,30,16,1,temporary,1
13717,3,1,0,2,15,0,card_declined,0
7240,3,6,1,30,6,0,checkout_abandoned,0
8025,1,4,1,0,15,1,network_error,1
22073,1,2,1,30,13,0,checkout_abandoned,0
5000,1,4,0,2,3,1,network_error,1
5000,2,3,0,10,19,0,insufficient_funds,0
5755,3,1,2,5,17,1,network_error,0
5000,1,3,0,30,21,0,card_declined,1
10755,1,2,1,2,23,1,network_error,1
5000,2,0,1,10,6,1,network_error,1
5000,3,4,0,0,19,0,card_declined,1
5248,2,2,0,2,23,1,network_error,1
5827,2,3,1,10,0,0,card_declined,0
12514,3,1,0,10,15,0,card_declined,0
7281,3,4,1,2,19,0,card_declined,0
7794,2,0,0,30,2,1,temporary,0
6770,2,0,0,0,0,0,card_declined,1
5000,2,2,0,10,7,0,insufficient_funds,1
5000,1,1,1,0,3,1,temporary,1
6560,2,1,0,0,4,1,network_error,1
5000,3,6,2,10,5,1,temporary,0
26630,1,2,1,10,5,1,network_error,1
18810,3,3,1,30,11,0,checkout_abandoned,0
9254,2,1,0,1,22,1,temporary,1
7175,2,1,0,10,20,1,network_error,1
5000,1,2,0,10,2,1,temporary,1
5000,3,3,0,30,19,0,checkout_abandoned,1
5000,1,1,0,0,18,0,card_declined,1
5439,2,1,0,1,8,1,temporary,1
6182,1,0,1,5,9,1,network_error,0
7859,3,2,1,1,11,0,insufficient_funds,0
12348,1,1,2,30,21,0,insufficient_funds,0
5000,3,4,0,10,4,0,insufficient_funds,1
5000,2,1,0,0,12,0,card_declined,1
20970,1,2,0,1,22,0,card_declined,0
10625,3,1,0,2,16,0,checkout_abandoned,0
5000,3,3,1,5,6,1,network_error,1
5000,1,4,0,2,19,0,checkout_abandoned,1
5000,3,1,2,2,4,0,checkout_abandoned,0
5072,3,3,1,2,5,0,checkout_abandoned,0
7884,3,1,2,0,23,0,insufficient_funds,0
62006,2,3,0,0,18,1,network_error,1
5941,1,1,1,0,5,0,insufficient_funds,0
9533,2,2,2,0,18,0,card_declined,0
5000,3,4,0,0,4,0,checkout_abandoned,0
5000,2,2,1,30,7,0,checkout_abandoned,0
16794,2,3,1,0,23,1,temporary,0
7348,3,0,1,0,8,0,insufficient_funds,0
5000,2,2,0,1,1,0,insufficient_funds,1
9643,1,0,0,2,23,0,insufficient_funds,0
33461,3,6,4,0,0,0,checkout_abandoned,0
5000,2,0,2,5,23,1,temporary,1
22457,2,1,1,0,10,0,checkout_abandoned,1
5000,2,4,0,0,6,1,temporary,1
12556,3,1,1,0,7,1,temporary,0
5000,3,2,0,0,3,0,insufficient_funds,1
5000,3,3,2,2,20,0,checkout_abandoned,0
7678,3,1,0,10,23,0,checkout_abandoned,0
15534,1,2,0,10,17,1,temporary,1
7071,3,1,0,0,5,0,checkout_abandoned,1
8820,3,2,0,1,12,0,insufficient_funds,0
5000,1,0,0,0,16,0,card_declined,0
5000,2,5,1,2,0,0,insufficient_funds,1
9816,3,5,0,0,15,1,network_error,1
28275,2,1,1,5,6,0,card_declined,0
15208,3,4,1,10,17,1,network_error,1
5000,2,2,0,5,21,1,network_error,1
5000,1,0,0,0,8,0,insufficient_funds,1
5000,1,2,0,30,5,1,network_error,1
5000,3,2,0,1,9,0,insufficient_funds,1
5136,3,1,4,2,0,1,network_error,1
7283,2,4,2,5,6,0,checkout_abandoned,0
5000,2,5,1,2,5,1,temporary,1
10690,2,0,3,30,0,1,network_error,0
8965,3,1,2,10,18,1,network_error,0
5000,3,3,1,5,11,0,card_declined,0
5000,3,1,0,2,20,0,card_declined,1
5000,3,0,1,0,6,1,temporary,0
5000,3,1,0,1,6,0,card_declined,1
5000,2,3,2,0,10,0,card_declined,0
5818,1,2,1,5,5,0,card_declined,1
7178,2,2,2,0,18,0,card_declined,0
6274,3,1,0,0,20,0,insufficient_funds,1
5000,2,1,2,2,16,0,insufficient_funds,0
6543,1,0,0,5,4,1,temporary,1
13386,3,5,1,0,18,0,insufficient_funds,0
5000,3,5,1,10,8,0,checkout_abandoned,1
6752,2,2,1,0,23,0,card_declined,0
5000,2,1,0,5,9,1,network_error,1
5000,1,2,0,10,14,0,card_declined,0
8290,3,1,2,0,9,1,temporary,0
5000,1,5,1,1,21,0,card_declined,1
7231,2,2,0,2,1,1,temporary,1
5055,2,1,1,2,23,1,network_error,1
5000,1,1,0,10,20,0,checkout_abandoned,0
5000,2,4,2,30,0,0,checkout_abandoned,0
5000,3,0,0,1,5,0,card_declined,1
5000,3,1,2,2,7,0,checkout_abandoned,0
7207,2,0,2,30,8,1,network_error,0
6195,1,2,0,2,14,1,network_error,1
11495,3,1,1,0,15,0,checkout_abandoned,0
5000,1,1,0,0,4,0,insufficient_funds,0
32708,3,1,2,5,19,0,card_declined,0
5000,2,1,1,30,0,1,network_error,1
5000,2,3,3,0,14,0,insufficient_funds,0
5000,2,3,2,0,17,0,checkout_abandoned,0
5000,2,4,0,5,8,1,network_error,1
22756,1,1,0,0,9,0,insufficient_funds,1
19361,2,3,1,30,0,1,network_error,1
8961,2,1,0,30,3,1,network_error,0
5000,3,1,0,2,11,1,network_error,1
30069,2,0,0,0,2,0,checkout_abandoned,0
5000,3,2,1,1,13,1,network_error,1
5000,1,2,1,2,21,0,card_declined,1
20686,1,2,0,10,8,0,checkout_abandoned,1
9498,1,1,2,5,16,0,card_declined,0
44404,3,1,1,1,15,1,temporary,1
6302,1,2,1,5,17,0,checkout_abandoned,1
5000,1,6,0,2,18,1,temporary,1
5000,3,2,0,0,16,0,checkout_abandoned,0
5000,2,1,1,0,0,1,network_error,1
5000,2,1,2,0,19,0,insufficient_funds,0
15438,3,3,1,2,19,0,insufficient_funds,1
8944,3,1,1,30,9,1,network_error,0
5015,3,3,0,5,14,1,network_error,1
5000,2,3,1,5,19,1,temporary,0
6166,2,3,0,2,7,1,network_error,1
13532,1,1,0,0,4,1,temporary,1
7560,2,9,2,0,16,1,temporary,1
5806,3,1,2,30,7,0,card_declined,1
5000,1,6,0,0,16,0,checkout_abandoned,1
11698,3,1,0,30,9,1,network_error,0
5000,1,2,0,0,18,0,insufficient_funds,0
7207,1,4,1,10,4,1,network_error,0
64236,2,2,0,10,9,0,insufficient_funds,1
5000,1,3,0,30,13,0,card_declined,1
5000,3,4,0,30,13,0,insufficient_funds,1
5000,2,3,0,2,20,0,insufficient_funds,0
5000,2,4,1,2,11,0,checkout_abandoned,1
13854,2,1,0,0,23,0,card_declined,1
7882,1,1,0,10,8,1,network_error,1
5723,3,1,3,2,19,1,temporary,0
10908,3,5,2,0,3,0,insufficient_funds,0
5000,1,1,2,0,11,1,network_error,1
118168,1,1,0,10,22,1,temporary,1
5717,1,3,0,1,22,0,card_declined,1
5974,1,3,1,0,3,0,checkout_abandoned,0
5000,2,3,0,0,7,1,network_error,1
5000,3,3,1,0,15,0,card_declined,0
15481,2,0,0,2,1,0,card_declined,0
5000,1,3,0,0,9,0,insufficient_funds,1
5000,1,0,0,2,22,0,checkout_abandoned,0
5076,2,2,0,1,19,0,card_declined,1
19355,1,7,2,5,11,0,card_declined,1
5127,2,0,1,2,11,0,card_declined,0
5000,1,1,0,0,8,0,insufficient_funds,1
5000,1,3,2,0,4,0,insufficient_funds,0
7725,2,1,1,0,16,1,network_error,0
9521,1,1,1,0,3,1,network_error,1
5000,2,4,1,1,17,0,insufficient_funds,0
15283,1,2,2,5,9,0,card_declined,1
10569,1,2,2,30,19,0,insufficient_funds,0
15249,2,2,2,10,12,1,temporary,0
8808,1,0,0,0,23,0,checkout_abandoned,1
9449,3,2,0,0,15,0,checkout_abandoned,0
8272,3,0,0,0,22,0,checkout_abandoned,1
11713,2,4,0,0,20,1,temporary,1
5000,1,3,0,2,17,0,card_declined,0
5000,2,3,1,5,8,0,insufficient_funds,1
5000,2,1,0,0,1,1,network_error,0
5000,2,3,0,2,18,0,checkout_abandoned,1
7245,3,1,0,0,14,1,temporary,1
6800,3,3,1,1,5,0,insufficient_funds,0
15019,2,4,2,0,1,0,card_declined,1
15498,1,2,0,2,21,0,card_declined,1
5000,1,0,3,0,13,0,insufficient_funds,0
6239,3,4,3,1,2,0,card_declined,0
5000,2,3,0,1,20,1,temporary,1
5000,1,2,4,1,19,0,card_declined,0
6780,2,5,1,30,10,0,checkout_abandoned,1
5000,3,1,1,10,6,1,temporary,1
54788,2,5,0,2,5,1,temporary,1
8659,1,1,0,30,15,0,insufficient_funds,1
5000,3,5,0,5,5,1,temporary,1
33771,1,2,0,5,13,0,checkout_abandoned,1
5000,3,4,1,1,0,0,card_declined,1
5611,2,3,1,0,13,0,insufficient_funds,1
5000,1,2,0,0,9,0,insufficient_funds,0
25642,1,1,0,30,23,0,checkout_abandoned,1
5000,3,2,0,5,16,0,checkout_abandoned,0
5707,3,0,2,0,14,0,checkout_abandoned,0
16379,1,1,2,0,10,0,insufficient_funds,0
8823,2,1,1,30,5,1,network_error,0
5000,3,2,1,0,17,1,network_error,0
14919,3,1,2,2,9,1,network_error,0
62223,3,2,1,0,3,0,checkout_abandoned,0
6750,1,1,2,5,2,0,card_declined,1
5523,2,3,1,10,13,1,temporary,0
5829,3,1,0,1,8,1,temporary,1
18222,1,2,1,0,1,0,card_declined,0
5000,1,3,0,0,7,1,temporary,1
5000,3,2,1,0,23,0,insufficient_funds,0
5000,3,1,0,0,15,1,temporary,1
5000,1,2,0,1,2,0,insufficient_funds,1
5000,3,5,2,0,21,0,card_declined,1
5000,2,4,1,0,23,0,insufficient_funds,1
28827,2,4,0,0,6,0,card_declined,0
8400,2,1,1,0,11,1,network_error,0
5000,3,1,0,0,20,1,temporary,1
5000,2,3,2,0,11,0,card_declined,0
19433,2,6,3,2,21,1,temporary,1
15162,3,4,0,10,13,0,checkout_abandoned,0
5055,2,1,2,10,15,0,insufficient_funds,0
5000,3,1,2,2,19,0,checkout_abandoned,1
15137,1,1,0,0,16,0,card_declined,0
5000,3,1,1,0,0,0,checkout_abandoned,0
7273,3,3,1,5,19,0,insufficient_funds,0
47698,3,1,0,5,1,0,checkout_abandoned,1
6035,2,0,1,0,8,1,network_error,0
5000,2,0,1,30,0,0,insufficient_funds,0
7408,1,1,1,5,23,0,card_declined,0
5000,3,2,0,1,14,0,insufficient_funds,1
5000,3,3,0,5,9,1,network_error,0
9907,1,3,0,0,20,1,network_error,1
15030,1,5,1,5,2,0,checkout_abandoned,1
5000,3,2,0,0,5,0,card_declined,0
5000,3,1,3,0,17,0,checkout_abandoned,0
5000,2,3,1,5,22,1,network_error,1
5000,1,2,1,0,8,1,network_error,1
5000,3,0,1,0,16,0,card_declined,0
5000,2,2,0,0,0,1,temporary,1
32603,3,2,1,30,5,0,card_declined,0
7836,3,1,0,30,4,1,temporary,1
8711,2,2,3,1,11,1,temporary,1
11889,1,2,0,0,8,1,temporary,1
10625,3,4,1,1,2,1,network_error,1
5000,3,1,0,5,5,0,insufficient_funds,0
6454,3,3,2,2,2,1,network_error,1
5000,2,3,0,0,3,1,temporary,1
7619,3,1,1,0,15,0,checkout_abandoned,0
6916,3,2,0,1,3,1,temporary,0
5000,1,0,0,0,1,0,insufficient_funds,0
5000,1,1,0,1,15,0,card_declined,1
5688,1,4,0,0,17,1,temporary,0
5000,3,2,1,0,3,0,insufficient_funds,1
5000,1,2,1,30,8,1,temporary,0
8165,2,2,0,0,18,1,temporary,1
12904,3,1,0,1,3,1,temporary,1
61596,2,3,1,0,20,1,temporary,1
5000,1,4,0,10,14,1,network_error,1
5000,2,2,1,0,17,1,temporary,1
5000,1,4,2,0,20,1,temporary,1
6055,2,2,0,1,5,1,temporary,1
6016,3,1,0,10,5,1,network_error,1
5000,2,2,2,10,13,1,temporary,1
5000,3,1,0,0,18,1,network_error,1
5000,1,1,0,0,1,0,insufficient_funds,0
12411,3,4,1,0,14,1,temporary,1
5000,2,1,0,0,22,0,checkout_abandoned,0
5000,1,2,0,2,14,0,card_declined,1
5000,2,1,2,0,0,1,network_error,0
5000,1,4,2,0,3,1,temporary,1
5000,2,4,0,10,5,1,temporary,0
5000,2,2,0,0,9,0,insufficient_funds,0
7940,1,3,0,0,1,1,temporary,1
20724,3,1,0,0,19,0,card_declined,1
10226,2,0,3,10,23,1,temporary,0
12863,1,5,4,2,9,0,card_declined,0
20870,2,1,2,0,0,0,checkout_abandoned,0
8688,3,1,1,10,15,0,checkout_abandoned,1
5000,3,1,0,0,0,0,card_declined,0
13482,2,3,1,0,8,1,network_error,0
14371,3,2,1,1,2,1,network_error,1
9400,1,0,0,0,15,1,network_error,1
5000,2,4,2,1,21,1,network_error,1
5000,1,1,0,10,9,0,insufficient_funds,1
5000,3,5,0,1,9,1,temporary,1
10717,3,4,0,2,12,0,checkout_abandoned,1
5000,1,0,1,1,22,1,temporary,0
15319,1,1,1,10,16,0,insufficient_funds,1
18310,3,1,1,30,23,0,insufficient_funds,0
16304,2,2,1,2,7,0,insufficient_funds,0
16408,1,5,0,5,17,0,insufficient_funds,1
5000,1,2,0,2,22,0,card_declined,1
7963,2,4,2,30,4,1,temporary,1
5000,1,1,1,30,10,0,insufficient_funds,0
5000,1,2,0,30,23,1,network_error,1
5000,1,2,1,0,12,1,network_error,0
18485,1,1,2,1,10,0,checkout_abandoned,0
7791,3,2,0,2,14,1,temporary,1
36968,3,3,2,10,11,0,card_declined,1
5867,3,2,1,2,11,1,network_error,1
56829,1,5,1,1,15,1,temporary,1
5869,1,4,1,2,4,0,checkout_abandoned,1
5026,1,2,0,2,17,0,insufficient_funds,0
5000,2,4,1,2,19,0,card_declined,0
14921,1,0,1,5,23,0,checkout_abandoned,0
5000,1,2,1,1,18,1,network_error,1
5000,3,3,2,2,23,1,network_error,0
17698,2,0,0,0,12,1,temporary,1
15649,3,2,0,2,9,0,insufficient_funds,1
15245,1,0,0,0,16,0,checkout_abandoned,1
5000,3,4,0,0,3,0,checkout_abandoned,0
5000,3,0,0,0,10,1,temporary,0
5000,3,2,0,30,21,1,network_error,1
10748,2,1,0,2,0,0,checkout_abandoned,1
23238,3,3,0,0,2,0,checkout_abandoned,1
7102,2,1,0,30,15,1,network_error,1
35415,2,2,2,0,13,0,card_declined,0
12054,1,1,1,2,18,0,card_declined,0
5000,1,0,1,0,3,1,temporary,1
11256,3,2,1,10,10,1,network_error,1
27063,1,0,1,5,8,0,insufficient_funds,0
36253,1,2,0,10,22,0,insufficient_funds,1
16105,1,2,1,0,12,1,temporary,1
5042,2,1,0,30,2,0,card_declined,1
5000,3,4,0,30,16,1,network_error,1
8743,1,4,0,1,14,0,insufficient_funds,1
26212,1,2,0,2,23,0,insufficient_funds,0
7583,3,2,1,1,9,0,insufficient_funds,0
7742,1,0,2,10,22,0,card_declined,1
5173,2,1,0,5,7,1,network_error,1
5000,3,4,5,0,12,1,temporary,1
5000,2,1,0,1,7,0,insufficient_funds,0
5627,1,2,0,1,7,0,checkout_abandoned,0
27394,3,0,1,1,13,0,card_declined,0
5000,1,3,1,2,12,1,temporary,1
5180,1,2,2,0,21,0,card_declined,0
5000,1,4,0,0,8,1,temporary,1
10063,2,4,0,1,14,0,checkout_abandoned,1
19277,3,1,0,1,11,0,insufficient_funds,0
24946,2,3,1,30,20,0,checkout_abandoned,0
6023,1,1,2,10,21,0,insufficient_funds,0
8728,2,1,0,0,7,0,checkout_abandoned,0
5000,1,1,0,5,12,0,card_declined,1
8333,2,1,1,2,8,0,checkout_abandoned,0
6727,1,6,1,30,0,0,card_declined,1
5209,3,2,0,5,21,1,network_error,1
5640,3,3,1,2,16,0,checkout_abandoned,1
7722,3,2,1,0,22,1,network_error,0
5000,1,2,2,0,6,1,network_error,0
5000,1,1,1,0,8,0,card_declined,0
27101,1,0,0,30,5,0,card_declined,0
73905,3,1,1,30,8,0,card_declined,0
5000,3,2,1,30,18,0,insufficient_funds,0
5000,1,2,0,30,20,0,card_declined,1
5000,3,1,2,1,3,0,checkout_abandoned,1
5000,2,3,0,2,1,0,checkout_abandoned,0
12037,1,1,0,0,14,0,insufficient_funds,1
8877,1,0,1,0,3,1,network_error,1
5837,1,3,0,0,19,1,temporary,1
8340,3,3,0,0,2,1,temporary,1
5000,1,1,0,10,7,0,insufficient_funds,1
5000,1,6,1,10,7,1,temporary,1
5000,3,2,0,0,11,0,insufficient_funds,0
5000,1,3,0,5,20,0,card_declined,1
5000,1,2,2,0,13,0,insufficient_funds,1
5000,3,1,0,1,6,0,checkout_abandoned,0
10552,3,0,1,0,15,1,temporary,0
6281,2,6,2,0,12,0,card_declined,1
9054,3,2,0,10,23,0,checkout_abandoned,1
5000,3,2,1,0,23,1,network_error,0
5000,2,2,3,1,21,0,insufficient_funds,0
9539,3,2,2,2,4,0,insufficient_funds,1
5000,1,4,0,2,5,0,checkout_abandoned,0
16724,1,6,1,0,4,1,temporary,1
5000,3,1,2,5,13,0,checkout_abandoned,1
11422,1,0,1,0,19,1,temporary,1
5000,3,1,0,10,3,1,temporary,0
14029,2,1,0,5,23,1,temporary,0
121559,3,0,0,0,1,0,insufficient_funds,0
5000,2,4,0,0,12,1,temporary,1
9851,1,1,1,0,8,0,insufficient_funds,0
5000,2,1,1,1,21,1,network_error,1
7530,3,0,0,0,7,0,insufficient_funds,0
5000,3,2,0,2,4,0,insufficient_funds,1
5595,3,3,0,0,13,1,network_error,0
5000,3,2,2,30,1,0,checkout_abandoned,0
10727,3,0,0,0,15,1,network_error,0
5000,3,1,0,5,3,1,temporary,1
17011,2,3,1,1,9,0,insufficient_funds,1
5000,2,1,0,0,14,1,temporary,1
5000,2,4,2,0,20,1,network_error,0
24220,3,3,1,5,16,0,card_declined,0
5000,2,3,0,10,20,0,checkout_abandoned,0
33111,3,3,1,5,19,0,insufficient_funds,0
16669,3,3,0,0,17,0,insufficient_funds,1
5000,1,3,0,10,8,0,card_declined,0
5000,3,4,1,30,8,1,network_error,0
5547,3,0,1,5,20,0,checkout_abandoned,0
22613,2,1,2,0,5,1,temporary,1
7612,1,5,1,2,20,1,temporary,1
5862,1,2,2,0,2,1,temporary,1
5000,3,3,3,5,19,0,insufficient_funds,0
5000,1,2,1,10,6,1,network_error,1
18116,2,4,0,30,17,1,temporary,0
5000,2,0,1,10,23,1,temporary,0
5000,1,3,1,30,22,0,insufficient_funds,1
5000,3,2,1,0,10,0,card_declined,1
5000,2,3,0,0,3,0,card_declined,1
5000,1,1,1,10,9,0,insufficient_funds,1
5000,1,2,2,5,14,0,card_declined,1
21991,2,3,0,10,11,0,checkout_abandoned,0
5000,1,2,0,0,18,0,card_declined,0
9940,3,0,0,1,15,0,insufficient_funds,0
5000,2,3,0,5,0,1,network_error,1
8675,2,0,1,5,22,0,card_declined,0
5000,2,3,0,10,6,1,temporary,1
5000,1,2,1,0,2,1,network_error,1
5889,2,3,2,10,5,0,checkout_abandoned,0
5000,2,1,0,0,19,0,checkout_abandoned,1
5000,1,0,0,10,18,0,card_declined,0
12360,2,1,0,0,10,1,network_error,0
6266,2,1,2,0,12,0,insufficient_funds,0
5000,1,0,0,0,6,0,insufficient_funds,0
5000,3,2,0,0,23,1,temporary,0
5000,2,2,2,2,13,0,insufficient_funds,0
6148,1,1,1,10,2,1,temporary,0
24672,2,3,1,0,12,1,temporary,1
6021,1,2,0,2,1,0,card_declined,1
5000,2,0,1,0,3,0,insufficient_funds,0
6155,1,2,0,0,5,1,network_error,1
5000,2,0,0,0,2,0,checkout_abandoned,0
11661,1,2,0,2,20,0,card_declined,1
9015,1,1,1,5,15,0,insufficient_funds,0
5000,1,2,1,0,12,0,card_declined,1
8478,1,4,0,5,17,0,card_declined,1
5000,2,0,0,1,14,1,network_error,1
5000,1,1,1,10,14,0,card_declined,0
5000,1,3,1,2,13,1,network_error,1
7412,1,1,1,30,8,1,temporary,1
5000,3,4,1,5,0,0,insufficient_funds,0
9942,3,5,2,30,13,1,network_error,1
10544,1,2,1,30,18,1,temporary,1
5151,1,3,1,0,21,0,checkout_abandoned,1
5000,3,1,1,0,5,0,insufficient_funds,0
5000,3,2,2,0,22,1,network_error,0
13710,3,2,0,2,1,0,insufficient_funds,0
5000,1,2,1,2,5,1,temporary,1
14249,2,0,1,1,20,1,network_error,1
5000,1,3,1,0,2,1,network_error,1
5000,2,5,3,1,11,0,card_declined,1
5000,1,2,1,0,15,0,card_declined,1
5000,1,3,1,30,1,0,card_declined,0
9077,2,4,0,10,4,1,network_error,1
5000,3,5,1,0,9,1,network_error,1
8092,2,2,2,1,19,1,temporary,1
5372,3,2,1,5,18,1,temporary,1
5000,3,1,0,1,6,1,network_error,1
11552,3,1,1,0,9,0,insufficient_funds,0
5000,1,2,2,5,3,0,checkout_abandoned,0
6951,1,2,0,30,10,0,checkout_abandoned,1
24820,2,0,2,10,19,1,network_error,0
20742,3,2,2,0,2,0,card_declined,0
7257,3,2,0,10,5,1,network_error,1
5000,3,2,2,30,7,1,temporary,0
5000,1,1,1,30,0,0,insufficient_funds,0
5000,2,0,2,10,21,1,temporary,0
8465,1,1,2,0,19,1,temporary,0
5000,1,2,0,2,7,0,checkout_abandoned,0
10482,1,0,1,5,2,0,checkout_abandoned,0
41488,3,2,0,10,12,0,card_declined,1
5000,1,3,0,0,10,0,card_declined,1
5000,2,2,0,0,3,0,insufficient_funds,1
5000,3,2,1,30,9,0,card_declined,0
10684,3,4,1,5,22,0,insufficient_funds,1
5000,2,4,1,0,3,1,temporary,0
11811,2,2,0,30,21,0,checkout_abandoned,0
5000,2,2,1,1,0,1,temporary,1
11278,3,3,1,5,10,0,insufficient_funds,1
5000,3,0,0,30,2,0,checkout_abandoned,0
5000,2,3,2,10,16,1,temporary,1
5000,2,2,1,5,10,1,network_error,1
5000,2,3,1,2,14,1,network_error,1
35931,2,2,1,0,22,0,card_declined,0
5000,3,2,0,0,21,1,temporary,1
9362,1,1,0,0,17,0,card_declined,0
5000,3,3,2,0,8,0,checkout_abandoned,1
5000,2,2,1,1,17,1,temporary,0
5000,1,1,1,0,12,0,checkout_abandoned,0
14782,1,3,1,2,16,0,insufficient_funds,1
5000,2,5,0,2,16,0,card_declined,0
5000,1,3,0,5,18,0,card_declined,1
5741,1,2,0,0,17,1,temporary,1
8095,1,1,1,0,12,0,checkout_abandoned,0
25408,3,1,0,0,4,1,temporary,0
7000,3,3,0,5,23,1,temporary,0
9358,1,6,0,30,1,0,insufficient_funds,1
10089,3,1,2,0,14,1,temporary,0
5000,2,3,0,0,5,1,temporary,0
5000,3,4,0,30,15,1,network_error,1
5000,1,5,1,0,10,0,card_declined,1
5000,1,1,0,5,0,1,network_error,1
10888,1,4,0,30,22,0,checkout_abandoned,1
6568,3,3,2,30,18,0,checkout_abandoned,0
5321,2,3,0,0,8,0,card_declined,1
5000,1,4,2,0,8,0,card_declined,0
38387,3,0,0,1,13,0,card_declined,0
5000,3,1,0,30,18,1,network_error,0
38246,2,1,1,1,23,0,card_declined,1
5000,3,3,0,30,20,1,network_error,1
5000,1,4,1,10,1,0,checkout_abandoned,1
5000,2,2,0,2,0,0,card_declined,1
7059,3,1,0,10,4,0,card_declined,0
5000,2,2,0,30,9,1,network_error,1
5000,1,1,0,5,1,1,temporary,1
5000,3,2,0,5,21,1,temporary,1
10693,3,2,3,1,15,1,network_error,0
10011,3,2,0,30,3,0,insufficient_funds,1
30092,2,3,1,0,20,0,checkout_abandoned,0
5000,1,0,4,10,17,0,insufficient_funds,0
6116,1,1,0,30,7,1,temporary,1
5000,3,1,2,30,7,1,temporary,0
5000,3,2,0,30,16,0,card_declined,0
5000,1,2,1,0,12,0,card_declined,1
7820,2,4,0,30,22,1,temporary,1
13589,2,0,1,0,21,0,card_declined,0
13240,2,3,0,0,22,1,temporary,1
5000,2,1,1,2,15,0,insufficient_funds,0
13339,3,3,1,0,18,0,checkout_abandoned,1
5000,3,0,1,5,10,1,temporary,0
5000,1,1,1,30,18,1,network_error,1
5000,2,3,1,0,16,0,insufficient_funds,1
5000,3,3,0,0,12,0,insufficient_funds,1
28065,1,3,1,1,5,0,card_declined,1
6683,3,2,0,0,23,0,checkout_abandoned,1
5852,2,3,0,0,0,0,card_declined,1
5000,2,2,1,30,2,0,insufficient_funds,0
56725,1,5,1,30,14,0,card_declined,1
18124,3,2,0,2,9,0,checkout_abandoned,1
5000,2,3,1,5,20,0,card_declined,0
5000,2,1,0,0,1,1,temporary,1
5000,2,3,0,0,16,0,checkout_abandoned,1
5686,1,2,1,30,5,0,card_declined,1
5000,3,0,0,0,12,0,insufficient_funds,0
7622,1,0,0,5,10,0,card_declined,0
20996,1,2,0,30,3,1,network_error,1
5000,3,1,0,10,10,1,network_error,0
5000,1,4,0,1,2,1,temporary,1
5000,3,1,0,2,20,1,temporary,0
5000,2,3,0,2,6,1,network_error,1
36259,3,1,0,1,2,0,insufficient_funds,0
13382,1,3,0,30,23,1,temporary,1
12636,3,1,1,0,14,0,insufficient_funds,0
5000,1,1,0,30,11,0,insufficient_funds,0
5000,3,3,2,10,11,0,insufficient_funds,0
5000,2,3,0,0,19,0,insufficient_funds,1
10740,1,1,2,2,9,0,checkout_abandoned,0
8030,2,4,0,5,0,1,network_error,1
17782,1,0,0,30,16,0,insufficient_funds,1
5000,1,2,0,30,11,0,checkout_abandoned,1
5000,3,0,0,1,2,0,insufficient_funds,0
5825,2,0,0,0,5,0,checkout_abandoned,1
11990,3,2,2,10,8,0,checkout_abandoned,0
5000,3,2,0,5,22,0,card_declined,1
10260,2,3,1,2,19,0,insufficient_funds,1
5000,2,1,2,10,4,0,card_declined,0
5000,1,2,0,0,5,0,checkout_abandoned,1
5000,1,1,1,0,1,1,temporary,0
5000,3,1,0,1,4,0,checkout_abandoned,0
20904,1,3,1,1,3,0,checkout_abandoned,1
26230,2,1,0,0,12,1,network_error,0
7011,1,0,1,0,1,1,temporary,1
34961,3,1,0,1,13,0,card_declined,1
5000,2,1,1,0,7,0,insufficient_funds,0
12750,2,3,3,5,16,1,network_error,0
5000,3,1,1,0,23,0,insufficient_funds,0
5000,1,2,0,5,22,0,card_declined,0
5000,1,0,0,0,22,1,network_error,1
5000,2,1,1,0,13,0,card_declined,0
17802,1,2,2,2,13,1,temporary,1
5000,1,2,1,5,14,0,card_declined,1
5000,1,2,0,30,19,0,insufficient_funds,0
5000,3,1,1,1,6,0,checkout_abandoned,0
5000,1,1,0,30,9,1,network_error,1
28666,1,1,1,1,8,1,temporary,1
39885,3,2,1,10,21,1,temporary,0
5000,1,2,0,0,5,0,checkout_abandoned,0
5000,1,0,1,10,5,0,checkout_abandoned,1
5000,2,1,0,0,8,0,insufficient_funds,1
13204,1,4,1,0,9,0,card_declined,0
6545,3,5,0,0,17,0,checkout_abandoned,1
5000,2,0,0,1,2,0,insufficient_funds,1
5284,3,3,1,0,5,1,network_error,1
5000,1,4,0,10,22,1,network_error,1
24692,2,3,0,0,15,0,checkout_abandoned,0
8492,1,5,1,30,8,1,temporary,1
9602,1,4,0,0,23,0,insufficient_funds,1
5000,2,6,2,1,5,1,temporary,1
5000,3,3,3,5,15,0,insufficient_funds,1
39466,1,2,1,5,5,1,network_error,0
18511,3,4,1,10,16,1,temporary,0
5000,1,0,2,30,11,1,temporary,1
5000,1,3,0,0,3,1,temporary,0
5000,2,3,1,2,12,0,checkout_abandoned,0
27203,2,0,1,5,10,0,checkout_abandoned,0
6274,2,2,2,10,16,1,network_error,1
5000,3,3,0,0,21,1,network_error,1
5085,1,0,1,30,19,1,temporary,1
5000,3,3,1,0,7,0,card_declined,0
5000,3,1,1,5,16,0,checkout_abandoned,0
5097,3,3,1,30,13,0,card_declined,0
11449,1,1,0,0,11,0,insufficient_funds,0
5000,2,1,0,2,5,0,checkout_abandoned,0
5000,3,2,0,30,12,0,checkout_abandoned,1
13489,3,3,1,0,8,1,network_error,1
5000,3,3,1,10,23,1,network_error,0
6180,3,2,1,10,11,0,card_declined,0
5249,2,2,2,0,10,1,temporary,1
27292,1,1,5,5,1,0,card_declined,0
5000,1,4,1,30,7,0,insufficient_funds,0
5000,1,0,0,1,23,1,temporary,1
11555,3,1,0,0,15,0,checkout_abandoned,0
5000,1,1,0,0,17,0,checkout_abandoned,0
5000,2,2,0,30,16,1,network_error,1
5000,3,4,1,30,11,1,network_error,1
5000,1,1,1,10,22,0,checkout_abandoned,0
11480,2,2,1,2,7,0,checkout_abandoned,1
8554,2,2,0,0,8,0,insufficient_funds,1
5000,3,3,0,2,17,1,network_error,1
5634,2,3,3,10,12,0,card_declined,0
21816,2,3,1,10,9,0,insufficient_funds,1
5000,3,4,0,0,14,0,insufficient_funds,1
5682,3,4,1,5,19,1,network_error,1
5000,3,1,5,30,17,1,temporary,0
5000,3,1,1,0,10,1,temporary,0
5000,3,2,1,2,0,1,network_error,0
20146,3,1,1,2,19,0,card_declined,1
5000,3,0,1,2,21,1,temporary,1
13712,1,3,0,10,17,1,temporary,1
5000,2,4,1,30,4,1,network_error,0
5000,1,2,0,5,20,0,checkout_abandoned,1
16533,2,2,1,0,5,1,network_error,1
13278,2,1,2,2,20,0,insufficient_funds,0
6055,3,3,0,2,16,0,insufficient_funds,1
10521,2,0,0,0,12,0,insufficient_funds,1
5000,3,2,1,5,4,0,checkout_abandoned,1
5000,3,3,1,2,10,1,network_error,0
5000,3,1,2,0,3,1,temporary,1
12137,1,0,1,10,16,1,temporary,0
5000,3,2,1,0,22,0,card_declined,1
21701,1,2,0,10,19,0,card_declined,0
5000,2,1,0,2,15,0,card_declined,0
5016,2,3,0,30,23,0,checkout_abandoned,1
10495,1,1,1,0,22,1,temporary,1
5033,3,2,1,0,23,0,insufficient_funds,1
5000,3,1,1,1,1,1,network_error,1
5000,2,4,0,10,23,0,insufficient_funds,1
12013,1,7,1,2,0,1,temporary,1
5000,1,2,0,1,9,1,temporary,1
5000,1,1,0,1,6,0,card_declined,1
5000,3,0,0,10,20,1,network_error,0
11667,2,1,0,0,0,0,checkout_abandoned,1
5000,1,1,1,0,23,0,insufficient_funds,1
29980,2,4,0,0,10,0,card_declined,0
5000,3,3,2,0,1,1,network_error,1
5000,2,6,1,0,23,0,insufficient_funds,1
5000,2,0,0,0,1,0,card_declined,1
5000,1,1,2,5,8,0,insufficient_funds,1
5000,3,0,0,0,6,0,insufficient_funds,0
5000,1,2,1,0,17,0,checkout_abandoned,1
15303,3,2,0,1,5,1,network_error,1
5000,1,0,1,30,15,0,insufficient_funds,0
5000,1,3,1,30,2,0,card_declined,1
16756,2,3,3,0,0,1,temporary,0
23183,1,1,0,0,1,1,network_error,1
17246,1,3,1,0,5,1,temporary,0
5000,1,2,1,0,11,1,network_error,1
5000,3,1,1,10,15,1,temporary,0
30143,3,3,1,0,14,1,temporary,0
6255,1,2,2,0,2,1,temporary,0
5000,2,2,1,0,8,1,temporary,0
10080,2,3,0,2,10,0,card_declined,1
13457,2,3,0,0,9,0,checkout_abandoned,0
5000,2,2,1,0,16,0,card_declined,0
6120,3,3,0,2,11,0,card_declined,1
12413,2,5,1,30,8,0,insufficient_funds,1
5000,2,4,0,10,5,0,card_declined,1
5000,3,1,0,0,7,1,temporary,0
5000,2,3,0,0,19,0,card_declined,1
5000,1,1,1,0,17,0,checkout_abandoned,0
5000,1,1,1,0,10,1,network_error,1
7919,2,4,1,2,10,1,temporary,1
5000,1,0,0,2,7,0,insufficient_funds,1
5000,3,2,2,1,12,0,insufficient_funds,1
5174,2,1,0,0,21,0,insufficient_funds,1
5000,1,2,0,30,4,0,insufficient_funds,0
7546,2,2,2,1,14,1,network_error,1
15235,3,1,0,30,18,0,card_declined,1
5000,3,0,1,5,1,0,checkout_abandoned,0
5000,3,3,0,10,14,1,temporary,1
7139,3,0,2,1,14,0,insufficient_funds,0
5000,2,2,0,0,23,0,insufficient_funds,0
8406,3,0,0,0,9,1,network_error,0
109303,3,0,1,5,18,0,checkout_abandoned,0
5000,2,1,1,2,1,1,temporary,1
5000,2,3,1,0,14,0,checkout_abandoned,1
10338,3,2,0,10,6,0,card_declined,1
25471,2,0,0,0,14,1,temporary,0
13029,1,0,1,1,14,0,card_declined,1
5000,1,0,0,0,7,1,network_error,0
8633,2,1,1,0,20,0,card_declined,0
64339,1,2,3,1,10,0,insufficient_funds,1
9158,1,1,1,0,6,0,insufficient_funds,0
5000,1,2,1,1,16,1,temporary,1
6514,2,0,0,30,12,0,insufficient_funds,0
5000,2,2,1,10,12,0,insufficient_funds,0
16861,2,3,1,0,3,1,temporary,1
5000,2,1,0,2,22,0,checkout_abandoned,0
5293,3,5,0,0,8,1,temporary,0
5000,1,6,1,0,13,1,network_error,1
5000,2,3,0,1,3,1,network_error,1
21723,2,3,0,0,0,1,temporary,0
5450,1,3,0,0,17,0,insufficient_funds,1
5000,1,2,0,2,3,0,card_declined,1
5000,1,3,0,5,16,0,checkout_abandoned,1
5000,1,0,1,5,1,1,network_error,0
5000,1,1,0,30,7,0,checkout_abandoned,1
5497,1,0,0,0,21,0,card_declined,1
13098,1,6,1,0,13,1,temporary,1
5000,3,5,0,5,7,1,network_error,1
23636,3,1,4,2,2,1,network_error,0
5000,2,1,3,10,20,0,card_declined,0
5000,1,0,1,0,13,0,insufficient_funds,0
5000,3,0,0,0,10,1,temporary,0
13236,1,6,2,1,18,0,checkout_abandoned,1
40035,1,1,0,10,22,1,temporary,1
5000,2,3,0,0,16,0,checkout_abandoned,1
5000,2,0,0,30,11,1,network_error,0
17409,1,1,1,0,15,0,checkout_abandoned,0
5000,3,3,0,30,20,1,temporary,1
8661,1,1,1,5,6,1,network_error,1
16671,1,1,1,0,16,0,checkout_abandoned,0
5314,2,3,2,30,12,1,temporary,0
8520,2,2,0,0,6,1,network_error,1
28592,3,1,1,1,5,0,card_declined,0
34490,1,1,1,5,13,1,temporary,1
5000,2,4,0,0,4,1,network_error,0
5000,1,4,0,1,6,0,insufficient_funds,1
5000,1,2,1,0,9,0,card_declined,0
13055,2,2,0,0,4,0,card_declined,1
5000,3,3,0,2,7,0,insufficient_funds,0
5000,1,3,1,1,7,0,checkout_abandoned,0
5446,3,4,0,10,1,0,checkout_abandoned,1
5000,2,2,0,2,7,1,temporary,1
6501,2,1,0,2,15,0,insufficient_funds,1
63864,3,1,0,0,11,0,card_declined,0
5000,1,0,4,0,8,0,card_declined,0
5000,1,1,4,0,15,1,network_error,0
13566,3,4,0,30,4,1,network_error,1
6245,1,2,0,10,23,0,insufficient_funds,1
20729,3,3,1,0,1,0,checkout_abandoned,1
5794,3,2,0,1,11,0,card_declined,1
5000,3,1,0,2,18,1,network_error,1
5000,2,4,0,0,18,1,network_error,1
5000,2,5,0,0,11,1,temporary,1
5000,3,4,0,30,11,0,card_declined,0
7182,1,1,0,0,21,0,insufficient_funds,1
5000,1,4,0,10,10,0,insufficient_funds,1
17250,2,1,1,5,0,0,insufficient_funds,1
5065,2,1,1,1,9,0,checkout_abandoned,0
5000,3,2,0,2,1,0,checkout_abandoned,1
5000,3,3,3,0,21,1,network_error,0
9156,2,3,0,0,5,0,checkout_abandoned,0
5000,1,1,0,5,3,1,temporary,1
5000,1,0,2,10,15,0,insufficient_funds,0
16128,3,1,0,5,6,0,card_declined,1
7006,2,4,1,5,17,1,temporary,1
5000,2,1,1,30,17,1,network_error,0
9334,2,3,0,0,12,0,checkout_abandoned,1
5000,3,3,0,0,7,0,insufficient_funds,1
7208,1,2,0,0,6,0,card_declined,0
5000,1,2,1,5,0,0,insufficient_funds,1
38964,3,2,1,2,21,1,temporary,0
5000,2,3,0,0,5,1,temporary,1
23295,3,3,1,10,11,0,insufficient_funds,0
5000,1,1,0,30,0,0,card_declined,1
11015,1,1,0,0,12,1,network_error,1
10241,3,2,1,0,7,1,temporary,1
15472,3,1,1,5,12,0,card_declined,0
5000,1,1,0,1,7,0,insufficient_funds,0
14409,3,1,0,5,18,1,network_error,1
31145,1,2,0,5,22,0,card_declined,1
5000,1,1,0,0,15,1,temporary,1
5088,3,0,0,10,19,0,checkout_abandoned,0
5000,1,1,0,0,11,0,checkout_abandoned,0
5000,1,3,1,5,2,1,network_error,1
27212,1,3,2,30,8,0,card_declined,0
5000,2,1,0,1,2,0,insufficient_funds,0
5000,1,4,0,0,1,1,temporary,1
24609,1,2,1,30,23,0,card_declined,0
9177,1,2,2,1,11,1,network_error,1
40960,2,3,0,2,16,0,card_declined,1
5000,2,1,1,0,10,0,card_declined,0
5576,1,1,3,2,15,0,card_declined,0
5000,2,2,0,0,7,0,insufficient_funds,0
5672,2,3,1,10,14,1,network_error,1
5000,2,6,1,2,12,0,insufficient_funds,1
9749,2,2,0,1,3,1,network_error,0
6791,1,1,0,5,13,1,temporary,1
5000,2,5,1,2,6,0,insufficient_funds,0
5000,3,0,1,1,13,0,card_declined,0
5000,1,1,2,0,10,0,insufficient_funds,0
10175,1,1,0,0,7,1,network_error,1
5000,1,1,2,0,10,0,insufficient_funds,1
8200,3,4,0,1,1,1,temporary,1
39122,3,4,1,1,23,0,checkout_abandoned,1
21709,3,4,0,30,13,0,checkout_abandoned,0
5000,1,3,0,0,1,1,network_error,1
5000,2,2,1,1,3,1,network_error,1
7490,1,4,1,0,0,1,temporary,0
5000,3,2,1,0,6,0,checkout_abandoned,0
5000,2,3,0,1,21,1,temporary,1
7225,2,2,4,0,17,0,checkout_abandoned,1
5000,2,1,1,5,21,1,temporary,1
33333,3,2,1,10,11,0,checkout_abandoned,1
5000,3,2,1,0,6,1,network_error,1
15803,3,4,1,0,9,0,card_declined,0
5000,2,1,0,2,7,1,temporary,1
5000,3,2,2,0,20,1,network_error,1
10113,3,2,0,0,14,0,checkout_abandoned,0
14526,2,2,1,5,19,0,card_declined,0
5000,3,1,0,0,4,1,network_error,0
5034,3,4,1,2,21,0,checkout_abandoned,1
5000,3,1,1,0,21,0,checkout_abandoned,0
5000,1,1,2,10,14,0,card_declined,0
11349,3,2,0,5,6,1,network_error,0
5000,2,5,0,0,14,0,checkout_abandoned,1
5000,1,1,0,2,1,0,card_declined,0
5000,2,3,2,1,4,1,network_error,0
5000,3,2,0,30,12,0,card_declined,0
28512,3,1,0,0,23,1,network_error,0
5286,3,2,1,5,17,1,network_error,1
5000,3,2,2,2,5,0,insufficient_funds,0
5000,2,2,0,30,22,1,network_error,1
5000,3,2,2,5,11,0,card_declined,0
5000,1,1,0,0,14,0,insufficient_funds,0
19155,1,2,1,0,19,0,checkout_abandoned,0
5000,1,3,0,2,2,0,checkout_abandoned,1
32556,3,2,0,10,4,0,checkout_abandoned,1
5000,2,3,0,2,15,0,insufficient_funds,1
5000,3,1,3,2,10,0,card_declined,0
9329,2,2,0,2,2,0,card_declined,1
5000,2,2,0,0,3,1,temporary,1
6032,3,1,0,30,4,0,insufficient_funds,1
5000,2,1,1,0,11,0,checkout_abandoned,0
21721,2,3,0,2,7,0,insufficient_funds,0
12896,1,1,0,10,21,0,checkout_abandoned,0
5000,2,1,0,0,1,0,card_declined,1
17019,1,1,3,1,10,1,temporary,1
5000,1,1,0,5,8,0,checkout_abandoned,1
5000,1,0,2,0,3,0,card_declined,0
5985,1,1,0,0,18,0,card_declined,0
5000,1,4,1,5,18,0,insufficient_funds,1
22890,1,2,0,0,1,0,card_declined,1
6909,1,0,2,1,12,0,card_declined,1
6036,3,2,1,2,11,0,insufficient_funds,1
12096,1,2,0,10,1,1,network_error,1
14659,2,1,2,0,5,0,card_declined,0
10760,1,2,1,2,8,1,temporary,1
20322,3,1,2,5,13,1,network_error,0
9033,1,4,1,1,11,0,insufficient_funds,0
5811,3,2,2,1,11,0,card_declined,0
16969,2,1,0,1,17,1,network_error,1
5000,3,0,0,10,3,0,checkout_abandoned,1
5080,2,1,1,2,1,1,network_error,0
27489,2,0,1,1,20,0,card_declined,0
24882,3,0,1,0,5,1,temporary,1
5000,3,1,2,1,12,0,checkout_abandoned,0
5000,2,1,0,10,1,0,checkout_abandoned,1
21230,3,1,1,1,23,0,checkout_abandoned,0
10942,3,5,1,1,17,1,network_error,0
6738,3,2,0,5,23,0,card_declined,1
5000,3,0,1,30,22,0,card_declined,0
6847,1,2,2,0,6,1,network_error,1
5000,2,2,1,30,9,1,temporary,1
5000,2,1,0,0,21,0,insufficient_funds,1
5591,3,5,0,2,12,1,temporary,1
6408,1,2,0,0,17,0,checkout_abandoned,1
5000,3,2,0,0,11,1,temporary,0
12134,1,2,0,1,10,0,card_declined,1
17833,2,2,0,30,9,1,network_error,1
12963,3,0,1,30,19,1,network_error,0
5000,1,1,3,1,11,0,checkout_abandoned,1
10465,3,2,0,5,10,1,temporary,1
5313,3,1,1,10,12,0,checkout_abandoned,0
5000,1,2,0,2,11,0,card_declined,1
9630,1,1,0,10,5,0,insufficient_funds,0
5688,1,2,1,0,8,0,card_declined,0
65745,3,1,0,30,15,1,temporary,1
21105,3,2,0,2,20,0,card_declined,1
10008,2,2,1,0,9,1,temporary,1
6305,1,1,2,10,21,0,card_declined,0
5789,1,1,0,30,23,0,card_declined,0
5000,1,1,0,0,3,0,card_declined,1
5000,2,1,0,1,4,0,insufficient_funds,0
5000,3,2,0,30,14,1,network_error,0
5000,1,2,2,2,6,0,checkout_abandoned,0
5000,3,3,0,0,2,0,card_declined,1
5000,1,4,1,5,18,0,insufficient_funds,1
5000,2,2,0,0,21,0,card_declined,1
5000,3,1,1,0,5,1,network_error,1
5000,2,2,0,10,5,0,card_declined,1
5000,2,3,0,0,19,0,checkout_abandoned,0
27553,2,4,0,2,0,0,card_declined,1
9529,2,2,0,5,0,1,temporary,1
5000,1,0,1,2,17,0,insufficient_funds,0
5000,1,0,0,1,4,1,network_error,1
5000,3,2,0,30,15,0,insufficient_funds,1
5000,3,2,0,10,9,0,checkout_abandoned,0
5000,3,5,2,10,9,0,card_declined,0
13501,1,3,1,0,22,0,checkout_abandoned,0
5000,1,1,0,30,14,0,insufficient_funds,1
5000,1,2,1,2,6,0,insufficient_funds,1
5000,1,3,0,5,18,0,checkout_abandoned,1
5530,2,1,2,1,3,0,checkout_abandoned,0
5000,1,2,2,2,4,0,insufficient_funds,1
5000,3,2,1,5,9,0,checkout_abandoned,1
11707,1,0,2,2,7,0,insufficient_funds,1
7717,2,4,1,2,23,0,checkout_abandoned,0
45697,1,4,3,0,11,0,insufficient_funds,0
17173,2,0,0,30,9,0,card_declined,0
20929,1,2,1,0,15,1,network_error,0
80828,2,1,1,0,10,0,checkout_abandoned,0
10489,3,2,1,10,14,0,checkout_abandoned,0
5785,3,1,2,1,9,0,card_declined,0
13013,1,0,1,0,11,1,temporary,1
5000,2,5,0,0,21,0,checkout_abandoned,1
5473,3,1,1,30,15,1,network_error,0
5000,2,2,1,30,2,0,insufficient_funds,0
7317,2,2,0,0,0,1,network_error,1
5000,2,3,3,0,10,0,checkout_abandoned,0
5000,3,4,0,0,7,0,card_declined,0
7431,2,2,0,30,13,1,network_error,1
5000,3,0,4,0,13,0,insufficient_funds,0
5000,3,1,0,0,20,0,insufficient_funds,0
5000,2,3,0,0,7,1,network_error,1
5000,1,2,2,30,16,1,temporary,0
5000,1,0,1,0,22,0,checkout_abandoned,0
7438,2,1,1,0,4,0,checkout_abandoned,1
6117,3,4,1,0,23,0,insufficient_funds,0
14260,2,1,0,0,22,1,temporary,0
10433,1,1,2,5,8,0,checkout_abandoned,0
14355,3,6,0,0,18,0,card_declined,1
9030,1,3,0,1,5,0,insufficient_funds,1
6061,2,4,0,0,0,0,insufficient_funds,0
14755,1,1,0,0,5,0,card_declined,0
12325,1,1,0,1,2,1,network_error,1
7158,3,3,2,0,10,0,checkout_abandoned,0
17519,3,2,1,5,6,0,card_declined,1
5000,1,2,1,0,22,0,checkout_abandoned,1
5000,1,0,0,0,12,1,temporary,1
5000,2,2,0,30,5,0,insufficient_funds,0
15563,3,0,1,1,7,1,temporary,1
23656,2,4,1,10,7,1,temporary,1
5000,3,3,1,0,2,0,checkout_abandoned,0
20154,2,1,0,0,13,1,temporary,0
5000,2,3,0,5,0,1,temporary,1
5000,1,2,0,0,13,1,temporary,1
5000,3,2,1,0,17,1,network_error,0
5000,3,0,1,0,15,1,temporary,0
5000,1,3,0,0,0,1,temporary,0
9413,3,5,1,5,17,0,card_declined,0
9695,3,1,0,0,11,1,network_error,0
14101,2,2,0,0,18,0,card_declined,0
5000,3,2,1,5,10,1,temporary,0
5000,2,1,0,5,11,0,insufficient_funds,0
5000,1,2,1,1,10,0,card_declined,1
26582,3,1,0,0,1,0,checkout_abandoned,0
5000,1,3,0,5,10,0,checkout_abandoned,0
5000,3,3,3,5,16,1,network_error,1
5000,1,3,0,2,19,1,network_error,1
5000,2,3,2,1,14,0,checkout_abandoned,1
5000,3,1,0,2,9,1,network_error,1
5000,2,3,0,0,5,0,checkout_abandoned,0
5000,3,4,2,0,19,1,temporary,0
5242,1,1,1,0,20,0,insufficient_funds,0
9210,1,2,1,2,6,0,card_declined,1
5000,1,3,1,5,17,0,checkout_abandoned,1
5000,1,1,1,0,20,1,temporary,1
5000,1,4,1,5,10,0,checkout_abandoned,1
5000,2,3,0,0,13,0,checkout_abandoned,1
5000,1,2,1,2,23,0,card_declined,0
7797,3,0,0,0,14,0,insufficient_funds,0
5000,1,3,0,0,16,0,card_declined,1
17353,3,1,0,0,21,0,insufficient_funds,1
8875,3,2,1,5,22,0,card_declined,1
15836,3,7,1,5,18,0,insufficient_funds,1
5000,3,1,1,0,17,0,card_declined,0
5000,3,1,2,1,5,0,checkout_abandoned,0
5000,3,0,3,2,17,0,checkout_abandoned,0
5000,2,2,1,5,8,0,insufficient_funds,0
17190,2,2,3,10,5,1,temporary,0
21752,2,3,1,10,23,1,network_error,1
5000,2,5,3,0,10,1,network_error,1
5000,2,0,1,5,15,1,temporary,0
5000,1,1,1,10,15,0,checkout_abandoned,0
8827,3,2,1,2,14,1,network_error,0
5000,3,1,0,30,19,0,insufficient_funds,0
5000,3,0,2,10,19,0,checkout_abandoned,1
8019,1,1,1,30,21,1,network_error,0
5000,3,2,0,30,21,0,insufficient_funds,0
5000,2,1,0,0,1,0,insufficient_funds,0
5779,1,1,0,1,9,0,insufficient_funds,1
7447,3,0,2,30,17,1,temporary,1
5000,3,2,1,0,20,0,card_declined,0
5000,3,4,2,0,6,0,card_declined,0
11436,2,1,1,0,19,1,temporary,0
6536,1,1,0,1,17,0,checkout_abandoned,0
5000,1,4,0,2,12,0,insufficient_funds,0
5103,3,3,1,2,7,0,insufficient_funds,0
7209,3,2,1,5,14,1,network_error,1
27398,1,4,0,0,13,0,checkout_abandoned,0
10789,3,1,1,1,6,0,card_declined,1
16556,1,1,1,0,12,1,temporary,0
5000,3,1,1,30,13,0,checkout_abandoned,1
5000,1,0,1,30,20,0,card_declined,1
5000,3,4,0,10,4,0,card_declined,0
5000,1,2,0,0,15,0,insufficient_funds,1
5000,2,1,0,0,1,1,temporary,0
17429,3,0,1,2,5,1,temporary,1
11888,3,1,0,5,20,0,card_declined,0
5000,2,5,0,10,15,0,checkout_abandoned,1
9336,3,6,1,10,5,0,checkout_abandoned,0
6141,1,2,1,0,15,1,network_error,0
10095,2,1,0,0,23,0,checkout_abandoned,0
5000,3,0,0,30,8,0,checkout_abandoned,0
5000,1,2,2,5,17,0,checkout_abandoned,0
5000,2,3,1,30,6,1,network_error,0
9169,2,1,1,0,8,0,insufficient_funds,0
5000,2,2,2,0,21,0,checkout_abandoned,0
5000,3,2,3,5,2,0,card_declined,0
5000,2,4,1,1,3,0,checkout_abandoned,1
5000,3,2,1,30,1,1,network_error,0
5238,2,0,4,0,3,0,checkout_abandoned,0
26469,3,3,1,2,18,1,temporary,0
8802,2,3,0,30,14,0,insufficient_funds,0
5332,3,2,1,2,2,1,network_error,1
5000,2,2,1,0,7,0,card_declined,1
14826,3,1,1,0,19,0,insufficient_funds,0
5000,3,3,1,1,12,0,card_declined,0
5000,1,2,1,10,16,0,checkout_abandoned,0
5000,1,2,1,5,6,0,card_declined,0
20310,1,4,0,0,22,0,card_declined,1
7277,2,4,3,5,8,1,network_error,1
5000,2,1,0,30,22,0,insufficient_funds,0
5000,1,3,1,5,9,1,network_error,1
8181,3,2,2,0,17,0,insufficient_funds,0
5000,3,1,2,0,13,0,card_declined,0
5000,2,1,0,2,14,0,card_declined,1
5000,1,1,2,5,1,0,card_declined,0
6897,3,4,0,10,19,1,temporary,0
5000,1,3,0,5,10,0,insufficient_funds,1
5000,1,1,1,1,6,0,checkout_abandoned,0
5000,3,4,0,2,16,0,insufficient_funds,1
5311,3,0,1,0,18,1,temporary,0
5000,2,2,1,5,17,0,insufficient_funds,0
5000,1,1,0,5,22,1,temporary,0
5995,1,1,3,0,6,0,insufficient_funds,0
10383,3,0,1,0,4,0,card_declined,1
9912,1,4,0,0,13,0,checkout_abandoned,1
8541,3,0,0,30,8,0,card_declined,0
5000,2,1,0,0,9,1,temporary,1
5000,2,1,2,2,15,0,checkout_abandoned,1
5000,3,3,1,0,0,0,card_declined,0
5000,2,2,2,30,10,0,checkout_abandoned,0
5012,2,2,1,0,10,1,temporary,0
5000,2,2,1,30,0,1,network_error,1
5410,1,4,2,0,16,1,temporary,1
5000,2,2,0,0,19,1,network_error,1
5000,2,2,2,1,22,0,card_declined,0
11152,1,0,1,1,22,0,insufficient_funds,0
5000,2,0,2,2,2,1,network_error,1
5000,2,6,0,2,5,0,card_declined,1
5000,1,5,0,2,10,0,insufficient_funds,1
7502,3,1,2,0,14,0,card_declined,0
19436,3,0,0,10,22,0,checkout_abandoned,1
5000,2,2,1,2,6,1,temporary,0
5000,1,1,1,1,11,0,insufficient_funds,0
14351,2,0,0,0,16,0,checkout_abandoned,0
5000,3,1,0,1,21,0,card_declined,1
35132,1,0,0,1,16,1,network_error,1
56619,3,0,1,0,16,1,temporary,0
5000,3,2,2,10,23,0,checkout_abandoned,0
5000,1,1,2,10,20,1,temporary,0
5000,1,0,0,0,20,1,temporary,1
5000,3,0,3,2,18,1,temporary,0
5000,3,4,0,0,7,1,temporary,1
11067,3,4,0,0,1,1,network_error,1
5000,2,3,2,5,18,1,network_error,0
5000,2,0,0,0,18,0,card_declined,0
5000,2,2,0,30,14,0,checkout_abandoned,1
8223,2,0,0,0,3,1,network_error,0
5000,3,1,0,5,23,1,temporary,1
5000,1,2,0,1,17,1,temporary,0
36052,1,1,0,0,15,0,checkout_abandoned,0
5000,1,1,2,0,10,1,temporary,1
5000,3,3,1,0,1,0,checkout_abandoned,0
5000,3,4,2,10,16,1,temporary,1
8502,1,1,1,30,9,1,temporary,0
28934,1,2,0,0,1,1,temporary,0
8777,1,1,0,0,1,0,checkout_abandoned,0
5000,1,4,0,30,2,1,temporary,1
5000,2,3,0,1,6,0,checkout_abandoned,1
5000,2,1,1,0,2,1,temporary,0
5000,2,1,1,2,3,0,insufficient_funds,0
5000,1,5,0,0,9,0,card_declined,0
11151,2,1,1,0,0,1,network_error,0
5000,3,1,2,30,4,0,insufficient_funds,1
21879,2,1,1,5,9,0,insufficient_funds,1
30352,3,1,1,0,0,0,card_declined,1
5000,3,0,0,2,5,1,temporary,1
7623,3,0,0,10,21,1,network_error,1
5000,2,2,1,1,9,1,temporary,1
9169,1,0,0,0,18,0,insufficient_funds,1
5000,2,1,0,1,10,1,network_error,1
5000,2,1,1,1,13,0,insufficient_funds,0
5000,3,2,3,0,3,0,card_declined,0
5000,3,2,2,10,17,0,insufficient_funds,0
5000,2,3,1,0,6,0,card_declined,0
12704,2,3,2,0,7,1,network_error,0
5000,3,2,1,0,6,0,insufficient_funds,0
27862,3,3,0,0,16,0,checkout_abandoned,1
5000,3,4,1,0,15,0,insufficient_funds,1
24721,2,1,2,0,12,1,temporary,1
5000,2,4,0,10,8,1,network_error,1
5000,2,4,0,0,2,0,checkout_abandoned,0
5000,2,2,1,0,19,0,insufficient_funds,0
5000,1,1,0,1,15,0,insufficient_funds,1
10952,1,1,1,0,13,0,insufficient_funds,0
22022,2,2,2,5,23,1,network_error,1
16163,2,4,0,10,2,0,checkout_abandoned,0
5000,1,1,0,0,6,1,temporary,1
5909,1,3,0,5,21,0,checkout_abandoned,1
5000,3,1,0,2,0,1,network_error,1
5000,2,0,0,30,7,1,network_error,1
5000,2,0,0,5,18,0,insufficient_funds,1
5000,3,0,1,30,13,0,card_declined,0
6308,1,1,1,10,6,0,checkout_abandoned,1
5000,3,2,1,2,8,0,checkout_abandoned,0
5000,3,3,0,30,9,0,checkout_abandoned,0
22382,2,4,1,2,6,0,card_declined,1
15091,2,2,3,10,0,0,checkout_abandoned,0
5000,3,2,3,1,14,0,insufficient_funds,0
5000,1,0,1,0,1,1,network_error,0
7784,1,3,1,5,17,0,card_declined,1
5000,3,3,0,0,17,1,network_error,1
14915,1,1,0,2,22,1,network_error,1
5000,3,1,1,5,23,0,insufficient_funds,0
30677,3,2,1,10,22,0,card_declined,0
5000,2,4,0,0,14,1,network_error,1
12309,1,2,1,30,2,0,checkout_abandoned,1
5000,3,1,2,0,20,1,network_error,0
5000,3,3,0,10,21,0,insufficient_funds,1
5000,2,9,0,10,4,1,network_error,1
8917,1,1,1,5,8,1,network_error,0
9663,2,4,0,1,1,0,card_declined,1
29293,2,7,0,2,7,0,card_declined,1
13467,1,1,2,1,8,0,insufficient_funds,0
5000,2,1,0,0,20,1,network_error,1
5000,1,1,0,1,4,1,temporary,1
5000,3,2,0,0,3,1,temporary,1
21444,2,1,1,0,14,1,temporary,0
5000,3,0,2,30,17,0,checkout_abandoned,0
21595,2,6,0,0,22,1,temporary,1
8308,3,2,2,0,18,0,checkout_abandoned,0
6835,3,1,0,30,5,0,insufficient_funds,0
5000,1,4,0,5,16,1,temporary,1
9515,2,1,1,0,21,1,network_error,1
5000,3,2,0,0,19,0,insufficient_funds,0
5000,2,1,1,2,12,0,card_declined,0
9857,1,1,1,30,7,0,checkout_abandoned,1
5000,3,0,0,0,2,0,card_declined,0
5000,1,3,3,30,8,1,network_error,1
8953,3,2,1,0,12,1,network_error,0
5000,3,2,0,30,23,0,insufficient_funds,0
8013,1,3,0,0,11,0,insufficient_funds,1
5000,1,1,3,0,17,0,insufficient_funds,0
5000,3,1,0,0,17,1,temporary,1
27863,2,4,0,1,11,1,network_error,1
23077,3,1,2,5,17,0,insufficient_funds,0
11893,3,1,0,0,20,1,network_error,1
5000,1,0,1,0,15,0,insufficient_funds,0
5000,3,3,0,0,17,0,checkout_abandoned,0
19581,2,4,2,1,16,1,network_error,1
5000,3,2,2,2,23,1,network_error,1
5000,1,3,1,5,14,0,insufficient_funds,0
31959,1,3,1,30,2,0,insufficient_funds,1
5000,2,2,2,0,5,1,network_error,0
28808,2,1,1,2,6,0,card_declined,0
5000,2,1,0,0,22,0,card_declined,1
8251,1,3,0,0,0,0,checkout_abandoned,0
38990,2,1,1,0,5,0,insufficient_funds,0
5063,3,2,1,0,16,1,temporary,1
5000,3,6,0,0,14,1,temporary,0
5000,3,1,0,0,0,0,checkout_abandoned,0
14506,1,3,1,0,18,0,insufficient_funds,1
5000,3,1,3,0,0,0,checkout_abandoned,0
5000,2,2,1,0,2,1,temporary,1
5000,3,0,1,0,19,0,card_declined,0
23315,3,1,3,1,10,1,temporary,0
15597,1,3,1,10,13,0,card_declined,1
5000,3,2,0,0,0,1,network_error,0
5000,2,1,0,0,3,1,network_error,0
22831,3,4,2,0,5,1,network_error,0
5000,2,2,0,1,8,1,temporary,0
5000,1,4,3,5,15,1,temporary,1
5000,3,2,1,5,9,0,card_declined,0
5000,1,0,0,0,21,1,network_error,1
5000,3,1,0,30,5,1,network_error,1
5000,1,2,1,1,7,0,insufficient_funds,1
10346,3,0,1,0,2,0,card_declined,0
5000,2,1,0,30,20,0,checkout_abandoned,0
7014,1,3,1,0,14,0,insufficient_funds,1
5000,1,1,1,10,12,0,checkout_abandoned,0
5245,1,3,1,30,19,0,insufficient_funds,1
33553,3,1,2,0,18,0,checkout_abandoned,0
5000,3,5,1,1,9,0,insufficient_funds,0
7218,3,1,2,2,19,0,insufficient_funds,0
5000,2,3,1,10,6,1,network_error,1
22473,2,1,1,30,15,0,insufficient_funds,0
5000,3,2,1,2,10,0,card_declined,0
14052,1,1,0,5,10,1,network_error,1
5000,3,1,2,10,15,1,temporary,0
9059,2,5,3,2,14,0,checkout_abandoned,0
9614,2,1,1,10,22,1,network_error,0
5000,2,2,2,2,16,1,network_error,0
14645,3,1,0,2,9,0,insufficient_funds,0
5000,3,1,1,30,20,0,insufficient_funds,1
10699,3,4,0,0,23,0,insufficient_funds,1
5000,1,3,0,0,13,0,insufficient_funds,1
6971,1,2,1,5,6,0,checkout_abandoned,1
5000,3,3,0,2,20,0,checkout_abandoned,0
5166,3,2,2,2,15,0,card_declined,0
5000,1,4,0,0,9,1,temporary,1
6295,3,1,1,5,9,1,temporary,0
5136,1,4,1,1,18,1,network_error,0
5000,3,1,2,5,15,0,card_declined,1
5000,3,1,0,0,14,0,card_declined,1
5619,2,2,0,30,19,0,insufficient_funds,0
5000,1,3,0,10,1,0,insufficient_funds,1
5000,3,0,1,1,8,0,insufficient_funds,0
5000,1,4,0,0,12,0,insufficient_funds,1
51314,2,4,0,30,6,0,checkout_abandoned,0
14173,2,4,0,2,18,1,temporary,1
6458,1,3,1,1,6,1,network_error,1
15868,2,0,0,30,16,0,checkout_abandoned,1
5000,3,2,0,30,10,1,temporary,1
5000,1,0,0,0,13,0,card_declined,0
5000,2,4,0,5,0,0,insufficient_funds,1
5000,1,2,0,0,19,0,checkout_abandoned,0
5000,2,1,0,0,6,0,checkout_abandoned,0
6036,1,2,0,1,21,0,checkout_abandoned,1
12337,1,2,1,0,23,1,temporary,1
5000,2,1,2,2,3,0,checkout_abandoned,0
7329,1,2,0,1,1,0,card_declined,1
5000,1,0,1,0,6,0,insufficient_funds,0
6957,3,1,0,1,7,1,network_error,1
5000,3,2,1,5,23,0,insufficient_funds,0
19597,1,1,0,2,2,1,temporary,1
5000,3,4,4,5,5,0,card_declined,0
28974,2,4,0,0,4,1,temporary,1
5000,1,2,0,0,19,0,card_declined,1
10330,3,5,1,5,16,0,checkout_abandoned,0
5000,2,2,0,2,12,0,card_declined,1
5000,1,0,0,5,20,1,temporary,1
9249,1,0,1,0,9,0,card_declined,1
5000,3,3,0,0,6,1,network_error,1
5000,1,0,1,0,17,1,network_error,0
5000,2,4,1,5,21,0,card_declined,1
17543,1,4,0,30,18,1,network_error,1
16818,3,3,0,2,0,1,network_error,1
32446,3,3,0,1,6,1,temporary,1
5000,2,1,0,0,23,0,insufficient_funds,0
5000,2,1,1,0,0,0,insufficient_funds,0
5000,2,5,0,0,11,0,checkout_abandoned,1
5000,2,2,0,0,18,0,card_declined,1
5000,3,1,1,2,20,1,temporary,1
25554,3,1,0,2,16,1,network_error,1
46143,1,1,2,0,21,0,checkout_abandoned,0
7928,3,1,0,2,2,0,insufficient_funds,1
5000,1,2,1,0,6,0,card_declined,1
5000,1,1,1,0,0,0,checkout_abandoned,0
23073,2,1,0,0,19,1,network_error,1
5304,1,2,1,0,15,1,temporary,1
5000,3,1,0,2,21,0,insufficient_funds,1
7951,3,1,2,10,14,0,checkout_abandoned,0
5000,1,3,1,0,14,1,temporary,1
5692,1,6,1,0,18,1,temporary,1
5000,2,5,0,0,10,0,insufficient_funds,1
14575,3,3,0,0,20,0,insufficient_funds,0
5000,2,1,1,0,23,1,temporary,0
15658,3,4,1,30,15,0,checkout_abandoned,0
5000,1,2,2,0,8,0,checkout_abandoned,0
5000,2,4,1,5,15,1,network_error,1
5000,1,2,1,5,22,0,checkout_abandoned,0
10506,1,4,0,0,12,0,checkout_abandoned,1
5000,3,4,1,0,18,0,card_declined,1
5000,1,2,0,0,13,0,insufficient_funds,0
5000,1,2,0,30,10,0,card_declined,0
5548,2,2,3,1,23,0,checkout_abandoned,0
5000,3,0,2,0,8,1,temporary,1
5000,2,2,2,5,1,1,temporary,1
10885,1,3,1,1,19,1,network_error,1
5000,3,1,0,0,13,1,temporary,1
5000,2,2,2,0,0,1,temporary,0
5781,3,0,1,5,5,0,insufficient_funds,0
5000,1,0,1,0,18,0,card_declined,1
5000,3,0,0,0,17,0,card_declined,0
5000,1,1,1,10,12,0,insufficient_funds,1
13280,3,1,1,0,17,0,checkout_abandoned,0
5000,2,4,2,30,23,1,network_error,1
5000,3,0,0,2,6,0,card_declined,0
5000,2,2,3,2,4,0,insufficient_funds,0
12599,1,2,1,5,18,1,temporary,0
5000,1,0,0,0,9,0,card_declined,1
5000,2,0,0,5,15,0,card_declined,0
5389,1,1,2,0,12,1,network_error,1
5000,2,2,1,0,22,0,insufficient_funds,1
5000,1,1,0,2,1,1,network_error,0
5000,2,1,1,1,19,1,network_error,1
5000,1,1,1,30,22,0,insufficient_funds,1
19097,1,2,0,0,18,0,card_declined,1
5000,2,1,1,0,23,1,temporary,0
7833,2,5,2,0,3,0,insufficient_funds,0
5000,2,0,1,30,23,1,network_error,1
10504,2,3,1,1,23,0,insufficient_funds,0
5000,2,4,0,30,22,0,card_declined,0
5111,2,3,2,2,19,1,network_error,0
5181,2,2,2,10,8,1,temporary,1
50402,3,2,2,10,20,1,network_error,0
9231,2,1,0,0,0,0,insufficient_funds,0
5000,2,1,3,30,18,0,insufficient_funds,0
9750,3,1,0,2,4,0,checkout_abandoned,0
41696,2,3,1,2,20,1,network_error,1
5000,3,2,0,0,4,0,checkout_abandoned,0
5000,2,1,1,10,14,0,insufficient_funds,0
5000,1,2,1,0,3,1,network_error,0
5000,2,1,1,0,0,1,network_error,0
5000,3,3,2,0,0,0,card_declined,0
5000,1,0,0,10,11,0,insufficient_funds,0
20009,1,1,1,10,20,0,card_declined,0
5000,2,1,2,0,5,1,temporary,0
5000,3,0,0,2,5,0,insufficient_funds,0
13986,2,1,0,1,7,0,card_declined,0
5000,2,6,1,2,4,1,temporary,1
5000,2,1,1,0,6,1,temporary,1
5000,2,2,1,1,8,0,card_declined,0
5000,1,1,1,1,15,0,card_declined,0
5000,2,4,0,0,14,1,temporary,1
6034,3,2,0,5,18,0,insufficient_funds,1
5000,3,1,0,1,8,0,insufficient_funds,0
11081,3,2,0,0,20,0,card_declined,0
5516,1,2,2,10,17,1,temporary,1
5942,2,1,1,10,20,1,temporary,0
20766,1,1,0,0,17,1,temporary,0
5000,1,2,0,30,0,0,checkout_abandoned,1
5000,3,4,1,0,5,1,network_error,0
5000,2,1,0,2,18,1,temporary,1
5000,1,1,0,5,3,1,network_error,1
5000,3,2,1,0,22,0,insufficient_funds,0
5000,3,1,0,0,6,1,network_error,0
5000,2,3,1,5,18,0,insufficient_funds,1
5000,3,0,1,0,6,1,temporary,0
7043,3,3,2,0,2,0,checkout_abandoned,0
5632,2,2,3,5,6,0,card_declined,0
16310,3,2,0,0,22,0,checkout_abandoned,0
34734,1,3,3,2,12,0,insufficient_funds,0
10502,2,3,1,0,12,1,temporary,1
19585,2,1,0,0,13,0,insufficient_funds,1
10580,3,1,2,1,13,0,checkout_abandoned,0
27170,2,2,0,5,17,0,card_declined,1
31283,2,0,0,0,6,1,temporary,0
12722,1,1,1,5,0,0,card_declined,1
9960,2,1,2,0,20,0,card_declined,0
5000,1,0,1,30,8,0,insufficient_funds,0
5000,2,2,0,1,21,1,temporary,1
5000,2,1,1,1,14,0,insufficient_funds,0
9147,3,1,0,10,19,1,network_error,0
5000,2,4,1,0,17,1,network_error,1
5000,1,2,1,10,4,0,insufficient_funds,0
5000,2,3,1,0,4,0,card_declined,0
27531,1,1,0,10,3,0,checkout_abandoned,0
5000,2,1,0,0,5,1,network_error,1
7751,1,2,0,0,23,1,network_error,0
21116,1,0,0,0,0,0,checkout_abandoned,0
6636,3,2,0,10,20,0,card_declined,1
20834,1,1,1,0,9,1,network_error,1
5000,2,1,0,5,20,0,checkout_abandoned,0
54034,3,5,1,2,20,1,temporary,0
14575,2,2,1,0,18,0,card_declined,0
6058,3,1,2,10,7,1,network_error,0
20436,2,1,2,1,2,0,checkout_abandoned,0
5000,3,0,0,10,12,1,temporary,0
5000,2,2,0,0,12,1,network_error,1
20832,1,3,1,10,6,1,temporary,1
5000,3,2,1,1,2,1,temporary,1
8608,3,4,0,1,11,1,network_error,1
8368,3,5,0,10,10,0,card_declined,1
35214,1,0,1,0,4,0,card_declined,0
5000,3,3,0,1,3,0,card_declined,0
24578,2,2,2,0,11,0,checkout_abandoned,0
5000,3,3,2,0,11,0,checkout_abandoned,0
5000,3,2,1,0,12,1,network_error,0
5000,1,4,1,5,16,1,temporary,1
5000,2,3,0,10,15,0,insufficient_funds,1
7357,1,1,0,10,20,1,temporary,0
5000,1,2,1,30,21,0,insufficient_funds,1
10303,2,3,1,2,1,1,temporary,1
5000,2,1,0,0,8,1,temporary,1
5000,2,0,0,1,21,0,insufficient_funds,1
5000,3,1,0,2,22,0,insufficient_funds,0
6882,1,2,0,10,4,1,network_error,1
5000,1,3,0,1,5,1,network_error,1
5085,3,4,2,0,22,1,temporary,1
9859,1,1,0,10,3,0,checkout_abandoned,1
14507,1,2,3,2,11,0,checkout_abandoned,0
5000,2,2,0,0,20,1,temporary,1
5000,1,2,0,30,1,0,insufficient_funds,0
5303,1,3,0,1,21,0,checkout_abandoned,0
7868,1,2,2,10,18,0,checkout_abandoned,0
5000,2,2,2,5,21,0,card_declined,1
5000,3,2,1,0,1,1,temporary,1
5000,3,3,2,30,4,0,card_declined,0
5000,3,6,0,30,15,1,network_error,1
5000,3,1,1,30,8,1,network_error,0
9967,2,5,1,0,19,0,insufficient_funds,0
5000,2,2,0,0,0,0,card_declined,1
5000,3,0,0,2,11,1,temporary,0
5000,1,4,1,0,4,0,insufficient_funds,0
5000,3,4,0,2,16,0,checkout_abandoned,0
5000,3,5,1,5,14,1,temporary,0
5000,2,0,1,0,13,0,checkout_abandoned,0
5000,2,3,1,10,14,1,temporary,1
5000,3,2,0,0,1,0,card_declined,0
5720,3,2,1,2,6,1,temporary,0
5000,1,6,0,2,16,0,checkout_abandoned,1
21543,3,1,0,0,6,0,insufficient_funds,1
8008,2,0,2,0,22,0,checkout_abandoned,0
5000,1,0,0,2,1,1,temporary,1
5401,1,1,0,1,8,0,insufficient_funds,0
5563,3,3,1,1,8,0,checkout_abandoned,1
16559,2,3,1,5,3,1,temporary,1
5000,1,2,1,5,23,0,checkout_abandoned,1
10586,2,1,1,5,6,1,temporary,0
5124,2,1,0,5,21,1,temporary,1
21841,1,2,0,10,15,1,network_error,1
17870,2,2,2,0,13,0,checkout_abandoned,0
5984,2,4,2,30,23,0,checkout_abandoned,1
5000,3,2,0,1,0,0,card_declined,0
8156,2,3,0,30,19,0,card_declined,0
5000,1,0,1,5,20,1,temporary,1
26378,2,0,0,1,18,0,checkout_abandoned,1
5315,3,2,0,0,13,1,temporary,0
5000,1,0,0,0,8,0,insufficient_funds,0
5000,3,2,0,2,3,1,network_error,1
5000,1,3,0,5,14,0,checkout_abandoned,1
8574,2,3,0,0,10,1,temporary,1
5000,2,3,1,30,9,1,network_error,1
14737,3,2,0,0,23,0,insufficient_funds,0
5000,3,3,0,10,1,0,insufficient_funds,0
5581,3,2,1,10,5,1,temporary,1
15525,3,0,0,5,11,1,temporary,1
5000,3,2,0,30,23,1,network_error,0
36984,1,3,0,10,13,0,insufficient_funds,0
5000,2,5,2,0,11,0,insufficient_funds,0
5659,3,2,1,1,20,0,card_declined,1
8703,1,1,1,2,17,0,card_declined,1
10159,2,2,0,2,18,1,network_error,0
6463,2,1,1,2,15,0,card_declined,1
13324,3,1,1,0,10,0,insufficient_funds,0
8259,1,0,0,30,13,1,network_error,0
28591,1,1,0,5,11,1,temporary,1
8286,1,3,0,10,11,1,network_error,1
35053,2,1,0,0,19,0,insufficient_funds,1
12101,2,5,0,5,13,0,checkout_abandoned,1
5000,2,3,0,0,6,0,card_declined,0
66909,1,1,1,2,15,0,checkout_abandoned,1
5000,1,1,0,0,8,0,card_declined,1
21928,2,3,0,30,19,0,insufficient_funds,0
5048,1,2,1,2,21,0,card_declined,1
14201,3,1,0,1,14,1,temporary,0
5000,1,1,1,2,18,1,network_error,0
9188,3,1,0,0,3,0,insufficient_funds,0
5000,2,2,3,10,22,0,insufficient_funds,1
23837,3,1,0,0,16,0,insufficient_funds,0
7621,3,3,3,30,21,1,network_error,0
12530,2,1,0,10,18,1,temporary,0
5000,3,3,1,0,18,0,checkout_abandoned,0
5000,1,4,0,2,2,1,network_error,1
7409,1,1,0,0,6,0,insufficient_funds,1
6146,2,3,0,0,8,1,temporary,0
12850,3,2,0,0,12,0,checkout_abandoned,1
5000,3,1,2,10,9,0,checkout_abandoned,0
5160,2,1,1,0,10,0,insufficient_funds,1
16014,1,1,1,30,12,1,network_error,1
5000,3,3,0,5,9,1,temporary,1
8860,2,1,0,1,13,1,network_error,1
5000,1,2,2,5,18,0,card_declined,1
5000,1,3,1,30,15,0,checkout_abandoned,1
6881,3,2,2,0,9,0,insufficient_funds,0
16771,3,4,2,10,23,0,card_declined,0
13893,3,2,1,2,3,0,insufficient_funds,1
5000,1,2,0,30,0,0,insufficient_funds,0
11798,3,4,1,10,8,0,insufficient_funds,0
11708,1,2,0,30,12,1,temporary,1
5000,3,4,1,0,19,0,card_declined,0
5000,3,0,1,1,14,0,checkout_abandoned,1
5000,2,2,1,30,12,0,insufficient_funds,0
11359,1,5,3,0,7,1,network_error,0
5000,3,1,0,0,0,0,card_declined,0
5000,1,0,1,5,9,0,insufficient_funds,0
5000,2,2,0,0,14,1,temporary,1
11291,1,1,0,2,19,1,temporary,1
5000,2,2,3,1,4,0,card_declined,0
6838,3,2,2,1,6,1,temporary,1
16978,3,1,0,0,2,0,card_declined,0
5000,2,4,3,10,16,0,insufficient_funds,1
5000,1,4,2,0,7,0,card_declined,0
5000,3,2,3,0,21,0,checkout_abandoned,0
7184,2,3,0,0,18,1,temporary,1
16969,1,4,0,0,22,0,card_declined,1
5000,3,1,0,0,1,0,checkout_abandoned,0
8688,3,1,1,30,20,0,insufficient_funds,0
13787,1,1,1,2,4,0,checkout_abandoned,1
5000,1,2,0,1,14,0,card_declined,1
5000,1,0,2,0,4,1,temporary,0
7468,2,3,0,5,15,1,network_error,1
6938,1,0,0,0,19,0,checkout_abandoned,1
8798,2,1,2,0,10,1,network_error,0
8615,3,4,2,2,6,0,checkout_abandoned,0
5000,1,1,0,30,11,0,insufficient_funds,1
13230,3,1,0,2,13,0,insufficient_funds,1
15784,1,2,0,1,17,0,checkout_abandoned,1
5919,1,3,0,5,3,0,checkout_abandoned,0
5000,3,4,0,5,1,0,card_declined,0
5000,2,0,0,2,18,0,insufficient_funds,0
5969,3,1,0,0,2,1,temporary,0
5000,2,1,1,30,6,1,temporary,0
5000,2,3,0,0,21,0,checkout_abandoned,1
5000,3,1,0,0,11,1,temporary,1
9020,3,0,2,0,2,1,temporary,0
5801,3,1,3,10,7,1,temporary,0
5000,2,5,0,0,20,1,temporary,1
6984,3,1,0,1,15,0,card_declined,0
5000,1,2,3,0,18,1,temporary,1
8237,2,3,0,30,6,1,temporary,1
5000,1,1,0,0,19,0,checkout_abandoned,1
5000,1,0,1,0,0,1,temporary,0
5000,1,5,0,5,4,1,temporary,1
5000,2,3,1,30,12,0,card_declined,0
5008,3,1,0,0,20,1,network_error,0
5698,2,2,0,10,23,1,network_error,1
5000,3,5,1,1,9,0,card_declined,0
5000,2,2,0,0,19,1,temporary,1
5000,2,1,1,0,6,0,insufficient_funds,0
60338,1,2,2,1,23,0,insufficient_funds,1
5000,3,5,1,0,2,1,temporary,1
5000,1,3,0,0,10,0,card_declined,1
132435,1,2,1,0,0,1,network_error,1
7487,3,3,0,0,13,0,card_declined,0
5000,2,2,0,10,10,0,insufficient_funds,1
11415,1,2,2,1,19,1,network_error,1
5000,2,3,0,10,15,0,insufficient_funds,0
12198,2,0,0,2,8,0,insufficient_funds,1
5000,1,2,0,0,22,0,checkout_abandoned,0
5000,3,3,0,1,2,1,temporary,1
24567,3,2,0,0,1,0,card_declined,0
8659,1,6,2,0,4,0,card_declined,0
13003,2,1,0,10,13,0,checkout_abandoned,1
7592,1,4,1,0,23,1,network_error,0
5000,3,1,0,0,3,1,network_error,1
9057,2,1,0,0,18,0,insufficient_funds,0
16468,1,5,1,0,18,1,network_error,1
5623,2,2,0,0,6,1,temporary,1
29781,2,1,1,30,3,0,card_declined,0
11504,2,1,1,2,18,0,checkout_abandoned,0
6075,3,2,0,10,19,1,network_error,1
6320,2,1,0,0,16,1,temporary,1
5637,2,2,1,2,18,0,card_declined,1
5000,1,2,0,10,11,0,card_declined,0
5000,2,2,0,10,9,1,network_error,1
6131,1,1,3,5,0,0,insufficient_funds,1
5000,3,2,0,10,12,1,temporary,0
6888,1,2,0,30,17,0,card_declined,1
5020,3,1,0,1,4,1,temporary,0
10654,2,1,2,0,6,0,checkout_abandoned,0
9538,3,0,1,0,13,0,card_declined,0
5808,2,3,1,0,6,0,insufficient_funds,0
5000,1,5,0,1,21,0,insufficient_funds,1
29458,3,4,0,0,12,0,insufficient_funds,1
5000,3,4,0,10,10,0,insufficient_funds,1
5000,1,2,2,0,6,0,checkout_abandoned,0
5000,1,1,1,0,21,0,insufficient_funds,1
5000,2,1,0,30,17,1,temporary,0
23018,3,1,0,0,13,1,network_error,1
19654,2,2,0,2,7,0,card_declined,0
7664,1,0,0,2,2,0,checkout_abandoned,1
5000,3,3,2,30,19,0,card_declined,1
9128,2,1,0,1,1,0,checkout_abandoned,1
5291,2,2,2,30,10,0,insufficient_funds,1
5000,2,1,0,5,13,1,network_error,1
6891,1,1,2,1,12,0,checkout_abandoned,0
5000,1,1,1,2,16,0,card_declined,0
6324,2,1,1,1,0,0,card_declined,1
6028,2,0,0,2,5,1,temporary,1
8981,1,1,1,0,0,1,temporary,0
5000,1,2,0,0,6,0,card_declined,1
9997,3,2,0,5,5,0,insufficient_funds,1
5000,1,1,1,30,20,0,checkout_abandoned,0
5000,1,2,0,2,8,0,insufficient_funds,1
5000,2,2,0,0,13,0,card_declined,0
5000,3,0,1,0,4,1,network_error,0
13570,3,0,0,30,18,0,card_declined,0
5000,2,3,0,30,12,1,temporary,1
5000,3,4,0,0,21,0,card_declined,1
17247,2,1,1,10,14,1,temporary,0
5000,3,0,2,5,18,0,insufficient_funds,0
5000,1,4,2,30,19,1,temporary,0
5000,1,0,1,2,1,0,card_declined,0
11304,3,1,1,0,12,1,network_error,0
11461,3,1,0,0,8,0,insufficient_funds,0
10290,3,0,0,10,8,0,insufficient_funds,0
8412,2,1,1,0,9,1,network_error,1
5290,2,0,0,5,22,1,network_error,0
5000,1,3,0,10,23,0,checkout_abandoned,1
5000,2,1,0,0,10,0,checkout_abandoned,0
17852,3,3,0,2,23,0,checkout_abandoned,1
10559,1,4,1,0,6,1,network_error,0
5000,2,0,2,1,17,1,temporary,0
5114,1,4,0,0,1,0,insufficient_funds,1
5000,2,2,1,0,3,1,network_error,0
5000,3,1,1,0,4,1,network_error,1
5870,3,2,0,1,13,0,insufficient_funds,1
5000,2,1,0,5,16,1,temporary,1
5000,3,4,2,0,0,0,checkout_abandoned,0
5000,3,3,2,10,4,1,network_error,0
5000,3,2,1,2,21,1,network_error,1
5000,3,2,0,30,8,0,insufficient_funds,1
5000,2,3,2,5,17,0,insufficient_funds,0
5000,3,4,1,0,0,0,insufficient_funds,0
9421,1,0,1,2,10,0,card_declined,1
5000,3,1,2,5,9,0,insufficient_funds,0
8750,3,3,1,1,18,1,network_error,0
5000,2,2,1,0,15,0,card_declined,0
5000,1,2,0,0,1,1,temporary,0
5508,2,7,3,0,5,0,card_declined,0
5000,3,4,0,1,13,1,network_error,1
8429,1,2,5,10,0,0,checkout_abandoned,0
5000,3,2,1,0,2,0,checkout_abandoned,0
12310,3,2,1,30,20,1,temporary,1
5000,2,4,0,2,0,0,insufficient_funds,0
14221,3,2,0,30,17,1,temporary,0
5000,3,3,0,5,13,1,network_error,1
5000,2,1,1,1,23,0,card_declined,0
7193,3,1,1,0,14,1,network_error,1
15843,3,2,1,5,3,0,checkout_abandoned,0
26019,1,1,1,2,14,1,temporary,1
5122,3,1,1,0,16,0,checkout_abandoned,0
30876,1,2,1,10,7,0,checkout_abandoned,0
5000,2,3,0,5,6,0,insufficient_funds,1
14746,3,1,2,0,9,0,checkout_abandoned,0
5000,3,3,1,0,12,1,network_error,0
7481,1,0,0,5,6,0,insufficient_funds,1
5000,2,1,0,0,17,0,insufficient_funds,1
5000,1,3,0,2,20,1,network_error,1
7837,1,2,0,30,4,1,network_error,0
5000,3,4,0,5,17,1,network_error,1
7532,1,0,1,0,11,1,temporary,0
12166,3,1,0,30,3,0,card_declined,0
5000,2,0,0,30,6,1,temporary,0
5000,1,2,1,1,22,1,network_error,0
5000,3,1,0,0,3,0,checkout_abandoned,1
5000,1,3,1,30,1,1,temporary,1
5000,1,0,0,10,17,0,insufficient_funds,0
5443,1,1,1,30,13,1,network_error,0
5000,3,1,0,30,6,1,temporary,0
26222,2,1,3,1,17,0,card_declined,0
5000,2,3,0,0,12,1,network_error,1
19760,1,2,2,1,5,0,insufficient_funds,0
5000,3,3,0,1,16,0,checkout_abandoned,0
5285,3,1,2,0,20,0,insufficient_funds,0
16044,1,1,2,10,10,0,insufficient_funds,1
15235,3,1,1,10,18,0,insufficient_funds,0
5000,2,1,0,0,3,1,network_error,0
8561,3,3,2,30,1,0,card_declined,0
7488,1,2,3,0,0,0,checkout_abandoned,0
5000,3,3,3,0,8,0,card_declined,0
9099,1,2,0,0,9,0,card_declined,0
31649,2,1,0,0,21,0,insufficient_funds,1
7876,1,0,0,0,23,0,card_declined,0
8659,1,1,2,0,15,1,temporary,0
9625,1,2,0,0,23,0,card_declined,0
5000,3,0,1,0,23,1,temporary,0
7787,1,1,1,0,10,0,insufficient_funds,1
5000,3,1,0,10,6,0,checkout_abandoned,1
5000,2,1,0,0,9,1,network_error,1
42699,1,2,0,30,0,1,network_error,1
5000,2,0,2,30,15,1,temporary,0
5000,2,0,3,0,21,1,network_error,0
15561,1,2,1,0,19,0,insufficient_funds,1
5000,2,1,0,0,6,1,temporary,1
5000,3,3,0,0,13,0,card_declined,0
17137,3,2,0,0,21,0,checkout_abandoned,1
5129,2,2,1,10,17,0,checkout_abandoned,0
5000,3,3,1,0,1,1,temporary,1
8467,3,1,0,10,0,0,checkout_abandoned,1
5000,1,1,0,5,21,0,checkout_abandoned,1
22921,2,4,0,1,21,0,insufficient_funds,0
5000,3,1,1,0,18,0,checkout_abandoned,0
14061,1,2,1,1,12,0,card_declined,1
29018,2,4,1,0,23,0,card_declined,1
5000,3,3,2,0,11,0,insufficient_funds,0
5000,1,4,1,0,14,0,checkout_abandoned,0
7249,3,2,1,30,5,1,temporary,1
5000,3,3,1,30,8,0,insufficient_funds,0
6440,2,0,2,10,3,1,network_error,1
5000,2,3,1,10,12,0,checkout_abandoned,0
5000,2,3,0,0,8,0,insufficient_funds,1
5161,2,4,0,10,17,1,temporary,1
5277,2,2,0,1,22,0,card_declined,1
5789,2,4,0,0,20,0,checkout_abandoned,0
5000,2,2,2,5,13,0,insufficient_funds,1
5000,3,1,0,30,18,0,insufficient_funds,1
5000,3,1,1,10,9,1,temporary,1
5000,2,2,1,0,15,0,checkout_abandoned,0
5000,2,2,2,0,3,0,insufficient_funds,0
6794,1,2,2,0,2,0,checkout_abandoned,0
5000,1,0,1,30,1,0,checkout_abandoned,1
5000,2,2,1,2,7,0,checkout_abandoned,0
5000,1,2,0,10,14,0,insufficient_funds,1
5000,3,3,1,0,11,0,card_declined,0
25064,1,3,0,2,22,1,temporary,1
5008,1,1,1,0,1,1,temporary,1
5865,1,3,0,2,10,0,insufficient_funds,1
5000,1,2,2,5,9,0,checkout_abandoned,0
5000,2,2,3,2,5,0,checkout_abandoned,0
5000,3,1,2,0,12,0,checkout_abandoned,0
5000,3,5,1,10,9,1,temporary,1
5000,1,2,1,30,5,0,card_declined,0
5000,1,1,2,2,12,0,insufficient_funds,1
5000,2,1,0,0,5,0,insufficient_funds,0
5000,1,1,0,10,18,0,card_declined,1
21246,3,1,0,2,8,0,checkout_abandoned,1
11275,1,0,4,10,10,1,network_error,0
18380,2,6,0,2,4,0,checkout_abandoned,1
19687,2,3,0,5,22,0,card_declined,1
9633,2,5,0,10,4,0,insufficient_funds,1
5000,2,3,2,0,15,0,card_declined,0
5000,3,3,1,0,15,1,network_error,0
15471,2,4,1,1,2,0,card_declined,1
5242,2,3,0,5,3,0,card_declined,1
59517,3,1,2,0,2,0,insufficient_funds,0
5000,3,2,1,1,22,1,temporary,1
35344,3,1,3,0,13,1,temporary,1
5000,1,0,1,5,3,1,network_error,1
18695,3,0,1,5,19,1,network_error,1
26814,3,5,0,2,22,0,insufficient_funds,0
5000,3,2,1,2,12,0,insufficient_funds,1
5000,3,1,2,30,13,1,temporary,0
5000,2,1,0,0,19,1,temporary,1
5000,3,1,0,5,10,0,checkout_abandoned,0
9576,2,1,1,2,1,0,insufficient_funds,1
5000,3,2,0,1,17,0,checkout_abandoned,1
5178,2,3,2,0,7,0,insufficient_funds,0
8571,3,3,0,30,15,0,card_declined,0
5000,3,5,0,30,1,1,network_error,1
17796,3,2,0,0,8,0,checkout_abandoned,1
5000,1,1,3,5,8,0,checkout_abandoned,0
8369,3,1,1,0,7,0,card_declined,1
9142,1,2,1,0,13,0,card_declined,0
19356,3,3,1,30,10,1,network_error,0
5000,1,3,1,10,22,0,checkout_abandoned,1
5000,1,3,1,0,17,1,temporary,1
5203,2,4,1,0,11,1,temporary,0
6007,2,5,1,0,6,0,checkout_abandoned,1
5000,3,3,1,0,9,0,checkout_abandoned,0
5695,2,2,2,0,7,1,network_error,1
5000,1,2,2,1,16,0,card_declined,0
5000,2,0,2,5,22,1,network_error,1
9618,2,1,1,0,17,0,checkout_abandoned,0
5000,2,1,3,30,22,1,temporary,0
5000,2,1,1,10,4,0,card_declined,0
5000,3,1,0,5,2,0,card_declined,0
16906,3,2,1,30,16,0,checkout_abandoned,0
5000,1,1,0,0,23,0,card_declined,1
5319,1,5,1,10,12,1,network_error,1
5000,1,2,2,1,10,0,card_declined,1
7807,1,1,2,0,12,0,insufficient_funds,0
18945,3,6,0,5,3,0,checkout_abandoned,1
9394,2,2,1,0,23,1,temporary,1
9767,2,4,0,0,1,0,insufficient_funds,1
9011,2,3,1,0,18,0,card_declined,0
5000,3,2,2,10,10,1,temporary,1
5000,3,2,1,0,19,1,network_error,0
5000,2,2,1,10,17,0,card_declined,0
5000,2,4,2,30,19,0,checkout_abandoned,0
5000,2,0,0,1,17,0,checkout_abandoned,0
5000,3,2,2,0,15,0,card_declined,0
5000,3,2,0,10,12,0,insufficient_funds,0
5000,1,4,2,0,0,0,card_declined,0
5000,3,2,0,0,19,0,insufficient_funds,0
5000,2,1,0,5,8,0,checkout_abandoned,1
5318,3,1,2,0,9,1,temporary,1
5000,3,0,2,2,18,0,checkout_abandoned,0
14626,3,1,1,0,1,1,temporary,0
5000,1,1,0,30,4,0,checkout_abandoned,1
9860,1,5,1,0,22,0,card_declined,0
6022,3,3,2,30,22,1,temporary,0
5000,1,1,0,10,22,1,temporary,0
5000,1,1,1,1,0,0,checkout_abandoned,1
5000,1,1,1,5,9,0,insufficient_funds,0
5000,2,3,2,30,13,0,card_declined,1
5000,1,4,5,5,7,0,checkout_abandoned,0
7200,1,0,1,30,2,0,checkout_abandoned,1
5000,2,2,3,30,0,1,temporary,1
5000,2,1,1,10,18,0,card_declined,0
8711,2,2,0,30,19,0,insufficient_funds,0
12180,3,2,1,30,14,0,insufficient_funds,1
5000,3,0,2,0,2,0,card_declined,0
5002,1,0,3,2,9,1,network_error,1
5908,3,0,0,5,11,1,network_error,1
23089,1,2,1,0,2,1,temporary,1
5000,2,2,1,5,4,0,card_declined,0
5000,2,2,2,10,10,0,card_declined,0
81183,3,3,0,5,6,0,checkout_abandoned,0
5000,1,2,1,0,8,1,temporary,1
5000,3,3,1,1,5,0,card_declined,1
5000,2,2,0,30,4,0,insufficient_funds,0
5000,3,6,0,0,23,0,card_declined,0
6253,3,2,0,2,4,1,temporary,1
11045,2,2,0,10,14,0,insufficient_funds,0
5000,1,3,0,1,20,1,temporary,1
5000,3,0,0,0,6,0,insufficient_funds,1
12377,2,2,2,10,7,1,network_error,1
5000,2,5,1,0,13,0,insufficient_funds,1
5000,2,3,0,1,2,1,temporary,1
5000,1,1,0,10,15,0,insufficient_funds,0
5000,1,1,1,0,3,1,temporary,1
5000,3,4,3,5,18,1,network_error,0
5000,1,0,0,10,15,0,insufficient_funds,0
6089,2,3,1,30,9,1,network_error,1
5000,3,1,1,0,8,0,card_declined,0
8511,1,2,0,0,4,0,card_declined,0
6005,2,3,1,10,1,1,network_error,0
6043,3,1,0,0,23,0,card_declined,1
5000,3,3,1,30,1,1,network_error,0
8043,1,3,0,5,4,0,card_declined,0
5000,2,1,0,1,1,0,insufficient_funds,1
5000,1,0,1,0,11,0,insufficient_funds,1
14020,2,4,2,5,17,1,network_error,1
5000,1,2,3,10,6,0,insufficient_funds,0
18980,3,0,1,0,20,0,insufficient_funds,1
20836,1,1,2,0,14,0,card_declined,0
10433,3,2,1,10,20,0,insufficient_funds,0
5000,2,1,0,1,9,0,card_declined,0
5000,3,1,1,1,13,1,temporary,0
14455,1,0,0,0,5,0,card_declined,0
5493,1,1,0,0,9,0,checkout_abandoned,0
5000,2,2,1,2,21,0,card_declined,1
15891,3,2,0,30,7,0,card_declined,1
5000,3,1,2,0,9,0,insufficient_funds,0
5000,3,0,0,1,17,0,checkout_abandoned,0
8307,2,2,0,5,6,0,card_declined,0
5000,3,2,0,10,19,1,network_error,0
5000,2,3,0,1,6,0,insufficient_funds,1
14605,3,3,0,1,22,0,insufficient_funds,0
6069,3,2,2,10,16,0,insufficient_funds,1
17110,3,0,1,30,23,0,insufficient_funds,0
15269,2,4,0,10,13,0,checkout_abandoned,1
5000,2,4,1,5,16,1,network_error,0
5000,2,3,1,5,16,1,network_error,1
5000,3,0,1,5,4,0,checkout_abandoned,1
10544,3,1,0,2,0,1,temporary,1
5000,3,0,0,0,23,0,checkout_abandoned,0
5000,3,2,0,30,14,1,network_error,0
6894,3,3,0,5,2,0,insufficient_funds,0
21366,3,3,0,0,14,0,checkout_abandoned,0
5000,3,1,1,2,6,0,checkout_abandoned,0
5000,3,3,1,0,8,0,insufficient_funds,1
5000,1,1,2,5,19,1,network_error,0
6980,3,3,0,1,13,1,network_error,1
5000,2,1,2,10,12,0,insufficient_funds,0
14034,3,1,1,0,13,0,insufficient_funds,0
5000,2,2,0,5,5,1,network_error,1
5542,2,1,2,0,18,0,card_declined,1
7671,3,2,0,1,12,0,checkout_abandoned,0
5000,2,2,2,0,9,1,temporary,1
11381,3,4,0,10,18,0,card_declined,1
5704,1,0,1,0,14,0,card_declined,0
10816,3,2,2,5,6,0,checkout_abandoned,1
5967,2,2,1,0,18,1,network_error,1
7160,3,0,0,10,12,1,temporary,1
5000,1,5,3,1,2,0,card_declined,1
5000,2,1,1,30,6,1,network_error,1
16720,2,4,2,1,17,0,checkout_abandoned,0
9279,1,1,0,0,9,0,insufficient_funds,1
5000,2,1,0,5,16,1,network_error,0
5889,2,1,1,1,5,1,network_error,1
5000,3,1,1,0,22,1,temporary,1
5000,3,0,1,0,16,1,temporary,0
12849,2,1,0,1,5,0,card_declined,0
5000,2,2,0,5,7,0,insufficient_funds,1
5529,1,4,0,30,7,0,insufficient_funds,1
5000,3,2,1,1,12,1,temporary,0
5000,3,4,0,30,8,1,temporary,1
6893,3,2,1,5,19,0,card_declined,0
7826,2,2,1,2,4,1,temporary,1
12866,2,2,2,0,3,0,checkout_abandoned,0
5000,3,1,0,10,1,0,card_declined,1
5000,3,0,0,2,15,0,card_declined,0
5000,1,3,0,10,21,0,insufficient_funds,1
5000,2,2,2,0,7,0,card_declined,0
5000,2,4,5,30,19,1,temporary,1
5000,2,5,1,0,11,1,network_error,1
5000,2,2,0,1,6,1,network_error,1
22218,1,6,0,2,17,1,temporary,1
5000,2,1,1,0,0,0,card_declined,0
6123,1,2,1,5,22,1,temporary,0
5000,1,3,1,0,23,1,temporary,1
5000,1,2,2,2,20,0,checkout_abandoned,1
12532,2,2,0,2,21,1,temporary,1
5000,2,6,0,5,21,1,temporary,1
5000,2,0,0,10,10,0,card_declined,0
5000,1,0,0,0,1,0,checkout_abandoned,0
6188,3,2,0,10,13,1,network_error,1
5000,2,1,1,5,10,1,network_error,1
5000,2,2,0,30,19,0,insufficient_funds,0
5000,2,1,2,1,19,0,checkout_abandoned,0
5000,2,3,1,2,19,1,network_error,1
5000,2,2,2,0,19,1,temporary,1
12965,3,0,2,0,20,1,network_error,0
5000,3,0,1,10,10,0,checkout_abandoned,0
6640,3,1,0,10,15,1,network_error,1
5757,2,0,1,30,6,0,checkout_abandoned,0
12841,2,0,0,10,14,0,card_declined,0
5000,1,3,0,0,13,0,card_declined,0
10841,2,0,1,0,1,0,insufficient_funds,0
5000,3,1,0,0,17,0,checkout_abandoned,0
7588,1,4,0,2,16,0,insufficient_funds,1
5000,3,2,1,10,16,1,network_error,0
5000,3,1,1,10,5,1,network_error,1
7169,2,2,2,30,6,1,temporary,0
7564,2,2,0,0,0,0,card_declined,0
7906,3,1,0,1,0,0,checkout_abandoned,0
5000,1,0,0,2,17,1,network_error,1
21801,1,0,1,10,21,1,network_error,1
5000,1,1,1,30,9,0,checkout_abandoned,1
7486,3,1,0,0,10,1,temporary,1
8907,2,0,2,0,9,1,network_error,1
27412,1,3,1,0,19,1,network_error,1
5000,1,3,1,0,20,0,checkout_abandoned,1
5000,2,1,0,0,20,0,checkout_abandoned,0
5000,2,2,1,2,2,0,checkout_abandoned,0
23210,1,4,1,5,22,0,checkout_abandoned,0
7490,1,2,0,1,0,1,temporary,1
7731,3,3,1,2,8,1,temporary,0
110935,3,2,0,5,6,0,checkout_abandoned,1
6802,1,0,0,5,15,1,network_error,1
5000,2,3,0,30,6,1,temporary,0
5000,1,2,0,0,14,0,card_declined,1
5000,2,0,0,30,21,0,checkout_abandoned,0
5000,1,1,1,0,3,0,insufficient_funds,1
5000,3,4,0,0,21,0,card_declined,1
5000,3,1,1,2,10,1,temporary,0
5000,3,2,4,1,14,0,insufficient_funds,1
24161,1,1,1,2,10,1,temporary,1
6626,3,2,1,30,4,1,temporary,0
5000,2,0,1,1,4,0,insufficient_funds,1
10484,1,2,1,10,1,1,temporary,0
7871,1,1,2,5,8,1,temporary,0
6474,3,3,0,0,2,0,checkout_abandoned,1
9749,3,2,3,1,10,0,card_declined,0
5619,3,4,1,0,11,0,insufficient_funds,0
9606,1,2,0,10,19,0,insufficient_funds,1
10436,2,1,1,0,17,0,checkout_abandoned,0
5783,3,4,0,10,20,0,insufficient_funds,1
5000,1,0,1,0,0,0,insufficient_funds,0
22706,1,4,0,0,17,0,card_declined,1
5000,1,1,2,10,6,1,temporary,0
7268,1,1,1,30,19,0,insufficient_funds,0
7434,3,0,0,0,21,0,card_declined,0
5000,1,2,2,1,2,0,card_declined,0
5000,1,2,0,30,12,1,network_error,0
5000,1,3,1,1,13,0,checkout_abandoned,0
5000,3,3,0,0,6,0,insufficient_funds,1
5000,2,3,2,5,6,0,card_declined,0
5000,3,0,0,10,3,1,temporary,0
6413,1,2,1,30,10,0,card_declined,1
17429,2,4,0,30,16,1,network_error,1
8556,3,1,1,0,16,0,card_declined,0
5000,3,4,1,10,18,1,temporary,0
9332,2,2,0,0,22,0,card_declined,0
5000,1,2,0,10,15,0,checkout_abandoned,0
7731,1,1,2,10,8,1,network_error,0
5000,2,1,1,0,6,0,card_declined,0
5000,2,4,2,1,13,0,card_declined,1
5000,1,1,0,10,10,0,checkout_abandoned,0
5000,1,0,0,10,2,0,checkout_abandoned,0
18852,2,1,0,10,9,0,checkout_abandoned,0
5000,1,5,1,0,16,0,card_declined,0
14552,2,3,1,0,4,0,card_declined,0
12580,1,1,0,30,5,0,insufficient_funds,1
9576,1,4,0,10,6,1,temporary,0
5000,1,0,0,0,11,0,insufficient_funds,0
15012,2,4,1,2,19,1,network_error,1
5000,1,2,0,30,7,0,card_declined,0
10054,2,2,0,0,3,0,insufficient_funds,1
5000,3,1,1,10,1,0,card_declined,1
5000,3,3,0,1,14,1,network_error,1
35468,3,2,0,30,17,1,temporary,1
5000,3,0,0,1,2,0,card_declined,1
15461,3,0,2,0,14,1,temporary,0
5532,3,1,0,30,21,0,checkout_abandoned,0
5000,1,2,1,0,19,0,checkout_abandoned,0
5000,2,1,2,0,22,0,insufficient_funds,0
5000,3,2,0,0,22,1,network_error,0
5000,3,5,1,1,18,0,insufficient_funds,1
5000,2,4,2,10,9,0,card_declined,0
5000,1,2,0,0,16,1,network_error,1
12398,1,1,1,0,18,0,card_declined,0
6337,2,2,0,1,18,1,temporary,1
5000,3,2,1,2,7,1,temporary,1
11515,2,5,1,10,10,1,network_error,1
5000,1,3,1,0,10,1,temporary,1
5000,3,0,2,0,19,0,checkout_abandoned,0
10370,2,2,2,5,20,0,checkout_abandoned,1
5000,2,2,0,1,23,1,network_error,1
5000,3,2,2,5,21,1,network_error,0
31188,2,2,1,1,2,0,insufficient_funds,0
5000,2,3,0,0,9,1,network_error,1
5000,3,0,1,10,9,0,insufficient_funds,0
5000,2,1,1,5,19,1,temporary,0
15993,2,1,0,0,0,0,card_declined,0
5000,2,0,1,0,18,1,temporary,0
5000,3,1,5,0,21,0,insufficient_funds,0
5000,1,3,1,30,4,0,insufficient_funds,0
18523,1,2,2,0,8,0,card_declined,0
11295,3,0,1,30,15,0,checkout_abandoned,1
5000,2,1,1,1,14,0,insufficient_funds,0
19404,1,2,0,0,11,1,network_error,1
10383,2,2,1,0,7,0,card_declined,0
5000,1,1,3,0,1,0,card_declined,0
5000,2,3,1,0,5,0,insufficient_funds,1
6831,1,3,1,2,13,0,insufficient_funds,1
5000,2,0,1,30,5,0,insufficient_funds,0
5000,3,2,1,10,23,1,temporary,0
6690,1,1,1,0,4,1,temporary,1
5000,3,3,1,30,18,1,network_error,1
5000,1,1,0,30,7,1,temporary,0
5000,2,3,0,1,4,0,card_declined,1
13740,3,1,1,1,4,1,network_error,0
5000,3,4,1,1,5,0,insufficient_funds,0
5000,1,0,0,1,23,0,insufficient_funds,1
5000,1,3,0,0,7,0,checkout_abandoned,0
12836,3,2,0,30,7,1,temporary,0
5000,3,1,1,0,0,0,card_declined,0
29616,2,0,0,0,7,0,insufficient_funds,1
9530,1,3,1,30,1,1,network_error,1
5000,2,3,1,0,4,0,checkout_abandoned,0
6245,2,1,1,30,17,0,insufficient_funds,0
5000,2,2,2,0,15,0,card_declined,0
11607,1,3,0,1,13,1,temporary,1
5000,1,6,0,2,5,0,card_declined,0
5000,3,0,0,0,16,1,temporary,1
7751,1,0,0,2,3,1,network_error,1
16743,3,0,0,2,17,1,network_error,0
5000,2,0,0,10,16,1,temporary,0
19428,2,3,0,1,1,1,temporary,1
5000,3,1,0,30,14,0,checkout_abandoned,1
5000,1,1,0,10,22,0,card_declined,0
5000,3,2,0,10,14,1,temporary,0
5000,1,0,1,5,23,1,network_error,1
5000,2,3,0,0,20,0,card_declined,0
5000,2,0,1,5,0,0,checkout_abandoned,1
9257,2,2,0,5,21,0,card_declined,1
5000,1,4,1,0,1,1,temporary,1
5000,3,0,1,5,4,0,card_declined,0
5000,1,1,2,2,19,0,insufficient_funds,1
5082,2,5,0,5,11,1,temporary,1
6190,2,1,0,5,14,0,insufficient_funds,0
5000,2,2,0,5,6,1,network_error,1
12105,2,1,2,5,23,0,checkout_abandoned,0
5000,3,1,1,0,2,0,card_declined,0
5000,3,2,1,5,5,0,card_declined,0
5000,1,0,1,0,20,0,insufficient_funds,1
14397,2,2,2,30,19,0,checkout_abandoned,0
5000,2,1,2,10,6,1,temporary,1
5000,2,2,1,0,12,1,network_error,0
12408,3,3,0,0,0,1,temporary,1
41887,2,2,0,0,13,1,temporary,1
6061,2,0,0,5,20,0,card_declined,0
16879,1,2,0,0,5,0,card_declined,1
13850,2,2,1,0,22,0,insufficient_funds,0
5000,2,1,0,5,14,0,insufficient_funds,1
5047,2,2,1,1,1,0,checkout_abandoned,1
5000,3,3,2,0,9,1,network_error,0
5000,1,0,0,0,4,0,card_declined,1
5000,1,2,2,2,5,1,temporary,1
5000,2,5,1,0,1,0,card_declined,1
5000,1,5,2,0,20,1,temporary,1
5000,3,1,2,1,16,0,checkout_abandoned,0
8368,3,0,1,30,5,0,card_declined,0
5000,2,1,0,2,2,1,temporary,1
5000,2,1,2,2,7,1,network_error,1
5000,1,3,1,0,6,0,insufficient_funds,1
5000,2,2,1,0,2,0,insufficient_funds,0
6273,3,3,2,5,2,0,insufficient_funds,1
8130,3,4,0,1,16,0,insufficient_funds,1
6352,3,2,1,0,18,0,checkout_abandoned,0
5000,2,1,1,0,6,0,checkout_abandoned,0
6290,2,2,3,0,9,0,card_declined,0
5000,1,4,1,10,22,0,checkout_abandoned,1
5000,3,1,0,30,8,0,insufficient_funds,0
10320,3,1,2,30,17,1,temporary,0
11136,2,5,0,10,20,0,insufficient_funds,1
12694,3,0,1,10,21,1,network_error,0
5000,1,2,0,1,23,0,checkout_abandoned,1
15984,1,3,2,1,4,1,network_error,1
5000,2,1,1,0,22,0,card_declined,0
9447,1,1,0,30,15,0,checkout_abandoned,1
5000,1,2,1,0,5,0,insufficient_funds,0
5000,3,2,0,0,21,1,temporary,1
5000,2,2,0,1,9,0,checkout_abandoned,1
5000,2,2,1,5,23,0,card_declined,1
5383,3,2,0,30,11,0,card_declined,1
5000,2,3,2,2,15,1,temporary,0
28458,2,0,1,10,11,1,temporary,0
5000,2,1,1,1,22,0,card_declined,0
5000,2,4,0,30,11,1,network_error,1
5000,3,1,0,0,3,1,temporary,1
5000,2,1,1,1,21,1,temporary,1
13786,2,0,0,0,0,0,insufficient_funds,1
21547,2,5,0,0,18,0,card_declined,1
5000,1,0,0,10,11,0,card_declined,0
5000,1,2,0,5,16,0,card_declined,1
5000,1,3,0,5,7,0,checkout_abandoned,0
18147,1,5,3,0,5,0,card_declined,0
15078,2,2,0,30,22,0,checkout_abandoned,0
5000,3,1,0,30,4,1,network_error,1
5000,3,4,1,5,0,0,insufficient_funds,1
5000,3,1,2,1,9,0,insufficient_funds,0
5829,2,3,0,0,7,1,network_error,1
8512,1,0,1,1,14,1,temporary,1
5000,2,2,1,0,8,1,temporary,1
5000,3,1,0,5,8,0,insufficient_funds,0
24792,3,3,1,5,17,1,temporary,1
5000,3,3,1,0,18,0,insufficient_funds,1
21799,2,3,0,0,0,0,insufficient_funds,0
9405,2,2,0,5,4,0,insufficient_funds,1
5000,2,4,1,0,20,1,temporary,1
5000,1,2,0,10,21,1,temporary,1
5000,1,1,0,1,22,1,network_error,1
5000,1,2,1,5,8,0,card_declined,1
5000,3,0,2,5,11,1,temporary,0
22176,1,2,1,2,3,0,card_declined,1
5000,3,2,1,5,2,1,temporary,1
14449,2,3,1,2,14,1,temporary,0
5000,3,2,0,0,1,1,network_error,1
5000,1,0,0,0,3,0,card_declined,1
8620,1,2,0,30,6,0,card_declined,1
5000,1,5,0,0,1,0,insufficient_funds,1
8672,2,2,1,30,3,1,temporary,1
5000,2,2,0,2,0,1,temporary,1
7628,1,2,0,10,12,0,checkout_abandoned,0
5000,3,1,2,0,14,0,card_declined,0
5000,3,5,0,0,9,0,insufficient_funds,0
11547,1,2,2,1,9,0,insufficient_funds,1
9157,1,1,1,10,4,1,network_error,1
5000,3,3,0,5,20,1,temporary,1
5000,2,0,1,2,19,0,checkout_abandoned,0
5000,3,3,1,0,10,0,insufficient_funds,1
5920,3,0,1,0,14,0,card_declined,0
5000,3,1,0,0,22,0,checkout_abandoned,0
5000,1,3,0,5,15,0,card_declined,0
6710,2,3,0,30,12,1,temporary,1
5000,2,6,1,30,16,0,insufficient_funds,0
8310,3,0,0,10,19,0,checkout_abandoned,0
6147,1,3,1,1,20,1,network_error,1
5000,1,4,2,5,4,1,temporary,0
5000,2,4,0,0,16,0,checkout_abandoned,1
5616,3,3,4,0,21,1,temporary,0
5000,3,4,0,0,3,1,temporary,0
5000,2,4,1,30,23,0,checkout_abandoned,1
7935,2,1,0,2,9,1,network_error,1
20278,1,7,2,30,21,0,insufficient_funds,1
5000,3,1,0,10,12,0,card_declined,0
8553,1,0,0,5,11,0,checkout_abandoned,0
5000,1,1,0,0,4,0,checkout_abandoned,1
6282,2,5,2,0,19,0,card_declined,0
5000,2,1,1,0,22,0,insufficient_funds,1
16801,2,4,1,10,22,1,temporary,1
5000,3,1,1,30,6,0,checkout_abandoned,0
5000,1,1,1,5,15,0,checkout_abandoned,1
14169,3,5,3,30,18,1,network_error,0
5000,1,2,0,0,22,0,card_declined,1
5000,1,2,0,30,22,0,checkout_abandoned,1
63046,1,0,1,0,15,1,network_error,1
5000,3,2,1,0,6,1,temporary,0
5000,3,3,1,10,4,0,checkout_abandoned,0
6951,3,1,0,30,10,1,temporary,1
6422,1,1,2,0,15,1,temporary,0
5000,3,4,1,0,5,0,card_declined,0
5000,1,2,0,10,15,0,card_declined,0
5000,2,4,1,2,19,1,network_error,1
5000,3,3,2,1,13,0,checkout_abandoned,1
42201,1,1,0,1,19,1,temporary,1
5000,1,0,0,0,7,0,checkout_abandoned,0
8927,1,4,3,30,21,0,insufficient_funds,0
5000,3,2,2,2,23,1,network_error,0
5000,2,3,0,0,1,0,card_declined,1
5000,1,4,0,30,6,1,temporary,0
5000,2,0,0,30,17,0,checkout_abandoned,0
5000,3,5,0,0,18,0,insufficient_funds,1
5000,1,1,0,30,13,0,checkout_abandoned,0
15859,2,3,1,30,13,1,temporary,0
5000,1,2,0,30,10,0,checkout_abandoned,0
5000,1,0,1,0,13,0,checkout_abandoned,0
5000,2,3,0,0,21,0,card_declined,1
20796,2,2,1,10,1,0,insufficient_funds,1
5000,2,1,0,1,20,1,network_error,1
8623,1,2,0,1,1,0,card_declined,1
12966,2,1,0,0,16,0,checkout_abandoned,1
5000,2,0,0,1,8,0,checkout_abandoned,1
5000,2,3,2,1,4,1,network_error,1
5000,2,3,0,1,0,0,card_declined,1
11611,1,3,0,0,6,1,network_error,0
5000,1,2,2,0,0,1,network_error,1
7273,3,1,1,5,3,0,insufficient_funds,1
5510,2,1,1,0,9,0,card_declined,1
7166,2,0,1,10,6,0,insufficient_funds,0
7876,3,2,2,0,10,0,checkout_abandoned,1
5000,1,1,0,30,18,1,temporary,0
5000,3,0,1,2,0,0,card_declined,0
10045,2,0,2,1,8,1,temporary,0
5000,3,3,1,10,9,1,temporary,1
5000,2,0,0,1,6,1,temporary,1
9402,2,1,0,0,12,1,network_error,1
5000,2,2,0,2,5,1,temporary,1
7841,1,3,0,1,5,0,insufficient_funds,1
19787,2,0,2,30,1,1,network_error,1
5000,3,2,3,2,17,1,network_error,0
13303,2,2,0,0,8,0,checkout_abandoned,0
5731,1,3,1,0,19,0,insufficient_funds,0
24038,3,3,0,0,2,0,insufficient_funds,1
5000,1,2,2,0,5,0,insufficient_funds,0
5000,1,3,3,0,13,1,network_error,0
9635,1,5,0,0,20,0,insufficient_funds,1
5000,1,2,2,10,4,1,temporary,0
15556,1,2,1,1,7,0,card_declined,1
5000,1,1,2,1,6,0,checkout_abandoned,1
38924,3,1,0,1,0,1,network_error,0
41035,2,0,0,30,11,0,insufficient_funds,0
6516,1,3,0,5,16,1,temporary,0
8540,2,1,0,30,9,0,card_declined,0
16182,3,4,1,2,16,1,temporary,1
5000,3,6,1,30,7,0,checkout_abandoned,0
5000,1,2,0,30,13,0,card_declined,1
17264,1,3,0,2,22,0,checkout_abandoned,0
6463,3,1,0,1,3,0,checkout_abandoned,1
5000,2,2,0,30,1,1,temporary,1
5000,3,2,1,5,2,0,card_declined,0
5000,1,1,1,1,21,0,insufficient_funds,1
5000,1,0,0,0,14,0,card_declined,0
5000,2,2,1,1,22,0,insufficient_funds,0
12308,1,1,0,0,9,0,card_declined,1
13293,3,2,0,1,23,0,checkout_abandoned,1
8748,3,2,1,5,9,0,insufficient_funds,1
7298,1,4,0,5,20,0,card_declined,1
5000,2,3,3,0,13,0,checkout_abandoned,0
8871,2,2,1,0,19,0,insufficient_funds,0
9222,2,2,0,5,19,1,network_error,1
17071,2,4,2,2,5,1,network_error,0
40872,2,3,1,0,18,1,temporary,1
5000,3,3,1,30,4,0,card_declined,0
5000,1,0,1,30,12,0,card_declined,1
5000,1,2,0,0,14,0,card_declined,1
5840,3,0,0,0,1,0,insufficient_funds,0
5000,3,6,1,0,12,1,network_error,1
5000,2,2,0,5,5,1,network_error,1
13733,3,2,0,30,17,0,insufficient_funds,0
5000,1,2,0,1,11,0,insufficient_funds,1
5000,3,3,2,10,2,0,card_declined,0
5000,3,3,0,0,23,0,insufficient_funds,0
5000,1,1,1,0,6,0,checkout_abandoned,0
5000,1,1,0,1,13,0,card_declined,1
5000,2,4,1,1,16,0,insufficient_funds,1
5000,3,3,0,30,19,1,network_error,0
5000,1,1,0,0,14,0,card_declined,0
11775,2,1,1,1,15,1,network_error,1
5000,3,3,1,0,8,0,insufficient_funds,0
14223,1,2,0,1,7,1,network_error,1
5000,2,3,1,0,3,0,checkout_abandoned,0
5000,1,1,1,0,23,0,checkout_abandoned,1
5000,1,3,1,0,20,1,network_error,1
5000,2,5,2,1,5,1,temporary,1
10018,1,0,1,5,19,0,insufficient_funds,1
5000,1,1,1,10,16,0,checkout_abandoned,0
8253,3,1,0,0,3,0,checkout_abandoned,0
5000,1,0,0,10,5,1,network_error,0
10499,3,2,0,0,17,1,temporary,0
5000,1,2,0,0,23,1,temporary,1
11518,2,1,1,0,3,0,card_declined,0
5223,3,4,0,0,22,1,network_error,1
22492,2,1,0,0,10,1,temporary,1
5000,2,4,1,5,21,1,temporary,1
5000,3,6,1,2,11,1,network_error,1
5000,1,0,2,0,6,1,temporary,0
5000,3,1,0,5,9,0,checkout_abandoned,1
5000,3,2,0,0,12,0,checkout_abandoned,0
9150,3,6,0,30,8,1,temporary,1
5000,2,1,0,0,6,0,card_declined,0
5000,2,1,2,0,11,1,temporary,1
5000,2,1,1,5,7,1,temporary,1
5000,2,2,0,0,17,1,network_error,1
25600,3,5,0,30,6,0,checkout_abandoned,0
5000,3,0,0,5,7,0,insufficient_funds,0
5000,1,2,0,0,19,0,insufficient_funds,0
10894,1,2,0,0,13,1,temporary,1
5000,3,4,0,30,19,1,network_error,1
37751,2,1,3,2,8,0,card_declined,1
5000,2,1,1,2,18,1,network_error,1
11452,1,0,0,5,23,0,insufficient_funds,0
14504,1,1,0,0,0,0,card_declined,1
5000,2,1,0,1,16,0,card_declined,0
5000,3,1,0,1,22,0,card_declined,0
10315,3,0,2,0,20,0,checkout_abandoned,0
8733,3,3,1,0,9,0,card_declined,1
5000,1,1,0,1,10,0,insufficient_funds,1
5000,1,4,0,10,7,0,card_declined,0
5000,2,3,0,1,6,1,temporary,1
8914,2,2,0,0,19,0,card_declined,1
5000,1,0,0,0,1,0,checkout_abandoned,1
5000,2,2,0,0,10,0,insufficient_funds,1
5000,3,2,3,0,19,0,card_declined,0
5000,1,0,0,10,16,0,checkout_abandoned,0
5000,3,1,1,2,16,0,checkout_abandoned,0
5000,2,2,0,0,11,0,checkout_abandoned,0
5529,2,1,2,0,19,0,checkout_abandoned,0
8808,2,1,1,0,8,1,network_error,0
47553,3,3,1,0,16,1,temporary,1
5000,2,4,1,1,0,0,card_declined,1
14993,1,2,1,1,0,1,network_error,1
5000,1,3,0,0,6,1,temporary,1
5000,3,2,1,1,10,0,insufficient_funds,0
5000,1,3,4,0,7,1,temporary,0
5000,3,1,1,0,7,1,temporary,1
5000,2,1,1,30,2,1,temporary,0
5000,1,4,1,30,10,0,card_declined,1
5000,1,2,1,30,2,0,insufficient_funds,1
27890,3,2,0,0,16,0,checkout_abandoned,1
5000,1,3,0,5,18,0,insufficient_funds,1
5000,1,3,0,30,13,0,card_declined,1
12066,1,2,1,1,7,1,network_error,0
5000,2,3,0,30,15,1,network_error,1
14620,3,2,1,30,20,0,insufficient_funds,1
5000,1,2,0,0,5,1,temporary,1
5000,3,3,0,10,4,1,temporary,1
6938,3,1,0,0,11,0,insufficient_funds,1
8894,1,3,0,0,10,0,checkout_abandoned,0
10598,1,2,3,0,5,0,checkout_abandoned,0
5000,2,1,1,30,7,0,insufficient_funds,0
8338,1,3,2,10,12,0,checkout_abandoned,0
10359,1,5,1,0,22,0,insufficient_funds,0
6006,2,0,1,30,7,1,temporary,1
5000,3,4,0,0,3,1,network_error,1
5000,3,2,1,2,5,1,temporary,0
8947,2,0,1,10,14,1,network_error,0
5126,1,3,0,30,22,0,checkout_abandoned,1
5000,1,3,2,0,21,0,checkout_abandoned,1
17637,2,2,2,10,6,0,checkout_abandoned,0
5000,1,1,0,5,7,0,card_declined,1
25438,2,4,2,2,15,1,network_error,1
5000,3,4,1,10,5,1,network_error,0
6751,3,1,2,30,15,1,temporary,1
5000,1,1,2,0,21,0,checkout_abandoned,0
5000,1,1,0,1,13,0,card_declined,1
5000,1,0,0,0,17,1,temporary,1
6868,2,2,0,1,17,1,network_error,1
9664,1,5,0,1,4,0,card_declined,1
5000,3,2,1,5,14,0,insufficient_funds,1
5000,3,0,1,2,5,0,checkout_abandoned,0
5000,1,2,3,5,20,1,network_error,0
38254,2,0,0,5,17,0,insufficient_funds,1
5000,2,2,4,0,0,0,checkout_abandoned,0
20476,1,1,1,5,6,0,insufficient_funds,0
5000,3,2,0,1,1,1,network_error,1
5000,3,0,0,2,9,1,network_error,1
9183,1,4,2,0,13,1,temporary,0
5000,2,2,1,0,22,0,card_declined,0
24154,2,2,0,0,9,1,network_error,1
5301,1,1,1,0,11,0,card_declined,1
7791,1,5,0,0,5,1,temporary,1
5000,1,2,1,0,14,0,checkout_abandoned,1
9496,3,0,0,1,8,0,insufficient_funds,1
23832,2,2,2,5,17,1,network_error,1
5000,3,1,1,0,15,1,temporary,0
27714,1,2,1,0,2,1,network_error,1
5000,2,1,2,0,20,1,temporary,0
10552,2,3,1,10,7,1,temporary,0
8015,2,1,2,0,4,0,insufficient_funds,1
5000,3,2,1,30,15,1,temporary,1
6086,2,1,0,30,7,0,card_declined,0
5000,1,2,1,1,12,0,insufficient_funds,1
5000,1,5,0,5,3,0,card_declined,1
7030,2,2,0,0,19,1,temporary,1
5688,1,3,0,0,23,1,network_error,1
5000,1,4,1,5,8,1,temporary,0
5000,1,4,2,5,0,0,checkout_abandoned,1
5000,1,0,0,0,17,0,insufficient_funds,1
5000,1,1,2,1,3,0,checkout_abandoned,1
5652,2,2,0,2,11,1,temporary,0
5000,2,2,1,2,9,1,network_error,1
70039,1,1,0,0,2,1,network_error,1
5000,1,1,1,10,4,0,insufficient_funds,0
5000,2,2,1,2,20,1,temporary,1
5000,1,4,2,1,16,0,checkout_abandoned,1
37816,3,3,1,2,7,0,card_declined,0
5000,2,1,0,0,0,0,checkout_abandoned,1
7524,2,1,0,0,3,1,network_error,1
6300,1,0,2,10,12,0,checkout_abandoned,0
